materialId,materialIds,archivePath,memberChain,contentId,bytes,sha256,crc32,status
WL-REC-0029,WL-REC-0029 | WL-REC-0035,docs/history/owner-inputs/record-20261009/WORK-LAB-HISTORICAL-RECORDS-20261009.zip,originals/WORK-LAB_MASTER_ATLAS_2026-09-29.zip ! WORK-LAB_MASTER_ATLAS_2026-09-29/sources/WORK-LAB/WORK-LAB-AUTHORITY-RESET-FINAL-TASKPACK-20260918-v2.zip ! CLOUD-LANDING-INSTRUCTIONS.md,sha256:92f1c8bc2098491221a0b145baadfdca907fa969897a6850aaa44ade31cbd567,2045,92f1c8bc2098491221a0b145baadfdca907fa969897a6850aaa44ade31cbd567,919404b7,PRESERVED_IN_COMPLETE_ARCHIVE
WL-REC-0029,WL-REC-0029 | WL-REC-0035,docs/history/owner-inputs/record-20261009/WORK-LAB-HISTORICAL-RECORDS-20261009.zip,originals/WORK-LAB_MASTER_ATLAS_2026-09-29.zip ! WORK-LAB_MASTER_ATLAS_2026-09-29/sources/WORK-LAB/WORK-LAB-AUTHORITY-RESET-FINAL-TASKPACK-20260918-v2.zip ! FROZEN-LEGACY-INDEX-20260918.md,sha256:4505f723e059afc1c30f1dd5ca89b397ef0e545ef74cca310b9739386f094b24,1771,4505f723e059afc1c30f1dd5ca89b397ef0e545ef74cca310b9739386f094b24,5287688d,PRESERVED_IN_COMPLETE_ARCHIVE
WL-REC-0029,WL-REC-0029 | WL-REC-0035,docs/history/owner-inputs/record-20261009/WORK-LAB-HISTORICAL-RECORDS-20261009.zip,originals/WORK-LAB_MASTER_ATLAS_2026-09-29.zip ! WORK-LAB_MASTER_ATLAS_2026-09-29/sources/WORK-LAB/WORK-LAB-AUTHORITY-RESET-FINAL-TASKPACK-20260918-v2.zip ! OPEN-TASK-REGISTER.md,sha256:90bb5e83f5aca22d940e97d1146460fb36209a1745ff198ca521230c9e5cd208,3576,90bb5e83f5aca22d940e97d1146460fb36209a1745ff198ca521230c9e5cd208,658d3714,PRESERVED_IN_COMPLETE_ARCHIVE
WL-REC-0029,WL-REC-0029 | WL-REC-0035,docs/history/owner-inputs/record-20261009/WORK-LAB-HISTORICAL-RECORDS-20261009.zip,originals/WORK-LAB_MASTER_ATLAS_2026-09-29.zip ! WORK-LAB_MASTER_ATLAS_2026-09-29/sources/WORK-LAB/WORK-LAB-AUTHORITY-RESET-FINAL-TASKPACK-20260918-v2.zip ! SHA256SUMS.json,sha256:779099c7e9839d5907934cb59e792c469bd2e8e34f6f2b8f0e1a9e0a13e226b1,1139,779099c7e9839d5907934cb59e792c469bd2e8e34f6f2b8f0e1a9e0a13e226b1,d4fe13df,PRESERVED_IN_COMPLETE_ARCHIVE
WL-REC-0029,WL-REC-0029 | WL-REC-0035,docs/history/owner-inputs/record-20261009/WORK-LAB-HISTORICAL-RECORDS-20261009.zip,originals/WORK-LAB_MASTER_ATLAS_2026-09-29.zip ! WORK-LAB_MASTER_ATLAS_2026-09-29/sources/WORK-LAB/WORK-LAB-AUTHORITY-RESET-FINAL-TASKPACK-20260918-v2.zip ! TASKPACK_SUMMARY.md,sha256:cc2e71f4a0f8d12819d8ce86cfed9e6b779e480174fbdef2325b4fa1feb53809,483,cc2e71f4a0f8d12819d8ce86cfed9e6b779e480174fbdef2325b4fa1feb53809,e2544f93,PRESERVED_IN_COMPLETE_ARCHIVE
WL-REC-0029,WL-REC-0029 | WL-REC-0035,docs/history/owner-inputs/record-20261009/WORK-LAB-HISTORICAL-RECORDS-20261009.zip,originals/WORK-LAB_MASTER_ATLAS_2026-09-29.zip ! WORK-LAB_MASTER_ATLAS_2026-09-29/sources/WORK-LAB/WORK-LAB-AUTHORITY-RESET-FINAL-TASKPACK-20260918-v2.zip ! WORK-LAB-AUTHORITY.md,sha256:0938ff2452da5c5a5eef08673e25009d4f558ad5199a700aab8d7e2e56d6221c,10777,0938ff2452da5c5a5eef08673e25009d4f558ad5199a700aab8d7e2e56d6221c,8aabba8a,PRESERVED_IN_COMPLETE_ARCHIVE
WL-REC-0029,WL-REC-0029 | WL-REC-0035,docs/history/owner-inputs/record-20261009/WORK-LAB-HISTORICAL-RECORDS-20261009.zip,originals/WORK-LAB_MASTER_ATLAS_2026-09-29.zip ! WORK-LAB_MASTER_ATLAS_2026-09-29/sources/WORK-LAB/WORK-LAB-AUTHORITY-RESET-FINAL-TASKPACK-20260918-v2.zip ! WORK-LAB-UNIFIED-PRODUCT-CONVERGENCE-TASKPACK-20260918.md,sha256:de47786c674f72da4c133dde85ec618fb61d63d289145a39a02d6706d988a48c,9526,de47786c674f72da4c133dde85ec618fb61d63d289145a39a02d6706d988a48c,3ef84f6b,PRESERVED_IN_COMPLETE_ARCHIVE
WL-REC-0029,WL-REC-0029 | WL-REC-0035,docs/history/owner-inputs/record-20261009/WORK-LAB-HISTORICAL-RECORDS-20261009.zip,originals/WORK-LAB_MASTER_ATLAS_2026-09-29.zip ! WORK-LAB_MASTER_ATLAS_2026-09-29/sources/WORK-LAB/WORK-LAB-AUTHORITY-RESET-FINAL-TASKPACK-20260918-v2.zip ! project-authority-index.json,sha256:77172755e9fa2699e2e43e0f99ba33d959ff24e95159e81dbb33b3e7291b4812,2694,77172755e9fa2699e2e43e0f99ba33d959ff24e95159e81dbb33b3e7291b4812,2972ce92,PRESERVED_IN_COMPLETE_ARCHIVE
WL-REC-0029,WL-REC-0029 | WL-REC-0035,docs/history/owner-inputs/record-20261009/WORK-LAB-HISTORICAL-RECORDS-20261009.zip,originals/WORK-LAB_MASTER_ATLAS_2026-09-29.zip ! WORK-LAB_MASTER_ATLAS_2026-09-29/sources/WORK-LAB/WORK-LAB-AUTHORITY-RESET-FINAL-TASKPACK-20260918-v2.zip ! taskpacks-current-README.md,sha256:ca3aef34d9b353290aacf4ed5c6d197d63f9d77a1ae6e8b1a7247543a794fc38,726,ca3aef34d9b353290aacf4ed5c6d197d63f9d77a1ae6e8b1a7247543a794fc38,38a70571,PRESERVED_IN_COMPLETE_ARCHIVE
WL-REC-0030,WL-REC-0030 | WL-REC-0035,docs/history/owner-inputs/record-20261009/WORK-LAB-HISTORICAL-RECORDS-20261009.zip,originals/WORK-LAB_MASTER_ATLAS_2026-09-29.zip ! WORK-LAB_MASTER_ATLAS_2026-09-29/sources/WORK-LAB/WORK-LAB-FULL-AUDIT-AND-REPAIR-2026-09-15.zip ! PREVIOUS-BRANCH-HANDOFF-AUDIT.md,sha256:0445b74c23748a1a0839e54408dee9cbf05fbad3790e49195538df0ac4ed0912,40065,0445b74c23748a1a0839e54408dee9cbf05fbad3790e49195538df0ac4ed0912,eada8fc6,PRESERVED_IN_COMPLETE_ARCHIVE
WL-REC-0030,WL-REC-0030 | WL-REC-0035,docs/history/owner-inputs/record-20261009/WORK-LAB-HISTORICAL-RECORDS-20261009.zip,originals/WORK-LAB_MASTER_ATLAS_2026-09-29.zip ! WORK-LAB_MASTER_ATLAS_2026-09-29/sources/WORK-LAB/WORK-LAB-FULL-AUDIT-AND-REPAIR-2026-09-15.zip ! READ-ME-FIRST.md,sha256:c18332f0ec6e91551e4154f99371f1821562a5bd0b44d1982f8e110bbdc61800,16114,c18332f0ec6e91551e4154f99371f1821562a5bd0b44d1982f8e110bbdc61800,3447910d,PRESERVED_IN_COMPLETE_ARCHIVE
WL-REC-0030,WL-REC-0030 | WL-REC-0035,docs/history/owner-inputs/record-20261009/WORK-LAB-HISTORICAL-RECORDS-20261009.zip,originals/WORK-LAB_MASTER_ATLAS_2026-09-29.zip ! WORK-LAB_MASTER_ATLAS_2026-09-29/sources/WORK-LAB/WORK-LAB-FULL-AUDIT-AND-REPAIR-2026-09-15.zip ! evidence/behavior-counterexamples.json,sha256:cdc74e948b0e69919587cef6516fbd540cbaa943801ff66d1b444ecb40389a5c,1933,cdc74e948b0e69919587cef6516fbd540cbaa943801ff66d1b444ecb40389a5c,55e462c9,PRESERVED_IN_COMPLETE_ARCHIVE
WL-REC-0030,WL-REC-0030 | WL-REC-0035,docs/history/owner-inputs/record-20261009/WORK-LAB-HISTORICAL-RECORDS-20261009.zip,originals/WORK-LAB_MASTER_ATLAS_2026-09-29.zip ! WORK-LAB_MASTER_ATLAS_2026-09-29/sources/WORK-LAB/WORK-LAB-FULL-AUDIT-AND-REPAIR-2026-09-15.zip ! evidence/full-scan.json,sha256:adeeac3954cd3e1b3d2697fa405eb80106ac02442f9b980a8e327cdbb28789ba,744727,adeeac3954cd3e1b3d2697fa405eb80106ac02442f9b980a8e327cdbb28789ba,424c55f1,PRESERVED_IN_COMPLETE_ARCHIVE
WL-REC-0030,WL-REC-0030 | WL-REC-0035,docs/history/owner-inputs/record-20261009/WORK-LAB-HISTORICAL-RECORDS-20261009.zip,originals/WORK-LAB_MASTER_ATLAS_2026-09-29.zip ! WORK-LAB_MASTER_ATLAS_2026-09-29/sources/WORK-LAB/WORK-LAB-FULL-AUDIT-AND-REPAIR-2026-09-15.zip ! evidence/verification-receipt.json,sha256:75fc07332b65ec65e4ac7221325c83c2d2d6678c6aacf870220329a4b3460342,1091,75fc07332b65ec65e4ac7221325c83c2d2d6678c6aacf870220329a4b3460342,33c0049b,PRESERVED_IN_COMPLETE_ARCHIVE
WL-REC-0030,WL-REC-0030 | WL-REC-0035,docs/history/owner-inputs/record-20261009/WORK-LAB-HISTORICAL-RECORDS-20261009.zip,originals/WORK-LAB_MASTER_ATLAS_2026-09-29.zip ! WORK-LAB_MASTER_ATLAS_2026-09-29/sources/WORK-LAB/WORK-LAB-FULL-AUDIT-AND-REPAIR-2026-09-15.zip ! repair-candidate.patch,sha256:756679f603f6e7e025f40042705deff2b5c93edc484c136e642623b40fbf89f0,19846,756679f603f6e7e025f40042705deff2b5c93edc484c136e642623b40fbf89f0,ebdce491,PRESERVED_IN_COMPLETE_ARCHIVE
WL-REC-0033,WL-REC-0033 | WL-REC-0035,docs/history/owner-inputs/record-20261009/WORK-LAB-HISTORICAL-RECORDS-20261009.zip,originals/WORK-LAB_MASTER_ATLAS_2026-09-29.zip ! WORK-LAB_MASTER_ATLAS_2026-09-29/sources/WORK-LAB/WORK-LAB-INTEGRATED-TASKPACK-20260916.zip ! WORK-LAB-INTEGRATED-TASKPACK-20260916/PACKAGE-VALIDATION.md,sha256:1cd69a6ff7fe7e970ea0933a3531c2de7038d0bcf5e7873277866a59eba13ffd,740,1cd69a6ff7fe7e970ea0933a3531c2de7038d0bcf5e7873277866a59eba13ffd,df8d9edb,PRESERVED_IN_COMPLETE_ARCHIVE
WL-REC-0033,WL-REC-0033 | WL-REC-0035,docs/history/owner-inputs/record-20261009/WORK-LAB-HISTORICAL-RECORDS-20261009.zip,originals/WORK-LAB_MASTER_ATLAS_2026-09-29.zip ! WORK-LAB_MASTER_ATLAS_2026-09-29/sources/WORK-LAB/WORK-LAB-INTEGRATED-TASKPACK-20260916.zip ! WORK-LAB-INTEGRATED-TASKPACK-20260916/README.md,sha256:35a2e4f14e59b822a7a48700c097b38dff8ed66713d0086a139d1b80a63ab8d4,906,35a2e4f14e59b822a7a48700c097b38dff8ed66713d0086a139d1b80a63ab8d4,4fc3d8a7,PRESERVED_IN_COMPLETE_ARCHIVE
WL-REC-0033,WL-REC-0033 | WL-REC-0035,docs/history/owner-inputs/record-20261009/WORK-LAB-HISTORICAL-RECORDS-20261009.zip,originals/WORK-LAB_MASTER_ATLAS_2026-09-29.zip ! WORK-LAB_MASTER_ATLAS_2026-09-29/sources/WORK-LAB/WORK-LAB-INTEGRATED-TASKPACK-20260916.zip ! WORK-LAB-INTEGRATED-TASKPACK-20260916/SHA256SUMS.txt,sha256:5bda40e3006c2f15cf88fcf668be56509cf399e147e9e3b2c6ac05e4d46b3817,523,5bda40e3006c2f15cf88fcf668be56509cf399e147e9e3b2c6ac05e4d46b3817,37bc647c,PRESERVED_IN_COMPLETE_ARCHIVE
WL-REC-0033,WL-REC-0033 | WL-REC-0035,docs/history/owner-inputs/record-20261009/WORK-LAB-HISTORICAL-RECORDS-20261009.zip,originals/WORK-LAB_MASTER_ATLAS_2026-09-29.zip ! WORK-LAB_MASTER_ATLAS_2026-09-29/sources/WORK-LAB/WORK-LAB-INTEGRATED-TASKPACK-20260916.zip ! WORK-LAB-INTEGRATED-TASKPACK-20260916/SOURCE-AND-TASK-MAPPING.md,sha256:d26bd8a155414972c4c07d964540bf73488b2e00c007f9c9b54cf5d28684168a,19741,d26bd8a155414972c4c07d964540bf73488b2e00c007f9c9b54cf5d28684168a,ffc02de6,PRESERVED_IN_COMPLETE_ARCHIVE
WL-REC-0033,WL-REC-0033 | WL-REC-0035,docs/history/owner-inputs/record-20261009/WORK-LAB-HISTORICAL-RECORDS-20261009.zip,originals/WORK-LAB_MASTER_ATLAS_2026-09-29.zip ! WORK-LAB_MASTER_ATLAS_2026-09-29/sources/WORK-LAB/WORK-LAB-INTEGRATED-TASKPACK-20260916.zip ! WORK-LAB-INTEGRATED-TASKPACK-20260916/START-HERMES.md,sha256:19c58e27cb7a76655736da5f38ab8e90ed4685f7368ce133a74ffe370fa4f6e5,3268,19c58e27cb7a76655736da5f38ab8e90ed4685f7368ce133a74ffe370fa4f6e5,5e5b289a,PRESERVED_IN_COMPLETE_ARCHIVE
WL-REC-0033,WL-REC-0033 | WL-REC-0035,docs/history/owner-inputs/record-20261009/WORK-LAB-HISTORICAL-RECORDS-20261009.zip,originals/WORK-LAB_MASTER_ATLAS_2026-09-29.zip ! WORK-LAB_MASTER_ATLAS_2026-09-29/sources/WORK-LAB/WORK-LAB-INTEGRATED-TASKPACK-20260916.zip ! WORK-LAB-INTEGRATED-TASKPACK-20260916/TASKS.json,sha256:ac7f030a3965e43f18e6e04b6ec3f1cf6c93fb8533b5d53ef72a1cb227930d9f,75986,ac7f030a3965e43f18e6e04b6ec3f1cf6c93fb8533b5d53ef72a1cb227930d9f,5001b730,PRESERVED_IN_COMPLETE_ARCHIVE
WL-REC-0033,WL-REC-0033 | WL-REC-0035,docs/history/owner-inputs/record-20261009/WORK-LAB-HISTORICAL-RECORDS-20261009.zip,originals/WORK-LAB_MASTER_ATLAS_2026-09-29.zip ! WORK-LAB_MASTER_ATLAS_2026-09-29/sources/WORK-LAB/WORK-LAB-INTEGRATED-TASKPACK-20260916.zip ! WORK-LAB-INTEGRATED-TASKPACK-20260916/WORK-LAB-REVIEW-AND-TASKPACK-20260916.md,sha256:e691476d46d4d44f40396dc7b29f0ad9657f4c436c5bac326c80f1ec82692341,66515,e691476d46d4d44f40396dc7b29f0ad9657f4c436c5bac326c80f1ec82692341,fbfe46f0,PRESERVED_IN_COMPLETE_ARCHIVE
WL-REC-0034,WL-REC-0034 | WL-REC-0035,docs/history/owner-inputs/record-20261009/WORK-LAB-HISTORICAL-RECORDS-20261009.zip,originals/WORK-LAB_MASTER_ATLAS_2026-09-29.zip ! WORK-LAB_MASTER_ATLAS_2026-09-29/sources/WORK-LAB-NATIVE-FIRST-TASKPACK-2026-09-12.zip ! WORK-LAB-NATIVE-FIRST-2026-09-12/EVIDENCE-INDEX.json,sha256:45581c186c0f54bded419a1737ac38d413966e5ec234104f1d9ea9caf36b4c07,7092,45581c186c0f54bded419a1737ac38d413966e5ec234104f1d9ea9caf36b4c07,df15851d,PRESERVED_IN_COMPLETE_ARCHIVE
WL-REC-0034,WL-REC-0034 | WL-REC-0035,docs/history/owner-inputs/record-20261009/WORK-LAB-HISTORICAL-RECORDS-20261009.zip,originals/WORK-LAB_MASTER_ATLAS_2026-09-29.zip ! WORK-LAB_MASTER_ATLAS_2026-09-29/sources/WORK-LAB-NATIVE-FIRST-TASKPACK-2026-09-12.zip ! WORK-LAB-NATIVE-FIRST-2026-09-12/README.md,sha256:2f26b19fa86208f3e109af79ce3d5f83219fe3c5edfd934d3db8ad73d4f8968b,1102,2f26b19fa86208f3e109af79ce3d5f83219fe3c5edfd934d3db8ad73d4f8968b,1ef9d83e,PRESERVED_IN_COMPLETE_ARCHIVE
WL-REC-0034,WL-REC-0034 | WL-REC-0035,docs/history/owner-inputs/record-20261009/WORK-LAB-HISTORICAL-RECORDS-20261009.zip,originals/WORK-LAB_MASTER_ATLAS_2026-09-29.zip ! WORK-LAB_MASTER_ATLAS_2026-09-29/sources/WORK-LAB-NATIVE-FIRST-TASKPACK-2026-09-12.zip ! WORK-LAB-NATIVE-FIRST-2026-09-12/SHA256SUMS.json,sha256:6f7a5d8544155053e7a25f5acc9c0bb2899f9eba807d2e72af9c8a3d46181caa,566,6f7a5d8544155053e7a25f5acc9c0bb2899f9eba807d2e72af9c8a3d46181caa,ca04e881,PRESERVED_IN_COMPLETE_ARCHIVE
WL-REC-0034,WL-REC-0034 | WL-REC-0035,docs/history/owner-inputs/record-20261009/WORK-LAB-HISTORICAL-RECORDS-20261009.zip,originals/WORK-LAB_MASTER_ATLAS_2026-09-29.zip ! WORK-LAB_MASTER_ATLAS_2026-09-29/sources/WORK-LAB-NATIVE-FIRST-TASKPACK-2026-09-12.zip ! WORK-LAB-NATIVE-FIRST-2026-09-12/START-HERMES.txt,sha256:f5f021022d41eaf073201bb158cfd0d924f2987ef23c22d7f6f8cd4ab9110931,2188,f5f021022d41eaf073201bb158cfd0d924f2987ef23c22d7f6f8cd4ab9110931,e7ccb6c3,PRESERVED_IN_COMPLETE_ARCHIVE
WL-REC-0034,WL-REC-0034 | WL-REC-0035,docs/history/owner-inputs/record-20261009/WORK-LAB-HISTORICAL-RECORDS-20261009.zip,originals/WORK-LAB_MASTER_ATLAS_2026-09-29.zip ! WORK-LAB_MASTER_ATLAS_2026-09-29/sources/WORK-LAB-NATIVE-FIRST-TASKPACK-2026-09-12.zip ! WORK-LAB-NATIVE-FIRST-2026-09-12/TASKS.json,sha256:6f87915a9de8cc42ebdb60376207565d90dbc82880b6ade937135fec8da03a1f,24030,6f87915a9de8cc42ebdb60376207565d90dbc82880b6ade937135fec8da03a1f,5a49268c,PRESERVED_IN_COMPLETE_ARCHIVE
WL-REC-0034,WL-REC-0034 | WL-REC-0035,docs/history/owner-inputs/record-20261009/WORK-LAB-HISTORICAL-RECORDS-20261009.zip,originals/WORK-LAB_MASTER_ATLAS_2026-09-29.zip ! WORK-LAB_MASTER_ATLAS_2026-09-29/sources/WORK-LAB-NATIVE-FIRST-TASKPACK-2026-09-12.zip ! WORK-LAB-NATIVE-FIRST-2026-09-12/WORK-LAB-DEVELOPMENT-RESEARCH.md,sha256:321389ac4f474c89c7bbffc13b34ff30cbe735781c9b137c4561ad0ecf9852f8,26345,321389ac4f474c89c7bbffc13b34ff30cbe735781c9b137c4561ad0ecf9852f8,dcf7d50e,PRESERVED_IN_COMPLETE_ARCHIVE
WL-REC-0034,WL-REC-0034 | WL-REC-0035,docs/history/owner-inputs/record-20261009/WORK-LAB-HISTORICAL-RECORDS-20261009.zip,originals/WORK-LAB_MASTER_ATLAS_2026-09-29.zip ! WORK-LAB_MASTER_ATLAS_2026-09-29/sources/WORK-LAB-NATIVE-FIRST-TASKPACK-2026-09-12.zip ! WORK-LAB-NATIVE-FIRST-2026-09-12/WORK-LAB-NATIVE-FIRST-TASKPACK.md,sha256:634e1843880c0772fa4ae1080722732c8378713f0bc6a9d63958baf5a4c9405b,28316,634e1843880c0772fa4ae1080722732c8378713f0bc6a9d63958baf5a4c9405b,295e0a66,PRESERVED_IN_COMPLETE_ARCHIVE
WL-REC-0035,WL-REC-0035,docs/history/owner-inputs/record-20261009/WORK-LAB-HISTORICAL-RECORDS-20261009.zip,originals/WORK-LAB_MASTER_ATLAS_2026-09-29.zip ! WORK-LAB_MASTER_ATLAS_2026-09-29/ALIAS_SEARCH_COVERAGE.json,sha256:52d7859bfd02d907981dd46a814a38abb44d9e5e3151a37d6e5f7324df63964e,238669,52d7859bfd02d907981dd46a814a38abb44d9e5e3151a37d6e5f7324df63964e,e1ff91e0,PRESERVED_IN_COMPLETE_ARCHIVE
WL-REC-0035,WL-REC-0035,docs/history/owner-inputs/record-20261009/WORK-LAB-HISTORICAL-RECORDS-20261009.zip,originals/WORK-LAB_MASTER_ATLAS_2026-09-29.zip ! WORK-LAB_MASTER_ATLAS_2026-09-29/CAPABILITY_MASTER_ATLAS.json,sha256:e550722622cbc66c55bfef2a0c331d2cea80a094833bccc5e185656e81850dd5,364156,e550722622cbc66c55bfef2a0c331d2cea80a094833bccc5e185656e81850dd5,f308903f,PRESERVED_IN_COMPLETE_ARCHIVE
WL-REC-0035,WL-REC-0035,docs/history/owner-inputs/record-20261009/WORK-LAB-HISTORICAL-RECORDS-20261009.zip,originals/WORK-LAB_MASTER_ATLAS_2026-09-29.zip ! WORK-LAB_MASTER_ATLAS_2026-09-29/CLIENT_ADAPTER_REGISTRY_SNAPSHOT.json,sha256:b57ac966cd026012657f40bcba686549faa333a177b099f512c81ba7d8dbbcc1,22837,b57ac966cd026012657f40bcba686549faa333a177b099f512c81ba7d8dbbcc1,6e13ec29,PRESERVED_IN_COMPLETE_ARCHIVE
WL-REC-0035,WL-REC-0035,docs/history/owner-inputs/record-20261009/WORK-LAB-HISTORICAL-RECORDS-20261009.zip,originals/WORK-LAB_MASTER_ATLAS_2026-09-29.zip ! WORK-LAB_MASTER_ATLAS_2026-09-29/COVERAGE_SUMMARY.json,sha256:13c0ff55ee300322dfdf321f865f1dcf5d044c4b1eb18191787bc0c0841880b0,215,13c0ff55ee300322dfdf321f865f1dcf5d044c4b1eb18191787bc0c0841880b0,42440428,PRESERVED_IN_COMPLETE_ARCHIVE
WL-REC-0035,WL-REC-0035,docs/history/owner-inputs/record-20261009/WORK-LAB-HISTORICAL-RECORDS-20261009.zip,originals/WORK-LAB_MASTER_ATLAS_2026-09-29.zip ! WORK-LAB_MASTER_ATLAS_2026-09-29/CURRENT_EXTENSION_INVENTORY_SNAPSHOT.json,sha256:731857a091df7069c5335b5a4c49936d3dfca6f405b2a4679ba8be50ead5cf99,21185,731857a091df7069c5335b5a4c49936d3dfca6f405b2a4679ba8be50ead5cf99,59d0be5e,PRESERVED_IN_COMPLETE_ARCHIVE
WL-REC-0035,WL-REC-0035,docs/history/owner-inputs/record-20261009/WORK-LAB-HISTORICAL-RECORDS-20261009.zip,originals/WORK-LAB_MASTER_ATLAS_2026-09-29.zip ! WORK-LAB_MASTER_ATLAS_2026-09-29/CURRENT_GAP_MAP.json,sha256:d3fa07f437030f7fdc8b62928ac0b08d63c76e26ccf1e9a74bcdbd646824f3da,7552,d3fa07f437030f7fdc8b62928ac0b08d63c76e26ccf1e9a74bcdbd646824f3da,36a5c87d,PRESERVED_IN_COMPLETE_ARCHIVE
WL-REC-0035,WL-REC-0035,docs/history/owner-inputs/record-20261009/WORK-LAB-HISTORICAL-RECORDS-20261009.zip,originals/WORK-LAB_MASTER_ATLAS_2026-09-29.zip ! WORK-LAB_MASTER_ATLAS_2026-09-29/DECISION_SUPERSESSION_LEDGER.json,sha256:3cfd1df0e780c79b2a3313316f6388721dbb57490c52cf02e1df6035fd4013fe,4049,3cfd1df0e780c79b2a3313316f6388721dbb57490c52cf02e1df6035fd4013fe,3183738f,PRESERVED_IN_COMPLETE_ARCHIVE
WL-REC-0035,WL-REC-0035,docs/history/owner-inputs/record-20261009/WORK-LAB-HISTORICAL-RECORDS-20261009.zip,originals/WORK-LAB_MASTER_ATLAS_2026-09-29.zip ! WORK-LAB_MASTER_ATLAS_2026-09-29/DELIVERY_VALIDATION.json,sha256:07d379bcce264dc5fbbe55e70069ca3e8a6c09bb2e0359f15bc4341df6305a22,227,07d379bcce264dc5fbbe55e70069ca3e8a6c09bb2e0359f15bc4341df6305a22,f9c9a329,PRESERVED_IN_COMPLETE_ARCHIVE
WL-REC-0035,WL-REC-0035,docs/history/owner-inputs/record-20261009/WORK-LAB-HISTORICAL-RECORDS-20261009.zip,originals/WORK-LAB_MASTER_ATLAS_2026-09-29.zip ! WORK-LAB_MASTER_ATLAS_2026-09-29/IMPLEMENTATION_EVIDENCE_LEDGER.json,sha256:21b4de4b2e78120615c451dc0c4a4bde58e05e922bd3a6a0f7bbbb4a286dbda4,4001,21b4de4b2e78120615c451dc0c4a4bde58e05e922bd3a6a0f7bbbb4a286dbda4,f39099d0,PRESERVED_IN_COMPLETE_ARCHIVE
WL-REC-0035,WL-REC-0035,docs/history/owner-inputs/record-20261009/WORK-LAB-HISTORICAL-RECORDS-20261009.zip,originals/WORK-LAB_MASTER_ATLAS_2026-09-29.zip ! WORK-LAB_MASTER_ATLAS_2026-09-29/IMPLEMENTATION_EVIDENCE_LEDGER.md,sha256:948086e7322b3bf086d214c632812d8711f88533e5be768b3df7daba16c176e3,4164,948086e7322b3bf086d214c632812d8711f88533e5be768b3df7daba16c176e3,2488c513,PRESERVED_IN_COMPLETE_ARCHIVE
WL-REC-0035,WL-REC-0035,docs/history/owner-inputs/record-20261009/WORK-LAB-HISTORICAL-RECORDS-20261009.zip,originals/WORK-LAB_MASTER_ATLAS_2026-09-29.zip ! WORK-LAB_MASTER_ATLAS_2026-09-29/NEXT_TASKS.json,sha256:f9617b650db883aef8e0b827bf857d37ecd3e4c2b39974c393470a93929930a1,5457,f9617b650db883aef8e0b827bf857d37ecd3e4c2b39974c393470a93929930a1,a770fae2,PRESERVED_IN_COMPLETE_ARCHIVE
WL-REC-0035,WL-REC-0035,docs/history/owner-inputs/record-20261009/WORK-LAB-HISTORICAL-RECORDS-20261009.zip,originals/WORK-LAB_MASTER_ATLAS_2026-09-29.zip ! WORK-LAB_MASTER_ATLAS_2026-09-29/OSS_DISCOVERY_INDEX.json,sha256:b39ad8d031205f5fa5f1a92c42362eb28d3733edaa41dcbf76ea3f2a48ec4622,607543,b39ad8d031205f5fa5f1a92c42362eb28d3733edaa41dcbf76ea3f2a48ec4622,374ce045,PRESERVED_IN_COMPLETE_ARCHIVE
WL-REC-0035,WL-REC-0035,docs/history/owner-inputs/record-20261009/WORK-LAB-HISTORICAL-RECORDS-20261009.zip,originals/WORK-LAB_MASTER_ATLAS_2026-09-29.zip ! WORK-LAB_MASTER_ATLAS_2026-09-29/README.md,sha256:82dfcd9a8bc2b1e222fcde62763dda2c3af705a48688f74883351d5bfe312e24,1636,82dfcd9a8bc2b1e222fcde62763dda2c3af705a48688f74883351d5bfe312e24,223c96fe,PRESERVED_IN_COMPLETE_ARCHIVE
WL-REC-0035,WL-REC-0035,docs/history/owner-inputs/record-20261009/WORK-LAB-HISTORICAL-RECORDS-20261009.zip,originals/WORK-LAB_MASTER_ATLAS_2026-09-29.zip ! WORK-LAB_MASTER_ATLAS_2026-09-29/REPRODUCTION_NOTES.md,sha256:dad7a7c0213be163eb13f037558b2e06769c70d68a1479f960fb235fc369cde7,824,dad7a7c0213be163eb13f037558b2e06769c70d68a1479f960fb235fc369cde7,63e7004a,PRESERVED_IN_COMPLETE_ARCHIVE
WL-REC-0035,WL-REC-0035,docs/history/owner-inputs/record-20261009/WORK-LAB-HISTORICAL-RECORDS-20261009.zip,originals/WORK-LAB_MASTER_ATLAS_2026-09-29.zip ! WORK-LAB_MASTER_ATLAS_2026-09-29/SHA256SUMS,sha256:2af2a55e9f0fcbeb2b788a7eb031ab051163e39c6dc140df9e4959062532cdf3,110437,2af2a55e9f0fcbeb2b788a7eb031ab051163e39c6dc140df9e4959062532cdf3,516d0558,PRESERVED_IN_COMPLETE_ARCHIVE
WL-REC-0035,WL-REC-0035,docs/history/owner-inputs/record-20261009/WORK-LAB-HISTORICAL-RECORDS-20261009.zip,originals/WORK-LAB_MASTER_ATLAS_2026-09-29.zip ! WORK-LAB_MASTER_ATLAS_2026-09-29/WORK-LAB_CAPABILITY_MASTER_ATLAS.md,sha256:16ae4814c122e1a74f91ca6f5b59825bd01f23e03139b29ca9a47efac2ac48fe,10864,16ae4814c122e1a74f91ca6f5b59825bd01f23e03139b29ca9a47efac2ac48fe,69073eae,PRESERVED_IN_COMPLETE_ARCHIVE
WL-REC-0035,WL-REC-0035,docs/history/owner-inputs/record-20261009/WORK-LAB-HISTORICAL-RECORDS-20261009.zip,originals/WORK-LAB_MASTER_ATLAS_2026-09-29.zip ! WORK-LAB_MASTER_ATLAS_2026-09-29/WORK-LAB_CLIENT_ADAPTER_PROVIDER_MATRIX.md,sha256:a4580e622be2fa003137e5e33eabb11af0891d2b21a88b83da770c2cbe2f5792,5356,a4580e622be2fa003137e5e33eabb11af0891d2b21a88b83da770c2cbe2f5792,e69b3d72,PRESERVED_IN_COMPLETE_ARCHIVE
WL-REC-0035,WL-REC-0035,docs/history/owner-inputs/record-20261009/WORK-LAB-HISTORICAL-RECORDS-20261009.zip,originals/WORK-LAB_MASTER_ATLAS_2026-09-29.zip ! WORK-LAB_MASTER_ATLAS_2026-09-29/WORK-LAB_CURRENT_GAP_MAP.md,sha256:4042b0a1e702aba3ea6066cff64c7780fdeeaa3c3a650ae2f249d181da843a26,6614,4042b0a1e702aba3ea6066cff64c7780fdeeaa3c3a650ae2f249d181da843a26,e68b6d3a,PRESERVED_IN_COMPLETE_ARCHIVE
WL-REC-0035,WL-REC-0035,docs/history/owner-inputs/record-20261009/WORK-LAB-HISTORICAL-RECORDS-20261009.zip,originals/WORK-LAB_MASTER_ATLAS_2026-09-29.zip ! WORK-LAB_MASTER_ATLAS_2026-09-29/WORK-LAB_DECISION_TIMELINE.md,sha256:e7756da8e96a3a21cce3d2db60af357e3bba72e45fecc4c5330986a7ff31ebf0,10192,e7756da8e96a3a21cce3d2db60af357e3bba72e45fecc4c5330986a7ff31ebf0,6937bfbe,PRESERVED_IN_COMPLETE_ARCHIVE
WL-REC-0035,WL-REC-0035,docs/history/owner-inputs/record-20261009/WORK-LAB-HISTORICAL-RECORDS-20261009.zip,originals/WORK-LAB_MASTER_ATLAS_2026-09-29.zip ! WORK-LAB_MASTER_ATLAS_2026-09-29/WORK-LAB_HISTORY_TO_CURRENT_MAPPING.md,sha256:6f83d2bb16eda3110ebd2c285dccac8cc604b11e62aa642a295a9ec7b6c69b36,3641,6f83d2bb16eda3110ebd2c285dccac8cc604b11e62aa642a295a9ec7b6c69b36,5d36aad3,PRESERVED_IN_COMPLETE_ARCHIVE
WL-REC-0035,WL-REC-0035,docs/history/owner-inputs/record-20261009/WORK-LAB-HISTORICAL-RECORDS-20261009.zip,originals/WORK-LAB_MASTER_ATLAS_2026-09-29.zip ! WORK-LAB_MASTER_ATLAS_2026-09-29/WORK-LAB_MASTER_ATLAS_2026-09-29.html,sha256:67a9af07b33a9e859c92305c9bec277a34e27012fccb9a96e5b3e1d97f87eeb6,299536,67a9af07b33a9e859c92305c9bec277a34e27012fccb9a96e5b3e1d97f87eeb6,6e529a9b,PRESERVED_IN_COMPLETE_ARCHIVE
WL-REC-0035,WL-REC-0035,docs/history/owner-inputs/record-20261009/WORK-LAB-HISTORICAL-RECORDS-20261009.zip,originals/WORK-LAB_MASTER_ATLAS_2026-09-29.zip ! WORK-LAB_MASTER_ATLAS_2026-09-29/WORK-LAB_MASTER_HISTORY_AND_CURRENT_REPORT_2026-09-29.md,sha256:44ca3600ec0205c840ad08d11c1c38d8cb85c241f44ca0dfa660f6db6e42988f,8480,44ca3600ec0205c840ad08d11c1c38d8cb85c241f44ca0dfa660f6db6e42988f,28a450d6,PRESERVED_IN_COMPLETE_ARCHIVE
WL-REC-0035,WL-REC-0035,docs/history/owner-inputs/record-20261009/WORK-LAB-HISTORICAL-RECORDS-20261009.zip,originals/WORK-LAB_MASTER_ATLAS_2026-09-29.zip ! WORK-LAB_MASTER_ATLAS_2026-09-29/WORK-LAB_MASTER_SOURCE_REGISTRY.json,sha256:4281e48188908ecf775d7bcd297fd40db4d2fbd45ef928a5992012abf0e06943,439365,4281e48188908ecf775d7bcd297fd40db4d2fbd45ef928a5992012abf0e06943,65bf1ebe,PRESERVED_IN_COMPLETE_ARCHIVE
WL-REC-0035,WL-REC-0035,docs/history/owner-inputs/record-20261009/WORK-LAB-HISTORICAL-RECORDS-20261009.zip,originals/WORK-LAB_MASTER_ATLAS_2026-09-29.zip ! WORK-LAB_MASTER_ATLAS_2026-09-29/WORK-LAB_MASTER_SOURCE_REGISTRY.md,sha256:70ce5cf09c09f79545027736546125562a9d4b2ce850f5f77673c026941f36ed,156688,70ce5cf09c09f79545027736546125562a9d4b2ce850f5f77673c026941f36ed,3a4aa1e3,PRESERVED_IN_COMPLETE_ARCHIVE
WL-REC-0035,WL-REC-0035,docs/history/owner-inputs/record-20261009/WORK-LAB-HISTORICAL-RECORDS-20261009.zip,originals/WORK-LAB_MASTER_ATLAS_2026-09-29.zip ! WORK-LAB_MASTER_ATLAS_2026-09-29/WORK-LAB_MODEL_RUNTIME_AND_PROVIDER_ATLAS.md,sha256:fffea52193c7d242c6c6e524bbdb18a4fc5279e21172d438380456219fb8f52e,8735,fffea52193c7d242c6c6e524bbdb18a4fc5279e21172d438380456219fb8f52e,8b213c6a,PRESERVED_IN_COMPLETE_ARCHIVE
WL-REC-0035,WL-REC-0035,docs/history/owner-inputs/record-20261009/WORK-LAB-HISTORICAL-RECORDS-20261009.zip,originals/WORK-LAB_MASTER_ATLAS_2026-09-29.zip ! WORK-LAB_MASTER_ATLAS_2026-09-29/WORK-LAB_NEW_SESSION_EXECUTION_PROMPTS.md,sha256:16c42de8f5540454eabdf6618259c05f2040fa8a82d3ce1cbb8f762920e556f3,670,16c42de8f5540454eabdf6618259c05f2040fa8a82d3ce1cbb8f762920e556f3,56b0531f,PRESERVED_IN_COMPLETE_ARCHIVE
WL-REC-0035,WL-REC-0035,docs/history/owner-inputs/record-20261009/WORK-LAB-HISTORICAL-RECORDS-20261009.zip,originals/WORK-LAB_MASTER_ATLAS_2026-09-29.zip ! WORK-LAB_MASTER_ATLAS_2026-09-29/WORK-LAB_NEW_SESSION_PROMPT_CODEX.md,sha256:7395ed08dd73daba73bc4825c627e2eddea67a39266a1fd4bc16ebe10dc4d374,2831,7395ed08dd73daba73bc4825c627e2eddea67a39266a1fd4bc16ebe10dc4d374,c975624f,PRESERVED_IN_COMPLETE_ARCHIVE
WL-REC-0035,WL-REC-0035,docs/history/owner-inputs/record-20261009/WORK-LAB-HISTORICAL-RECORDS-20261009.zip,originals/WORK-LAB_MASTER_ATLAS_2026-09-29.zip ! WORK-LAB_MASTER_ATLAS_2026-09-29/WORK-LAB_NEW_SESSION_PROMPT_DSH.md,sha256:165f8d9782205b3e320534383d20fd3f38ffff8ccc25ad478b1c3386e26dd0b9,2848,165f8d9782205b3e320534383d20fd3f38ffff8ccc25ad478b1c3386e26dd0b9,07757a14,PRESERVED_IN_COMPLETE_ARCHIVE
WL-REC-0035,WL-REC-0035,docs/history/owner-inputs/record-20261009/WORK-LAB-HISTORICAL-RECORDS-20261009.zip,originals/WORK-LAB_MASTER_ATLAS_2026-09-29.zip ! WORK-LAB_MASTER_ATLAS_2026-09-29/WORK-LAB_NEW_SESSION_PROMPT_HERMES.md,sha256:b40c0977a345540c868e2eecef982922d07f74f028cee81bbeaa63b410ec3694,2869,b40c0977a345540c868e2eecef982922d07f74f028cee81bbeaa63b410ec3694,ae8614d0,PRESERVED_IN_COMPLETE_ARCHIVE
WL-REC-0035,WL-REC-0035,docs/history/owner-inputs/record-20261009/WORK-LAB-HISTORICAL-RECORDS-20261009.zip,originals/WORK-LAB_MASTER_ATLAS_2026-09-29.zip ! WORK-LAB_MASTER_ATLAS_2026-09-29/WORK-LAB_NEXT_EXECUTION_TASKPACK.md,sha256:53a03da67b945d4523ffe50081a2bb987148c33242840b56a2682664e7583bf4,6756,53a03da67b945d4523ffe50081a2bb987148c33242840b56a2682664e7583bf4,e67487f0,PRESERVED_IN_COMPLETE_ARCHIVE
WL-REC-0035,WL-REC-0035,docs/history/owner-inputs/record-20261009/WORK-LAB-HISTORICAL-RECORDS-20261009.zip,originals/WORK-LAB_MASTER_ATLAS_2026-09-29.zip ! WORK-LAB_MASTER_ATLAS_2026-09-29/WORK-LAB_OSS_AND_REFERENCE_POOL.md,sha256:7ea9075a478ad0946f74b4d25257b20719a551e1fb2a3d8e33e302aedeac62af,15889,7ea9075a478ad0946f74b4d25257b20719a551e1fb2a3d8e33e302aedeac62af,08be272c,PRESERVED_IN_COMPLETE_ARCHIVE
WL-REC-0035,WL-REC-0035,docs/history/owner-inputs/record-20261009/WORK-LAB-HISTORICAL-RECORDS-20261009.zip,originals/WORK-LAB_MASTER_ATLAS_2026-09-29.zip ! WORK-LAB_MASTER_ATLAS_2026-09-29/WORK-LAB_SUPER_ENTRY_ARCHITECTURE_RECONCILIATION.md,sha256:c2f958f855e10854731d61c1dfd4c0a1d57b526394c9addca93687bdd800c773,5994,c2f958f855e10854731d61c1dfd4c0a1d57b526394c9addca93687bdd800c773,385c0e22,PRESERVED_IN_COMPLETE_ARCHIVE
WL-REC-0035,WL-REC-0035,docs/history/owner-inputs/record-20261009/WORK-LAB-HISTORICAL-RECORDS-20261009.zip,originals/WORK-LAB_MASTER_ATLAS_2026-09-29.zip ! WORK-LAB_MASTER_ATLAS_2026-09-29/evidence/ext0.json,sha256:4151752a6e220ac9ee42f0bc00d34416f63c998a5aff0356612a55ebcb743e17,3073,4151752a6e220ac9ee42f0bc00d34416f63c998a5aff0356612a55ebcb743e17,5f9cb334,PRESERVED_IN_COMPLETE_ARCHIVE
WL-REC-0035,WL-REC-0035,docs/history/owner-inputs/record-20261009/WORK-LAB-HISTORICAL-RECORDS-20261009.zip,originals/WORK-LAB_MASTER_ATLAS_2026-09-29.zip ! WORK-LAB_MASTER_ATLAS_2026-09-29/evidence/ext1.json,sha256:f46f0fe8fc5c1ad1c7bf6fb3b2e26d3f189394c465049256661644418788d892,154858,f46f0fe8fc5c1ad1c7bf6fb3b2e26d3f189394c465049256661644418788d892,379e5f14,PRESERVED_IN_COMPLETE_ARCHIVE
WL-REC-0035,WL-REC-0035,docs/history/owner-inputs/record-20261009/WORK-LAB-HISTORICAL-RECORDS-20261009.zip,originals/WORK-LAB_MASTER_ATLAS_2026-09-29.zip ! WORK-LAB_MASTER_ATLAS_2026-09-29/evidence/ext2.json,sha256:fff5bd1cc8c86d9c0f7ab5a96a6a79b97889bac4008c06624c4a5627080e27ce,1464,fff5bd1cc8c86d9c0f7ab5a96a6a79b97889bac4008c06624c4a5627080e27ce,ede161b2,PRESERVED_IN_COMPLETE_ARCHIVE
WL-REC-0035,WL-REC-0035,docs/history/owner-inputs/record-20261009/WORK-LAB-HISTORICAL-RECORDS-20261009.zip,originals/WORK-LAB_MASTER_ATLAS_2026-09-29.zip ! WORK-LAB_MASTER_ATLAS_2026-09-29/evidence/ext3.json,sha256:cbd4d7d2693344f63b87a176c04a4d3e9b5954fcf8bb6ce699b1cb64702a7932,935,cbd4d7d2693344f63b87a176c04a4d3e9b5954fcf8bb6ce699b1cb64702a7932,b9a790f1,PRESERVED_IN_COMPLETE_ARCHIVE
WL-REC-0035,WL-REC-0035,docs/history/owner-inputs/record-20261009/WORK-LAB-HISTORICAL-RECORDS-20261009.zip,originals/WORK-LAB_MASTER_ATLAS_2026-09-29.zip ! WORK-LAB_MASTER_ATLAS_2026-09-29/evidence/github-1.json,sha256:37517e5f3dc66819f61f5a7bb8ace1921282415f10551d2defa5c3eb0985b570,3,37517e5f3dc66819f61f5a7bb8ace1921282415f10551d2defa5c3eb0985b570,7068d244,PRESERVED_IN_COMPLETE_ARCHIVE
WL-REC-0035,WL-REC-0035,docs/history/owner-inputs/record-20261009/WORK-LAB-HISTORICAL-RECORDS-20261009.zip,originals/WORK-LAB_MASTER_ATLAS_2026-09-29.zip ! WORK-LAB_MASTER_ATLAS_2026-09-29/evidence/github-2.json,sha256:a8a7987197366f300652eb306b803f9d4a445928a28b1569febc57287ee39e16,29329,a8a7987197366f300652eb306b803f9d4a445928a28b1569febc57287ee39e16,fe5617de,PRESERVED_IN_COMPLETE_ARCHIVE
WL-REC-0035,WL-REC-0035,docs/history/owner-inputs/record-20261009/WORK-LAB-HISTORICAL-RECORDS-20261009.zip,originals/WORK-LAB_MASTER_ATLAS_2026-09-29.zip ! WORK-LAB_MASTER_ATLAS_2026-09-29/evidence/github-3.json,sha256:047bcdd229abfcfd8bdad950477581e422c71fc4b2374332239fe431c0725652,36654,047bcdd229abfcfd8bdad950477581e422c71fc4b2374332239fe431c0725652,913d416f,PRESERVED_IN_COMPLETE_ARCHIVE
WL-REC-0035,WL-REC-0035,docs/history/owner-inputs/record-20261009/WORK-LAB-HISTORICAL-RECORDS-20261009.zip,originals/WORK-LAB_MASTER_ATLAS_2026-09-29.zip ! WORK-LAB_MASTER_ATLAS_2026-09-29/evidence/history-pinned-read-failure.json,sha256:67f72e0617a1517b73933cceee5238335df853c3d4bffd4472faa55be9ae752b,2508,67f72e0617a1517b73933cceee5238335df853c3d4bffd4472faa55be9ae752b,ba5a2ecf,PRESERVED_IN_COMPLETE_ARCHIVE
WL-REC-0035,WL-REC-0035,docs/history/owner-inputs/record-20261009/WORK-LAB-HISTORICAL-RECORDS-20261009.zip,originals/WORK-LAB_MASTER_ATLAS_2026-09-29.zip ! WORK-LAB_MASTER_ATLAS_2026-09-29/evidence/live-ref-final.json,sha256:09be74d459a41577378a5c0df477bbdb8473d1c8dd8d2a5c82d6b16e75fda040,1171,09be74d459a41577378a5c0df477bbdb8473d1c8dd8d2a5c82d6b16e75fda040,d5439ff3,PRESERVED_IN_COMPLETE_ARCHIVE
WL-REC-0035,WL-REC-0035,docs/history/owner-inputs/record-20261009/WORK-LAB-HISTORICAL-RECORDS-20261009.zip,originals/WORK-LAB_MASTER_ATLAS_2026-09-29.zip ! WORK-LAB_MASTER_ATLAS_2026-09-29/evidence/live-tree.json,sha256:fc1a6a1db226d047d1d3ccbf5c75b80275b166d4e0fcf0fe651136bba21e78ad,429950,fc1a6a1db226d047d1d3ccbf5c75b80275b166d4e0fcf0fe651136bba21e78ad,ec559fc4,PRESERVED_IN_COMPLETE_ARCHIVE
WL-REC-0035,WL-REC-0035,docs/history/owner-inputs/record-20261009/WORK-LAB-HISTORICAL-RECORDS-20261009.zip,originals/WORK-LAB_MASTER_ATLAS_2026-09-29.zip ! WORK-LAB_MASTER_ATLAS_2026-09-29/evidence/liveCommit.json,sha256:c88557fb64f19bd66f907273307876e997b7975848b5a30c3aa6af4c6aaede78,14135,c88557fb64f19bd66f907273307876e997b7975848b5a30c3aa6af4c6aaede78,380fb160,PRESERVED_IN_COMPLETE_ARCHIVE
WL-REC-0035,WL-REC-0035,docs/history/owner-inputs/record-20261009/WORK-LAB-HISTORICAL-RECORDS-20261009.zip,originals/WORK-LAB_MASTER_ATLAS_2026-09-29.zip ! WORK-LAB_MASTER_ATLAS_2026-09-29/evidence/liveRef.json,sha256:09be74d459a41577378a5c0df477bbdb8473d1c8dd8d2a5c82d6b16e75fda040,1171,09be74d459a41577378a5c0df477bbdb8473d1c8dd8d2a5c82d6b16e75fda040,d5439ff3,PRESERVED_IN_COMPLETE_ARCHIVE
WL-REC-0035,WL-REC-0035,docs/history/owner-inputs/record-20261009/WORK-LAB-HISTORICAL-RECORDS-20261009.zip,originals/WORK-LAB_MASTER_ATLAS_2026-09-29.zip ! WORK-LAB_MASTER_ATLAS_2026-09-29/evidence/pure-resolver-reproduction.json,sha256:32cdd0b5cca850c0620a52ccd49cbc7f9e54125bc290d398edf99f817ba7668d,1165,32cdd0b5cca850c0620a52ccd49cbc7f9e54125bc290d398edf99f817ba7668d,a24ef09d,PRESERVED_IN_COMPLETE_ARCHIVE
WL-REC-0035,WL-REC-0035,docs/history/owner-inputs/record-20261009/WORK-LAB-HISTORICAL-RECORDS-20261009.zip,originals/WORK-LAB_MASTER_ATLAS_2026-09-29.zip ! WORK-LAB_MASTER_ATLAS_2026-09-29/evidence/ruleset.json,sha256:fd82a5f6bf28610c6b2deacbf27f045a5027e8df13ad4c243f76c5ea88e16882,2146,fd82a5f6bf28610c6b2deacbf27f045a5027e8df13ad4c243f76c5ea88e16882,f9bfd05e,PRESERVED_IN_COMPLETE_ARCHIVE
WL-REC-0035,WL-REC-0035,docs/history/owner-inputs/record-20261009/WORK-LAB-HISTORICAL-RECORDS-20261009.zip,originals/WORK-LAB_MASTER_ATLAS_2026-09-29.zip ! WORK-LAB_MASTER_ATLAS_2026-09-29/evidence/verifyExtra0.json,sha256:7660068d9418511c4915621c3df29e7c63165ebddc3d7345e837f1b1abcfee68,15080,7660068d9418511c4915621c3df29e7c63165ebddc3d7345e837f1b1abcfee68,1cb4ec79,PRESERVED_IN_COMPLETE_ARCHIVE
WL-REC-0035,WL-REC-0035,docs/history/owner-inputs/record-20261009/WORK-LAB-HISTORICAL-RECORDS-20261009.zip,originals/WORK-LAB_MASTER_ATLAS_2026-09-29.zip ! WORK-LAB_MASTER_ATLAS_2026-09-29/evidence/verifyExtra2.json,sha256:5e1d0721f7cfa0fa34d3544539e95513fffe40431ea4249e2a4a85833866ef81,65071,5e1d0721f7cfa0fa34d3544539e95513fffe40431ea4249e2a4a85833866ef81,ec1bee9a,PRESERVED_IN_COMPLETE_ARCHIVE
WL-REC-0035,WL-REC-0035,docs/history/owner-inputs/record-20261009/WORK-LAB-HISTORICAL-RECORDS-20261009.zip,originals/WORK-LAB_MASTER_ATLAS_2026-09-29.zip ! WORK-LAB_MASTER_ATLAS_2026-09-29/expanded/ArcheAxis_WORK-LAB_DESIGN-LAB_研究生态汇总包_2026-09-15/ArcheAxis_WORK-LAB_DESIGN-LAB_研究生态汇总包_2026-09-15/00_先读说明.md,sha256:734f45ec7a8558825ee66210c47b89bb7541c8032605bc77ba5604860275203d,3542,734f45ec7a8558825ee66210c47b89bb7541c8032605bc77ba5604860275203d,13541add,PRESERVED_IN_COMPLETE_ARCHIVE
WL-REC-0035,WL-REC-0035,docs/history/owner-inputs/record-20261009/WORK-LAB-HISTORICAL-RECORDS-20261009.zip,originals/WORK-LAB_MASTER_ATLAS_2026-09-29.zip ! WORK-LAB_MASTER_ATLAS_2026-09-29/expanded/ArcheAxis_WORK-LAB_DESIGN-LAB_研究生态汇总包_2026-09-15/ArcheAxis_WORK-LAB_DESIGN-LAB_研究生态汇总包_2026-09-15/01_证据与候选/事实复核与更正.md,sha256:3f028011f202c8743702d2b2dd49d6cf984886c57299f80f82860bb53e3e88e4,4062,3f028011f202c8743702d2b2dd49d6cf984886c57299f80f82860bb53e3e88e4,4ffcc4bd,PRESERVED_IN_COMPLETE_ARCHIVE
WL-REC-0035,WL-REC-0035,docs/history/owner-inputs/record-20261009/WORK-LAB-HISTORICAL-RECORDS-20261009.zip,originals/WORK-LAB_MASTER_ATLAS_2026-09-29.zip ! WORK-LAB_MASTER_ATLAS_2026-09-29/expanded/ArcheAxis_WORK-LAB_DESIGN-LAB_研究生态汇总包_2026-09-15/ArcheAxis_WORK-LAB_DESIGN-LAB_研究生态汇总包_2026-09-15/01_证据与候选/候选台账.json,sha256:7c0ef6883594aa429316180dcd234ce7f11c692bf612b53c0ee2eb120c950010,16956,7c0ef6883594aa429316180dcd234ce7f11c692bf612b53c0ee2eb120c950010,eb8b7c06,PRESERVED_IN_COMPLETE_ARCHIVE
WL-REC-0035,WL-REC-0035,docs/history/owner-inputs/record-20261009/WORK-LAB-HISTORICAL-RECORDS-20261009.zip,originals/WORK-LAB_MASTER_ATLAS_2026-09-29.zip ! WORK-LAB_MASTER_ATLAS_2026-09-29/expanded/ArcheAxis_WORK-LAB_DESIGN-LAB_研究生态汇总包_2026-09-15/ArcheAxis_WORK-LAB_DESIGN-LAB_研究生态汇总包_2026-09-15/01_证据与候选/候选总表.md,sha256:4367cd83aad9a4d60f272419a970367379577e23ff58dff1f6086cbb919605c8,10719,4367cd83aad9a4d60f272419a970367379577e23ff58dff1f6086cbb919605c8,62c87077,PRESERVED_IN_COMPLETE_ARCHIVE
WL-REC-0035,WL-REC-0035,docs/history/owner-inputs/record-20261009/WORK-LAB-HISTORICAL-RECORDS-20261009.zip,originals/WORK-LAB_MASTER_ATLAS_2026-09-29.zip ! WORK-LAB_MASTER_ATLAS_2026-09-29/expanded/ArcheAxis_WORK-LAB_DESIGN-LAB_研究生态汇总包_2026-09-15/ArcheAxis_WORK-LAB_DESIGN-LAB_研究生态汇总包_2026-09-15/01_证据与候选/更正台账.json,sha256:a627da160c76b66de7ffcc977ab2fae75fde716a5d71942f55ed6e4b803c892b,5652,a627da160c76b66de7ffcc977ab2fae75fde716a5d71942f55ed6e4b803c892b,261b4562,PRESERVED_IN_COMPLETE_ARCHIVE
WL-REC-0035,WL-REC-0035,docs/history/owner-inputs/record-20261009/WORK-LAB-HISTORICAL-RECORDS-20261009.zip,originals/WORK-LAB_MASTER_ATLAS_2026-09-29.zip ! WORK-LAB_MASTER_ATLAS_2026-09-29/expanded/ArcheAxis_WORK-LAB_DESIGN-LAB_研究生态汇总包_2026-09-15/ArcheAxis_WORK-LAB_DESIGN-LAB_研究生态汇总包_2026-09-15/01_证据与候选/来源索引.json,sha256:dd567553f99595fbef2033bbbcb3a0975e59652319f66233ae6ed1fa69483c14,18081,dd567553f99595fbef2033bbbcb3a0975e59652319f66233ae6ed1fa69483c14,2aa7d0e0,PRESERVED_IN_COMPLETE_ARCHIVE
WL-REC-0035,WL-REC-0035,docs/history/owner-inputs/record-20261009/WORK-LAB-HISTORICAL-RECORDS-20261009.zip,originals/WORK-LAB_MASTER_ATLAS_2026-09-29.zip ! WORK-LAB_MASTER_ATLAS_2026-09-29/expanded/ArcheAxis_WORK-LAB_DESIGN-LAB_研究生态汇总包_2026-09-15/ArcheAxis_WORK-LAB_DESIGN-LAB_研究生态汇总包_2026-09-15/01_证据与候选/来源索引.md,sha256:ae22a09ff49572c717adb066183273ca922a2ea06e045dd0bae6840d358144e9,13209,ae22a09ff49572c717adb066183273ca922a2ea06e045dd0bae6840d358144e9,b7a6ccef,PRESERVED_IN_COMPLETE_ARCHIVE
WL-REC-0035,WL-REC-0035,docs/history/owner-inputs/record-20261009/WORK-LAB-HISTORICAL-RECORDS-20261009.zip,originals/WORK-LAB_MASTER_ATLAS_2026-09-29.zip ! WORK-LAB_MASTER_ATLAS_2026-09-29/expanded/ArcheAxis_WORK-LAB_DESIGN-LAB_研究生态汇总包_2026-09-15/ArcheAxis_WORK-LAB_DESIGN-LAB_研究生态汇总包_2026-09-15/01_证据与候选/标准协议基线.json,sha256:1111c4f20fb669cd0193f9f3c04446f7c3ca2d94c7ae7d49308d5e736d59a252,3835,1111c4f20fb669cd0193f9f3c04446f7c3ca2d94c7ae7d49308d5e736d59a252,00af578d,PRESERVED_IN_COMPLETE_ARCHIVE
WL-REC-0035,WL-REC-0035,docs/history/owner-inputs/record-20261009/WORK-LAB-HISTORICAL-RECORDS-20261009.zip,originals/WORK-LAB_MASTER_ATLAS_2026-09-29.zip ! WORK-LAB_MASTER_ATLAS_2026-09-29/expanded/ArcheAxis_WORK-LAB_DESIGN-LAB_研究生态汇总包_2026-09-15/ArcheAxis_WORK-LAB_DESIGN-LAB_研究生态汇总包_2026-09-15/01_证据与候选/标准协议基线.md,sha256:bf779c0e845621c6f641097ef34c6ab7bb050cde69d94c3e049ba0db62817566,4532,bf779c0e845621c6f641097ef34c6ab7bb050cde69d94c3e049ba0db62817566,9d4ba953,PRESERVED_IN_COMPLETE_ARCHIVE
WL-REC-0035,WL-REC-0035,docs/history/owner-inputs/record-20261009/WORK-LAB-HISTORICAL-RECORDS-20261009.zip,originals/WORK-LAB_MASTER_ATLAS_2026-09-29.zip ! WORK-LAB_MASTER_ATLAS_2026-09-29/expanded/ArcheAxis_WORK-LAB_DESIGN-LAB_研究生态汇总包_2026-09-15/ArcheAxis_WORK-LAB_DESIGN-LAB_研究生态汇总包_2026-09-15/01_证据与候选/趋势信号.md,sha256:5d94b14789bb421414f4907aaa0ed1e27727c1056b9f73d3044bff750c517554,2585,5d94b14789bb421414f4907aaa0ed1e27727c1056b9f73d3044bff750c517554,2c787333,PRESERVED_IN_COMPLETE_ARCHIVE
WL-REC-0035,WL-REC-0035,docs/history/owner-inputs/record-20261009/WORK-LAB-HISTORICAL-RECORDS-20261009.zip,originals/WORK-LAB_MASTER_ATLAS_2026-09-29.zip ! WORK-LAB_MASTER_ATLAS_2026-09-29/expanded/ArcheAxis_WORK-LAB_DESIGN-LAB_研究生态汇总包_2026-09-15/ArcheAxis_WORK-LAB_DESIGN-LAB_研究生态汇总包_2026-09-15/01_证据与候选/趋势台账.json,sha256:7802327d1fb2d0323d7b9ac089cf0a27565282da28b6fbddc7bc71765ca97b37,2739,7802327d1fb2d0323d7b9ac089cf0a27565282da28b6fbddc7bc71765ca97b37,b85504e3,PRESERVED_IN_COMPLETE_ARCHIVE
WL-REC-0035,WL-REC-0035,docs/history/owner-inputs/record-20261009/WORK-LAB-HISTORICAL-RECORDS-20261009.zip,originals/WORK-LAB_MASTER_ATLAS_2026-09-29.zip ! WORK-LAB_MASTER_ATLAS_2026-09-29/expanded/ArcheAxis_WORK-LAB_DESIGN-LAB_研究生态汇总包_2026-09-15/ArcheAxis_WORK-LAB_DESIGN-LAB_研究生态汇总包_2026-09-15/02_项目任务包/ArcheAxis/TASKS.json,sha256:f8abb199028a64b2ceb6e6834412c59c35da9ecf9ec75e64184253a893d6054a,13421,f8abb199028a64b2ceb6e6834412c59c35da9ecf9ec75e64184253a893d6054a,3b3acb8f,PRESERVED_IN_COMPLETE_ARCHIVE
WL-REC-0035,WL-REC-0035,docs/history/owner-inputs/record-20261009/WORK-LAB-HISTORICAL-RECORDS-20261009.zip,originals/WORK-LAB_MASTER_ATLAS_2026-09-29.zip ! WORK-LAB_MASTER_ATLAS_2026-09-29/expanded/ArcheAxis_WORK-LAB_DESIGN-LAB_研究生态汇总包_2026-09-15/ArcheAxis_WORK-LAB_DESIGN-LAB_研究生态汇总包_2026-09-15/02_项目任务包/ArcheAxis/TaskPack.md,sha256:e3efd51ce76d02c63666f90d3a8d1e7294be268ef5de6d51477b60d50f8a0c40,10169,e3efd51ce76d02c63666f90d3a8d1e7294be268ef5de6d51477b60d50f8a0c40,d8b3a6c1,PRESERVED_IN_COMPLETE_ARCHIVE
WL-REC-0035,WL-REC-0035,docs/history/owner-inputs/record-20261009/WORK-LAB-HISTORICAL-RECORDS-20261009.zip,originals/WORK-LAB_MASTER_ATLAS_2026-09-29.zip ! WORK-LAB_MASTER_ATLAS_2026-09-29/expanded/ArcheAxis_WORK-LAB_DESIGN-LAB_研究生态汇总包_2026-09-15/ArcheAxis_WORK-LAB_DESIGN-LAB_研究生态汇总包_2026-09-15/02_项目任务包/ArcheAxis/交接提示词.md,sha256:e042fd18b3af5840532ae965f069f39c47732c30ec9ba79a4f66794a7a0afed1,1536,e042fd18b3af5840532ae965f069f39c47732c30ec9ba79a4f66794a7a0afed1,84c77ed4,PRESERVED_IN_COMPLETE_ARCHIVE
WL-REC-0035,WL-REC-0035,docs/history/owner-inputs/record-20261009/WORK-LAB-HISTORICAL-RECORDS-20261009.zip,originals/WORK-LAB_MASTER_ATLAS_2026-09-29.zip ! WORK-LAB_MASTER_ATLAS_2026-09-29/expanded/ArcheAxis_WORK-LAB_DESIGN-LAB_研究生态汇总包_2026-09-15/ArcheAxis_WORK-LAB_DESIGN-LAB_研究生态汇总包_2026-09-15/02_项目任务包/DESIGN-LAB/TASKS.json,sha256:aa49ff325c4f8b5dc8536f241808932096bf6db009c706239160e4ab7038a1a4,11263,aa49ff325c4f8b5dc8536f241808932096bf6db009c706239160e4ab7038a1a4,a94850ab,PRESERVED_IN_COMPLETE_ARCHIVE
WL-REC-0035,WL-REC-0035,docs/history/owner-inputs/record-20261009/WORK-LAB-HISTORICAL-RECORDS-20261009.zip,originals/WORK-LAB_MASTER_ATLAS_2026-09-29.zip ! WORK-LAB_MASTER_ATLAS_2026-09-29/expanded/ArcheAxis_WORK-LAB_DESIGN-LAB_研究生态汇总包_2026-09-15/ArcheAxis_WORK-LAB_DESIGN-LAB_研究生态汇总包_2026-09-15/02_项目任务包/DESIGN-LAB/TaskPack.md,sha256:c2e903f6275ee86e5bf9c1f24787206f8d4888cab2201bb23f30ed6d84f32752,8657,c2e903f6275ee86e5bf9c1f24787206f8d4888cab2201bb23f30ed6d84f32752,28c3799a,PRESERVED_IN_COMPLETE_ARCHIVE
WL-REC-0035,WL-REC-0035,docs/history/owner-inputs/record-20261009/WORK-LAB-HISTORICAL-RECORDS-20261009.zip,originals/WORK-LAB_MASTER_ATLAS_2026-09-29.zip ! WORK-LAB_MASTER_ATLAS_2026-09-29/expanded/ArcheAxis_WORK-LAB_DESIGN-LAB_研究生态汇总包_2026-09-15/ArcheAxis_WORK-LAB_DESIGN-LAB_研究生态汇总包_2026-09-15/02_项目任务包/DESIGN-LAB/交接提示词.md,sha256:f3f7fe182ebb421617fb945308da40d3d104ab1e742fd66414b813439021814b,1539,f3f7fe182ebb421617fb945308da40d3d104ab1e742fd66414b813439021814b,6d811682,PRESERVED_IN_COMPLETE_ARCHIVE
WL-REC-0035,WL-REC-0035,docs/history/owner-inputs/record-20261009/WORK-LAB-HISTORICAL-RECORDS-20261009.zip,originals/WORK-LAB_MASTER_ATLAS_2026-09-29.zip ! WORK-LAB_MASTER_ATLAS_2026-09-29/expanded/ArcheAxis_WORK-LAB_DESIGN-LAB_研究生态汇总包_2026-09-15/ArcheAxis_WORK-LAB_DESIGN-LAB_研究生态汇总包_2026-09-15/02_项目任务包/WORK-LAB/TASKS.json,sha256:bfc11f99b216fa3a19c3b9bb3a6f3722d7c144eab932c1f9a7aa04f36ab74c76,19376,bfc11f99b216fa3a19c3b9bb3a6f3722d7c144eab932c1f9a7aa04f36ab74c76,a453cfce,PRESERVED_IN_COMPLETE_ARCHIVE
WL-REC-0035,WL-REC-0035,docs/history/owner-inputs/record-20261009/WORK-LAB-HISTORICAL-RECORDS-20261009.zip,originals/WORK-LAB_MASTER_ATLAS_2026-09-29.zip ! WORK-LAB_MASTER_ATLAS_2026-09-29/expanded/ArcheAxis_WORK-LAB_DESIGN-LAB_研究生态汇总包_2026-09-15/ArcheAxis_WORK-LAB_DESIGN-LAB_研究生态汇总包_2026-09-15/02_项目任务包/WORK-LAB/TaskPack.md,sha256:00b154a7a428f4bd36eec2c93169525dabf14f335bcab15d724c3ae70a93b835,14145,00b154a7a428f4bd36eec2c93169525dabf14f335bcab15d724c3ae70a93b835,c79dbcc5,PRESERVED_IN_COMPLETE_ARCHIVE
WL-REC-0035,WL-REC-0035,docs/history/owner-inputs/record-20261009/WORK-LAB-HISTORICAL-RECORDS-20261009.zip,originals/WORK-LAB_MASTER_ATLAS_2026-09-29.zip ! WORK-LAB_MASTER_ATLAS_2026-09-29/expanded/ArcheAxis_WORK-LAB_DESIGN-LAB_研究生态汇总包_2026-09-15/ArcheAxis_WORK-LAB_DESIGN-LAB_研究生态汇总包_2026-09-15/02_项目任务包/WORK-LAB/交接提示词.md,sha256:e54e267f48941c50eb7a4d7e6e3ebebade84ebdd9843605101b8239324ad7f45,1533,e54e267f48941c50eb7a4d7e6e3ebebade84ebdd9843605101b8239324ad7f45,0106bb0e,PRESERVED_IN_COMPLETE_ARCHIVE
WL-REC-0035,WL-REC-0035,docs/history/owner-inputs/record-20261009/WORK-LAB-HISTORICAL-RECORDS-20261009.zip,originals/WORK-LAB_MASTER_ATLAS_2026-09-29.zip ! WORK-LAB_MASTER_ATLAS_2026-09-29/expanded/ArcheAxis_WORK-LAB_DESIGN-LAB_研究生态汇总包_2026-09-15/ArcheAxis_WORK-LAB_DESIGN-LAB_研究生态汇总包_2026-09-15/02_项目任务包/总任务索引.json,sha256:9011275f73f6689f4662fa4f307c307906f045de634f0199a06e6e0180ad8756,43540,9011275f73f6689f4662fa4f307c307906f045de634f0199a06e6e0180ad8756,27de5329,PRESERVED_IN_COMPLETE_ARCHIVE
WL-REC-0035,WL-REC-0035,docs/history/owner-inputs/record-20261009/WORK-LAB-HISTORICAL-RECORDS-20261009.zip,originals/WORK-LAB_MASTER_ATLAS_2026-09-29.zip ! WORK-LAB_MASTER_ATLAS_2026-09-29/expanded/ArcheAxis_WORK-LAB_DESIGN-LAB_研究生态汇总包_2026-09-15/ArcheAxis_WORK-LAB_DESIGN-LAB_研究生态汇总包_2026-09-15/03_执行与验收/候选晋级模板.json,sha256:25e78c8f6b85ff5a093b9f1293ccb2635dfc71a45bd68bef9e94c4323b7c6136,481,25e78c8f6b85ff5a093b9f1293ccb2635dfc71a45bd68bef9e94c4323b7c6136,b5018b46,PRESERVED_IN_COMPLETE_ARCHIVE
WL-REC-0035,WL-REC-0035,docs/history/owner-inputs/record-20261009/WORK-LAB-HISTORICAL-RECORDS-20261009.zip,originals/WORK-LAB_MASTER_ATLAS_2026-09-29.zip ! WORK-LAB_MASTER_ATLAS_2026-09-29/expanded/ArcheAxis_WORK-LAB_DESIGN-LAB_研究生态汇总包_2026-09-15/ArcheAxis_WORK-LAB_DESIGN-LAB_研究生态汇总包_2026-09-15/03_执行与验收/执行门禁与项目边界.md,sha256:171df6e0d3424bf954c795efa38aa257099a1bdfeff3bded35c8f5dcacf0c859,3547,171df6e0d3424bf954c795efa38aa257099a1bdfeff3bded35c8f5dcacf0c859,f19878c0,PRESERVED_IN_COMPLETE_ARCHIVE
WL-REC-0035,WL-REC-0035,docs/history/owner-inputs/record-20261009/WORK-LAB-HISTORICAL-RECORDS-20261009.zip,originals/WORK-LAB_MASTER_ATLAS_2026-09-29.zip ! WORK-LAB_MASTER_ATLAS_2026-09-29/expanded/ArcheAxis_WORK-LAB_DESIGN-LAB_研究生态汇总包_2026-09-15/ArcheAxis_WORK-LAB_DESIGN-LAB_研究生态汇总包_2026-09-15/03_执行与验收/概念验证与验收设计.md,sha256:d6707c6e5fd661cef9b462470b6af19583419f5ce463bc014328a96eebd37228,6823,d6707c6e5fd661cef9b462470b6af19583419f5ce463bc014328a96eebd37228,8b0f5a0e,PRESERVED_IN_COMPLETE_ARCHIVE
WL-REC-0035,WL-REC-0035,docs/history/owner-inputs/record-20261009/WORK-LAB-HISTORICAL-RECORDS-20261009.zip,originals/WORK-LAB_MASTER_ATLAS_2026-09-29.zip ! WORK-LAB_MASTER_ATLAS_2026-09-29/expanded/ArcheAxis_WORK-LAB_DESIGN-LAB_研究生态汇总包_2026-09-15/ArcheAxis_WORK-LAB_DESIGN-LAB_研究生态汇总包_2026-09-15/03_执行与验收/运行证据模板.json,sha256:640b3a53574f7f2eee25659039af078eeb0b32f08f3693aef5faf64b2572b093,992,640b3a53574f7f2eee25659039af078eeb0b32f08f3693aef5faf64b2572b093,6d78c5db,PRESERVED_IN_COMPLETE_ARCHIVE
WL-REC-0035,WL-REC-0035,docs/history/owner-inputs/record-20261009/WORK-LAB-HISTORICAL-RECORDS-20261009.zip,originals/WORK-LAB_MASTER_ATLAS_2026-09-29.zip ! WORK-LAB_MASTER_ATLAS_2026-09-29/expanded/ArcheAxis_WORK-LAB_DESIGN-LAB_研究生态汇总包_2026-09-15/ArcheAxis_WORK-LAB_DESIGN-LAB_研究生态汇总包_2026-09-15/04_监控规则/中文监控规约.md,sha256:6728b09fa62e928f8bb08651464011ed7c748d1781b7dcd841b0c6cfecfa7fd6,3846,6728b09fa62e928f8bb08651464011ed7c748d1781b7dcd841b0c6cfecfa7fd6,f1172081,PRESERVED_IN_COMPLETE_ARCHIVE
WL-REC-0035,WL-REC-0035,docs/history/owner-inputs/record-20261009/WORK-LAB-HISTORICAL-RECORDS-20261009.zip,originals/WORK-LAB_MASTER_ATLAS_2026-09-29.zip ! WORK-LAB_MASTER_ATLAS_2026-09-29/expanded/ArcheAxis_WORK-LAB_DESIGN-LAB_研究生态汇总包_2026-09-15/ArcheAxis_WORK-LAB_DESIGN-LAB_研究生态汇总包_2026-09-15/04_监控规则/历史差分基线.json,sha256:69ae20f1b61d473af91b2401981ce7064e06495eca65685107dd1b53ad8ddb22,6449,69ae20f1b61d473af91b2401981ce7064e06495eca65685107dd1b53ad8ddb22,2e93918d,PRESERVED_IN_COMPLETE_ARCHIVE
WL-REC-0035,WL-REC-0035,docs/history/owner-inputs/record-20261009/WORK-LAB-HISTORICAL-RECORDS-20261009.zip,originals/WORK-LAB_MASTER_ATLAS_2026-09-29.zip ! WORK-LAB_MASTER_ATLAS_2026-09-29/expanded/ArcheAxis_WORK-LAB_DESIGN-LAB_研究生态汇总包_2026-09-15/ArcheAxis_WORK-LAB_DESIGN-LAB_研究生态汇总包_2026-09-15/04_监控规则/来源范围与覆盖缺口.md,sha256:d7f5f8c68b11617114d6e78e81c94ffec16c30e59817e88553197e444cfc95e0,4097,d7f5f8c68b11617114d6e78e81c94ffec16c30e59817e88553197e444cfc95e0,97e81961,PRESERVED_IN_COMPLETE_ARCHIVE
WL-REC-0035,WL-REC-0035,docs/history/owner-inputs/record-20261009/WORK-LAB-HISTORICAL-RECORDS-20261009.zip,originals/WORK-LAB_MASTER_ATLAS_2026-09-29.zip ! WORK-LAB_MASTER_ATLAS_2026-09-29/expanded/ArcheAxis_WORK-LAB_DESIGN-LAB_研究生态汇总包_2026-09-15/ArcheAxis_WORK-LAB_DESIGN-LAB_研究生态汇总包_2026-09-15/04_监控规则/覆盖队列.json,sha256:9773963f35f24e6acca3e0a79b38700be9873a8c9a984517853d4dcd42520db8,3942,9773963f35f24e6acca3e0a79b38700be9873a8c9a984517853d4dcd42520db8,e38c8c9d,PRESERVED_IN_COMPLETE_ARCHIVE
WL-REC-0035,WL-REC-0035,docs/history/owner-inputs/record-20261009/WORK-LAB-HISTORICAL-RECORDS-20261009.zip,originals/WORK-LAB_MASTER_ATLAS_2026-09-29.zip ! WORK-LAB_MASTER_ATLAS_2026-09-29/expanded/ArcheAxis_WORK-LAB_DESIGN-LAB_研究生态汇总包_2026-09-15/ArcheAxis_WORK-LAB_DESIGN-LAB_研究生态汇总包_2026-09-15/05_校验/使用说明.md,sha256:8a0d45bcffb63ff40f7a320c7afc1404c0834e6a25ee2e40039411ac257db175,1116,8a0d45bcffb63ff40f7a320c7afc1404c0834e6a25ee2e40039411ac257db175,32488f99,PRESERVED_IN_COMPLETE_ARCHIVE
WL-REC-0035,WL-REC-0035,docs/history/owner-inputs/record-20261009/WORK-LAB-HISTORICAL-RECORDS-20261009.zip,originals/WORK-LAB_MASTER_ATLAS_2026-09-29.zip ! WORK-LAB_MASTER_ATLAS_2026-09-29/expanded/ArcheAxis_WORK-LAB_DESIGN-LAB_研究生态汇总包_2026-09-15/ArcheAxis_WORK-LAB_DESIGN-LAB_研究生态汇总包_2026-09-15/05_校验/校验报告.md,sha256:dc670bcb956e75fc421376ec01d5f3c3a1c63264889f71bcc4a76e6439abb0bf,941,dc670bcb956e75fc421376ec01d5f3c3a1c63264889f71bcc4a76e6439abb0bf,7e14e63a,PRESERVED_IN_COMPLETE_ARCHIVE
WL-REC-0035,WL-REC-0035,docs/history/owner-inputs/record-20261009/WORK-LAB-HISTORICAL-RECORDS-20261009.zip,originals/WORK-LAB_MASTER_ATLAS_2026-09-29.zip ! WORK-LAB_MASTER_ATLAS_2026-09-29/expanded/ArcheAxis_WORK-LAB_DESIGN-LAB_研究生态汇总包_2026-09-15/ArcheAxis_WORK-LAB_DESIGN-LAB_研究生态汇总包_2026-09-15/文件清单.json,sha256:fbe3477fca38a5df8a4b0e2a75a061ee2985e9a8b1f9e76019edc37551c66d96,6343,fbe3477fca38a5df8a4b0e2a75a061ee2985e9a8b1f9e76019edc37551c66d96,d03ae730,PRESERVED_IN_COMPLETE_ARCHIVE
WL-REC-0035,WL-REC-0035,docs/history/owner-inputs/record-20261009/WORK-LAB-HISTORICAL-RECORDS-20261009.zip,originals/WORK-LAB_MASTER_ATLAS_2026-09-29.zip ! WORK-LAB_MASTER_ATLAS_2026-09-29/expanded/ArcheAxis_WORK-LAB_DESIGN-LAB_研究生态汇总包_2026-09-15/ArcheAxis_WORK-LAB_DESIGN-LAB_研究生态汇总包_2026-09-15/汇总报告.md,sha256:87013dc5da7652c3dbcea17373596804a3384589cde6776cd16b43c33d65501c,10786,87013dc5da7652c3dbcea17373596804a3384589cde6776cd16b43c33d65501c,63a16c73,PRESERVED_IN_COMPLETE_ARCHIVE
WL-REC-0035,WL-REC-0035,docs/history/owner-inputs/record-20261009/WORK-LAB-HISTORICAL-RECORDS-20261009.zip,originals/WORK-LAB_MASTER_ATLAS_2026-09-29.zip ! WORK-LAB_MASTER_ATLAS_2026-09-29/expanded/WORK-LAB-AUTHORITY-RESET-FINAL-TASKPACK-20260918/CLOUD-LANDING-INSTRUCTIONS.md,sha256:7806b8483fa281424bd5845a1b8be41a64cb3c45473ca59e0a2492ddf91e964d,1693,7806b8483fa281424bd5845a1b8be41a64cb3c45473ca59e0a2492ddf91e964d,14885052,PRESERVED_IN_COMPLETE_ARCHIVE
WL-REC-0035,WL-REC-0035,docs/history/owner-inputs/record-20261009/WORK-LAB-HISTORICAL-RECORDS-20261009.zip,originals/WORK-LAB_MASTER_ATLAS_2026-09-29.zip ! WORK-LAB_MASTER_ATLAS_2026-09-29/expanded/WORK-LAB-AUTHORITY-RESET-FINAL-TASKPACK-20260918/FROZEN-LEGACY-INDEX-20260918.md,sha256:2dad7a7001ee7c1b3d045a04b9e748f12771ce7c1bd7edb9edd301d2e2ddd42c,1912,2dad7a7001ee7c1b3d045a04b9e748f12771ce7c1bd7edb9edd301d2e2ddd42c,5638af3f,PRESERVED_IN_COMPLETE_ARCHIVE
WL-REC-0035,WL-REC-0035,docs/history/owner-inputs/record-20261009/WORK-LAB-HISTORICAL-RECORDS-20261009.zip,originals/WORK-LAB_MASTER_ATLAS_2026-09-29.zip ! WORK-LAB_MASTER_ATLAS_2026-09-29/expanded/WORK-LAB-AUTHORITY-RESET-FINAL-TASKPACK-20260918/OPEN-TASK-REGISTER.md,sha256:ad95925281ae0ab014c6bfb5df952e304e5a181472ee975131087e985c0a9b2b,3627,ad95925281ae0ab014c6bfb5df952e304e5a181472ee975131087e985c0a9b2b,fe20d15d,PRESERVED_IN_COMPLETE_ARCHIVE
WL-REC-0035,WL-REC-0035,docs/history/owner-inputs/record-20261009/WORK-LAB-HISTORICAL-RECORDS-20261009.zip,originals/WORK-LAB_MASTER_ATLAS_2026-09-29.zip ! WORK-LAB_MASTER_ATLAS_2026-09-29/expanded/WORK-LAB-AUTHORITY-RESET-FINAL-TASKPACK-20260918/SHA256SUMS.json,sha256:0103cf1a89aff62e8c8d5b6d81f5e3183a9da619779e85752b29f0aa95fa5b61,1132,0103cf1a89aff62e8c8d5b6d81f5e3183a9da619779e85752b29f0aa95fa5b61,a1ff9b99,PRESERVED_IN_COMPLETE_ARCHIVE
WL-REC-0035,WL-REC-0035,docs/history/owner-inputs/record-20261009/WORK-LAB-HISTORICAL-RECORDS-20261009.zip,originals/WORK-LAB_MASTER_ATLAS_2026-09-29.zip ! WORK-LAB_MASTER_ATLAS_2026-09-29/expanded/WORK-LAB-AUTHORITY-RESET-FINAL-TASKPACK-20260918/TASKPACK_SUMMARY.md,sha256:14cb22beeb2e5483c413ad094d8e79d23a7084813dcde4a79051e5c1ca27e23d,810,14cb22beeb2e5483c413ad094d8e79d23a7084813dcde4a79051e5c1ca27e23d,d71664fb,PRESERVED_IN_COMPLETE_ARCHIVE
WL-REC-0035,WL-REC-0035,docs/history/owner-inputs/record-20261009/WORK-LAB-HISTORICAL-RECORDS-20261009.zip,originals/WORK-LAB_MASTER_ATLAS_2026-09-29.zip ! WORK-LAB_MASTER_ATLAS_2026-09-29/expanded/WORK-LAB-AUTHORITY-RESET-FINAL-TASKPACK-20260918/WORK-LAB-AUTHORITY.md,sha256:e24fc9bb5975cc8ed6f46087ba3f0a522f008d0dd768a5da6febfdb5a5ce8b9b,10746,e24fc9bb5975cc8ed6f46087ba3f0a522f008d0dd768a5da6febfdb5a5ce8b9b,c634d7e2,PRESERVED_IN_COMPLETE_ARCHIVE
WL-REC-0035,WL-REC-0035,docs/history/owner-inputs/record-20261009/WORK-LAB-HISTORICAL-RECORDS-20261009.zip,originals/WORK-LAB_MASTER_ATLAS_2026-09-29.zip ! WORK-LAB_MASTER_ATLAS_2026-09-29/expanded/WORK-LAB-AUTHORITY-RESET-FINAL-TASKPACK-20260918/WORK-LAB-UNIFIED-PRODUCT-CONVERGENCE-TASKPACK-20260918.md,sha256:f2bcb0b84a5e6ac0ca6d374f5a88b3f814ecbe03ca3ed7a6c5bce31ba9e095c4,11927,f2bcb0b84a5e6ac0ca6d374f5a88b3f814ecbe03ca3ed7a6c5bce31ba9e095c4,dca24507,PRESERVED_IN_COMPLETE_ARCHIVE
WL-REC-0035,WL-REC-0035,docs/history/owner-inputs/record-20261009/WORK-LAB-HISTORICAL-RECORDS-20261009.zip,originals/WORK-LAB_MASTER_ATLAS_2026-09-29.zip ! WORK-LAB_MASTER_ATLAS_2026-09-29/expanded/WORK-LAB-AUTHORITY-RESET-FINAL-TASKPACK-20260918/authority-index.json,sha256:49920800a6c3be1cce1eaf455d75e52424f1fe5d2433ff2d8fef65fa2f910e97,2964,49920800a6c3be1cce1eaf455d75e52424f1fe5d2433ff2d8fef65fa2f910e97,f0b120de,PRESERVED_IN_COMPLETE_ARCHIVE
WL-REC-0035,WL-REC-0035,docs/history/owner-inputs/record-20261009/WORK-LAB-HISTORICAL-RECORDS-20261009.zip,originals/WORK-LAB_MASTER_ATLAS_2026-09-29.zip ! WORK-LAB_MASTER_ATLAS_2026-09-29/expanded/WORK-LAB-AUTHORITY-RESET-FINAL-TASKPACK-20260918/taskpacks-current-README.md,sha256:c9a5e336e8cc387bb3c2dc1227b814821057038ebed91549beca65df32290616,802,c9a5e336e8cc387bb3c2dc1227b814821057038ebed91549beca65df32290616,5e4b8c86,PRESERVED_IN_COMPLETE_ARCHIVE
WL-REC-0035,WL-REC-0035,docs/history/owner-inputs/record-20261009/WORK-LAB-HISTORICAL-RECORDS-20261009.zip,originals/WORK-LAB_MASTER_ATLAS_2026-09-29.zip ! WORK-LAB_MASTER_ATLAS_2026-09-29/expanded/WORK-LAB-AUTHORITY-RESET-FINAL-TASKPACK-20260918-v2/CLOUD-LANDING-INSTRUCTIONS.md,sha256:92f1c8bc2098491221a0b145baadfdca907fa969897a6850aaa44ade31cbd567,2045,92f1c8bc2098491221a0b145baadfdca907fa969897a6850aaa44ade31cbd567,919404b7,PRESERVED_IN_COMPLETE_ARCHIVE
WL-REC-0035,WL-REC-0035,docs/history/owner-inputs/record-20261009/WORK-LAB-HISTORICAL-RECORDS-20261009.zip,originals/WORK-LAB_MASTER_ATLAS_2026-09-29.zip ! WORK-LAB_MASTER_ATLAS_2026-09-29/expanded/WORK-LAB-AUTHORITY-RESET-FINAL-TASKPACK-20260918-v2/FROZEN-LEGACY-INDEX-20260918.md,sha256:4505f723e059afc1c30f1dd5ca89b397ef0e545ef74cca310b9739386f094b24,1771,4505f723e059afc1c30f1dd5ca89b397ef0e545ef74cca310b9739386f094b24,5287688d,PRESERVED_IN_COMPLETE_ARCHIVE
WL-REC-0035,WL-REC-0035,docs/history/owner-inputs/record-20261009/WORK-LAB-HISTORICAL-RECORDS-20261009.zip,originals/WORK-LAB_MASTER_ATLAS_2026-09-29.zip ! WORK-LAB_MASTER_ATLAS_2026-09-29/expanded/WORK-LAB-AUTHORITY-RESET-FINAL-TASKPACK-20260918-v2/OPEN-TASK-REGISTER.md,sha256:90bb5e83f5aca22d940e97d1146460fb36209a1745ff198ca521230c9e5cd208,3576,90bb5e83f5aca22d940e97d1146460fb36209a1745ff198ca521230c9e5cd208,658d3714,PRESERVED_IN_COMPLETE_ARCHIVE
WL-REC-0035,WL-REC-0035,docs/history/owner-inputs/record-20261009/WORK-LAB-HISTORICAL-RECORDS-20261009.zip,originals/WORK-LAB_MASTER_ATLAS_2026-09-29.zip ! WORK-LAB_MASTER_ATLAS_2026-09-29/expanded/WORK-LAB-AUTHORITY-RESET-FINAL-TASKPACK-20260918-v2/SHA256SUMS.json,sha256:779099c7e9839d5907934cb59e792c469bd2e8e34f6f2b8f0e1a9e0a13e226b1,1139,779099c7e9839d5907934cb59e792c469bd2e8e34f6f2b8f0e1a9e0a13e226b1,d4fe13df,PRESERVED_IN_COMPLETE_ARCHIVE
WL-REC-0035,WL-REC-0035,docs/history/owner-inputs/record-20261009/WORK-LAB-HISTORICAL-RECORDS-20261009.zip,originals/WORK-LAB_MASTER_ATLAS_2026-09-29.zip ! WORK-LAB_MASTER_ATLAS_2026-09-29/expanded/WORK-LAB-AUTHORITY-RESET-FINAL-TASKPACK-20260918-v2/TASKPACK_SUMMARY.md,sha256:cc2e71f4a0f8d12819d8ce86cfed9e6b779e480174fbdef2325b4fa1feb53809,483,cc2e71f4a0f8d12819d8ce86cfed9e6b779e480174fbdef2325b4fa1feb53809,e2544f93,PRESERVED_IN_COMPLETE_ARCHIVE
WL-REC-0035,WL-REC-0035,docs/history/owner-inputs/record-20261009/WORK-LAB-HISTORICAL-RECORDS-20261009.zip,originals/WORK-LAB_MASTER_ATLAS_2026-09-29.zip ! WORK-LAB_MASTER_ATLAS_2026-09-29/expanded/WORK-LAB-AUTHORITY-RESET-FINAL-TASKPACK-20260918-v2/WORK-LAB-AUTHORITY.md,sha256:0938ff2452da5c5a5eef08673e25009d4f558ad5199a700aab8d7e2e56d6221c,10777,0938ff2452da5c5a5eef08673e25009d4f558ad5199a700aab8d7e2e56d6221c,8aabba8a,PRESERVED_IN_COMPLETE_ARCHIVE
WL-REC-0035,WL-REC-0035,docs/history/owner-inputs/record-20261009/WORK-LAB-HISTORICAL-RECORDS-20261009.zip,originals/WORK-LAB_MASTER_ATLAS_2026-09-29.zip ! WORK-LAB_MASTER_ATLAS_2026-09-29/expanded/WORK-LAB-AUTHORITY-RESET-FINAL-TASKPACK-20260918-v2/WORK-LAB-UNIFIED-PRODUCT-CONVERGENCE-TASKPACK-20260918.md,sha256:de47786c674f72da4c133dde85ec618fb61d63d289145a39a02d6706d988a48c,9526,de47786c674f72da4c133dde85ec618fb61d63d289145a39a02d6706d988a48c,3ef84f6b,PRESERVED_IN_COMPLETE_ARCHIVE
WL-REC-0035,WL-REC-0035,docs/history/owner-inputs/record-20261009/WORK-LAB-HISTORICAL-RECORDS-20261009.zip,originals/WORK-LAB_MASTER_ATLAS_2026-09-29.zip ! WORK-LAB_MASTER_ATLAS_2026-09-29/expanded/WORK-LAB-AUTHORITY-RESET-FINAL-TASKPACK-20260918-v2/project-authority-index.json,sha256:77172755e9fa2699e2e43e0f99ba33d959ff24e95159e81dbb33b3e7291b4812,2694,77172755e9fa2699e2e43e0f99ba33d959ff24e95159e81dbb33b3e7291b4812,2972ce92,PRESERVED_IN_COMPLETE_ARCHIVE
WL-REC-0035,WL-REC-0035,docs/history/owner-inputs/record-20261009/WORK-LAB-HISTORICAL-RECORDS-20261009.zip,originals/WORK-LAB_MASTER_ATLAS_2026-09-29.zip ! WORK-LAB_MASTER_ATLAS_2026-09-29/expanded/WORK-LAB-AUTHORITY-RESET-FINAL-TASKPACK-20260918-v2/taskpacks-current-README.md,sha256:ca3aef34d9b353290aacf4ed5c6d197d63f9d77a1ae6e8b1a7247543a794fc38,726,ca3aef34d9b353290aacf4ed5c6d197d63f9d77a1ae6e8b1a7247543a794fc38,38a70571,PRESERVED_IN_COMPLETE_ARCHIVE
WL-REC-0035,WL-REC-0035,docs/history/owner-inputs/record-20261009/WORK-LAB-HISTORICAL-RECORDS-20261009.zip,originals/WORK-LAB_MASTER_ATLAS_2026-09-29.zip ! WORK-LAB_MASTER_ATLAS_2026-09-29/expanded/WORK-LAB-CLOUD-AUDIT-EVIDENCE-20260916/WORK-LAB-CLOUD-AUDIT-20260916/README.md,sha256:2ad92f7b71ededd900daef0750f3cc2a490d2391e4ad9d94b8a09632ac710461,653,2ad92f7b71ededd900daef0750f3cc2a490d2391e4ad9d94b8a09632ac710461,1aa450a6,PRESERVED_IN_COMPLETE_ARCHIVE
WL-REC-0035,WL-REC-0035,docs/history/owner-inputs/record-20261009/WORK-LAB-HISTORICAL-RECORDS-20261009.zip,originals/WORK-LAB_MASTER_ATLAS_2026-09-29.zip ! WORK-LAB_MASTER_ATLAS_2026-09-29/expanded/WORK-LAB-CLOUD-AUDIT-EVIDENCE-20260916/WORK-LAB-CLOUD-AUDIT-20260916/WORK-LAB-CLOUD-AUDIT-20260916.md,sha256:7fef0af8759944fd219b355c275743cd9a0a4831c949ac9e8c0f7adcf1fea055,13061,7fef0af8759944fd219b355c275743cd9a0a4831c949ac9e8c0f7adcf1fea055,2b6e1613,PRESERVED_IN_COMPLETE_ARCHIVE
WL-REC-0035,WL-REC-0035,docs/history/owner-inputs/record-20261009/WORK-LAB-HISTORICAL-RECORDS-20261009.zip,originals/WORK-LAB_MASTER_ATLAS_2026-09-29.zip ! WORK-LAB_MASTER_ATLAS_2026-09-29/expanded/WORK-LAB-CLOUD-AUDIT-EVIDENCE-20260916/WORK-LAB-CLOUD-AUDIT-20260916/reproduction_results.json,sha256:0ba32a7bac526e5d588e90d887093a746645259c832cdb1266a9283064c0d702,2977,0ba32a7bac526e5d588e90d887093a746645259c832cdb1266a9283064c0d702,13bc8d0d,PRESERVED_IN_COMPLETE_ARCHIVE
WL-REC-0035,WL-REC-0035,docs/history/owner-inputs/record-20261009/WORK-LAB-HISTORICAL-RECORDS-20261009.zip,originals/WORK-LAB_MASTER_ATLAS_2026-09-29.zip ! WORK-LAB_MASTER_ATLAS_2026-09-29/expanded/WORK-LAB-CLOUD-AUDIT-EVIDENCE-20260916/WORK-LAB-CLOUD-AUDIT-20260916/source_hashes.json,sha256:4c94bb7b8d4d5ab7412933315c9c5fc9c7961eb5f0fe61e25ca69a90b4ef09f2,411,4c94bb7b8d4d5ab7412933315c9c5fc9c7961eb5f0fe61e25ca69a90b4ef09f2,361d7c46,PRESERVED_IN_COMPLETE_ARCHIVE
WL-REC-0035,WL-REC-0035,docs/history/owner-inputs/record-20261009/WORK-LAB-HISTORICAL-RECORDS-20261009.zip,originals/WORK-LAB_MASTER_ATLAS_2026-09-29.zip ! WORK-LAB_MASTER_ATLAS_2026-09-29/expanded/WORK-LAB-CLOUD-REAUDIT-20260917/WORK-LAB-CLOUD-REAUDIT-20260917/AUDIT-COVERAGE.csv,sha256:56d7db3757e11cab3eccf108e1f21ef75a807fd65fd19bbfe7be5e8eaf56fd31,1405,56d7db3757e11cab3eccf108e1f21ef75a807fd65fd19bbfe7be5e8eaf56fd31,b1d8a1ff,PRESERVED_IN_COMPLETE_ARCHIVE
WL-REC-0035,WL-REC-0035,docs/history/owner-inputs/record-20261009/WORK-LAB-HISTORICAL-RECORDS-20261009.zip,originals/WORK-LAB_MASTER_ATLAS_2026-09-29.zip ! WORK-LAB_MASTER_ATLAS_2026-09-29/expanded/WORK-LAB-CLOUD-REAUDIT-20260917/WORK-LAB-CLOUD-REAUDIT-20260917/FINDINGS.csv,sha256:4bd193e245a9494f5a16c521e24695ec0c3c38101c4deb8400d904e2b2033c4d,3207,4bd193e245a9494f5a16c521e24695ec0c3c38101c4deb8400d904e2b2033c4d,0e778ca8,PRESERVED_IN_COMPLETE_ARCHIVE
WL-REC-0035,WL-REC-0035,docs/history/owner-inputs/record-20261009/WORK-LAB-HISTORICAL-RECORDS-20261009.zip,originals/WORK-LAB_MASTER_ATLAS_2026-09-29.zip ! WORK-LAB_MASTER_ATLAS_2026-09-29/expanded/WORK-LAB-CLOUD-REAUDIT-20260917/WORK-LAB-CLOUD-REAUDIT-20260917/README.md,sha256:08035c3283eee9fa83010806bd27fac24553ba0c72e5102e93614269d572f6f6,1182,08035c3283eee9fa83010806bd27fac24553ba0c72e5102e93614269d572f6f6,774e4253,PRESERVED_IN_COMPLETE_ARCHIVE
WL-REC-0035,WL-REC-0035,docs/history/owner-inputs/record-20261009/WORK-LAB-HISTORICAL-RECORDS-20261009.zip,originals/WORK-LAB_MASTER_ATLAS_2026-09-29.zip ! WORK-LAB_MASTER_ATLAS_2026-09-29/expanded/WORK-LAB-CLOUD-REAUDIT-20260917/WORK-LAB-CLOUD-REAUDIT-20260917/SHA256SUMS.txt,sha256:63790a9977e06c94ec3a89277244dc8f40630cee476c3260c43c4c8e7ad38545,4362,63790a9977e06c94ec3a89277244dc8f40630cee476c3260c43c4c8e7ad38545,294d6116,PRESERVED_IN_COMPLETE_ARCHIVE
WL-REC-0035,WL-REC-0035,docs/history/owner-inputs/record-20261009/WORK-LAB-HISTORICAL-RECORDS-20261009.zip,originals/WORK-LAB_MASTER_ATLAS_2026-09-29.zip ! WORK-LAB_MASTER_ATLAS_2026-09-29/expanded/WORK-LAB-CLOUD-REAUDIT-20260917/WORK-LAB-CLOUD-REAUDIT-20260917/WORK-LAB-CLOUD-REAUDIT-20260917.md,sha256:4dec32e6a5c34acb90dfa54024640c747a2d445d2bb1b9092b19bc8863726c1a,16004,4dec32e6a5c34acb90dfa54024640c747a2d445d2bb1b9092b19bc8863726c1a,bf27e175,PRESERVED_IN_COMPLETE_ARCHIVE
WL-REC-0035,WL-REC-0035,docs/history/owner-inputs/record-20261009/WORK-LAB-HISTORICAL-RECORDS-20261009.zip,originals/WORK-LAB_MASTER_ATLAS_2026-09-29.zip ! WORK-LAB_MASTER_ATLAS_2026-09-29/expanded/WORK-LAB-CLOUD-REAUDIT-20260917/WORK-LAB-CLOUD-REAUDIT-20260917/baseline/AUDIT-COVERAGE.csv,sha256:165465ff9b5db6980c958d2057f3c9b2b9163299cec64fcb5f90c74d8604d31a,15503,165465ff9b5db6980c958d2057f3c9b2b9163299cec64fcb5f90c74d8604d31a,fe1f5152,PRESERVED_IN_COMPLETE_ARCHIVE
WL-REC-0035,WL-REC-0035,docs/history/owner-inputs/record-20261009/WORK-LAB-HISTORICAL-RECORDS-20261009.zip,originals/WORK-LAB_MASTER_ATLAS_2026-09-29.zip ! WORK-LAB_MASTER_ATLAS_2026-09-29/expanded/WORK-LAB-CLOUD-REAUDIT-20260917/WORK-LAB-CLOUD-REAUDIT-20260917/baseline/README.md,sha256:97f43012d82e1f97f8b0bcb14fb228f0fd0fec95f221f7efd7ce1b074e05a733,1815,97f43012d82e1f97f8b0bcb14fb228f0fd0fec95f221f7efd7ce1b074e05a733,d546784c,PRESERVED_IN_COMPLETE_ARCHIVE
WL-REC-0035,WL-REC-0035,docs/history/owner-inputs/record-20261009/WORK-LAB-HISTORICAL-RECORDS-20261009.zip,originals/WORK-LAB_MASTER_ATLAS_2026-09-29.zip ! WORK-LAB_MASTER_ATLAS_2026-09-29/expanded/WORK-LAB-CLOUD-REAUDIT-20260917/WORK-LAB-CLOUD-REAUDIT-20260917/baseline/REPAIR-SEQUENCE.md,sha256:90b8360e6d5e2ad32238576ed34415a1e7511456620d2741c46ba04d4c90e759,2237,90b8360e6d5e2ad32238576ed34415a1e7511456620d2741c46ba04d4c90e759,16de77c7,PRESERVED_IN_COMPLETE_ARCHIVE
WL-REC-0035,WL-REC-0035,docs/history/owner-inputs/record-20261009/WORK-LAB-HISTORICAL-RECORDS-20261009.zip,originals/WORK-LAB_MASTER_ATLAS_2026-09-29.zip ! WORK-LAB_MASTER_ATLAS_2026-09-29/expanded/WORK-LAB-CLOUD-REAUDIT-20260917/WORK-LAB-CLOUD-REAUDIT-20260917/baseline/REPRODUCTION-INDEX.md,sha256:931b52fa6a4751201d8442fb7c5d603862616b87dd3164a8d0fb8f25d8fc1d4a,1941,931b52fa6a4751201d8442fb7c5d603862616b87dd3164a8d0fb8f25d8fc1d4a,631a85dc,PRESERVED_IN_COMPLETE_ARCHIVE
WL-REC-0035,WL-REC-0035,docs/history/owner-inputs/record-20261009/WORK-LAB-HISTORICAL-RECORDS-20261009.zip,originals/WORK-LAB_MASTER_ATLAS_2026-09-29.zip ! WORK-LAB_MASTER_ATLAS_2026-09-29/expanded/WORK-LAB-CLOUD-REAUDIT-20260917/WORK-LAB-CLOUD-REAUDIT-20260917/baseline/WORK-LAB-FULL-CLOUD-AUDIT-20260916.md,sha256:417bb40b2b04eb4fcb8da1bbbb0ef3a257a212e820f5b221006d288ca593e76b,48755,417bb40b2b04eb4fcb8da1bbbb0ef3a257a212e820f5b221006d288ca593e76b,93c17d79,PRESERVED_IN_COMPLETE_ARCHIVE
WL-REC-0035,WL-REC-0035,docs/history/owner-inputs/record-20261009/WORK-LAB-HISTORICAL-RECORDS-20261009.zip,originals/WORK-LAB_MASTER_ATLAS_2026-09-29.zip ! WORK-LAB_MASTER_ATLAS_2026-09-29/expanded/WORK-LAB-CLOUD-REAUDIT-20260917/WORK-LAB-CLOUD-REAUDIT-20260917/baseline/coverage.json,sha256:462c20600b6a62d8c9f4b2027ac8e5d035f2c2050d2adf551621491b3c23a645,22968,462c20600b6a62d8c9f4b2027ac8e5d035f2c2050d2adf551621491b3c23a645,4270d9ac,PRESERVED_IN_COMPLETE_ARCHIVE
WL-REC-0035,WL-REC-0035,docs/history/owner-inputs/record-20261009/WORK-LAB-HISTORICAL-RECORDS-20261009.zip,originals/WORK-LAB_MASTER_ATLAS_2026-09-29.zip ! WORK-LAB_MASTER_ATLAS_2026-09-29/expanded/WORK-LAB-CLOUD-REAUDIT-20260917/WORK-LAB-CLOUD-REAUDIT-20260917/baseline/findings.json,sha256:d6cc57a98a17698109555ce644f189f12309036d295c06f8a2979c6567797f5f,33784,d6cc57a98a17698109555ce644f189f12309036d295c06f8a2979c6567797f5f,1aa687ce,PRESERVED_IN_COMPLETE_ARCHIVE
WL-REC-0035,WL-REC-0035,docs/history/owner-inputs/record-20261009/WORK-LAB-HISTORICAL-RECORDS-20261009.zip,originals/WORK-LAB_MASTER_ATLAS_2026-09-29.zip ! WORK-LAB_MASTER_ATLAS_2026-09-29/expanded/WORK-LAB-CLOUD-REAUDIT-20260917/WORK-LAB-CLOUD-REAUDIT-20260917/baseline/previous_audit/README.md,sha256:2ad92f7b71ededd900daef0750f3cc2a490d2391e4ad9d94b8a09632ac710461,653,2ad92f7b71ededd900daef0750f3cc2a490d2391e4ad9d94b8a09632ac710461,1aa450a6,PRESERVED_IN_COMPLETE_ARCHIVE
WL-REC-0035,WL-REC-0035,docs/history/owner-inputs/record-20261009/WORK-LAB-HISTORICAL-RECORDS-20261009.zip,originals/WORK-LAB_MASTER_ATLAS_2026-09-29.zip ! WORK-LAB_MASTER_ATLAS_2026-09-29/expanded/WORK-LAB-CLOUD-REAUDIT-20260917/WORK-LAB-CLOUD-REAUDIT-20260917/baseline/previous_audit/WORK-LAB-CLOUD-AUDIT-20260916.md,sha256:7fef0af8759944fd219b355c275743cd9a0a4831c949ac9e8c0f7adcf1fea055,13061,7fef0af8759944fd219b355c275743cd9a0a4831c949ac9e8c0f7adcf1fea055,2b6e1613,PRESERVED_IN_COMPLETE_ARCHIVE
WL-REC-0035,WL-REC-0035,docs/history/owner-inputs/record-20261009/WORK-LAB-HISTORICAL-RECORDS-20261009.zip,originals/WORK-LAB_MASTER_ATLAS_2026-09-29.zip ! WORK-LAB_MASTER_ATLAS_2026-09-29/expanded/WORK-LAB-CLOUD-REAUDIT-20260917/WORK-LAB-CLOUD-REAUDIT-20260917/baseline/previous_audit/reproduction_results.json,sha256:0ba32a7bac526e5d588e90d887093a746645259c832cdb1266a9283064c0d702,2977,0ba32a7bac526e5d588e90d887093a746645259c832cdb1266a9283064c0d702,13bc8d0d,PRESERVED_IN_COMPLETE_ARCHIVE
WL-REC-0035,WL-REC-0035,docs/history/owner-inputs/record-20261009/WORK-LAB-HISTORICAL-RECORDS-20261009.zip,originals/WORK-LAB_MASTER_ATLAS_2026-09-29.zip ! WORK-LAB_MASTER_ATLAS_2026-09-29/expanded/WORK-LAB-CLOUD-REAUDIT-20260917/WORK-LAB-CLOUD-REAUDIT-20260917/baseline/previous_audit/source_hashes.json,sha256:4c94bb7b8d4d5ab7412933315c9c5fc9c7961eb5f0fe61e25ca69a90b4ef09f2,411,4c94bb7b8d4d5ab7412933315c9c5fc9c7961eb5f0fe61e25ca69a90b4ef09f2,361d7c46,PRESERVED_IN_COMPLETE_ARCHIVE
WL-REC-0035,WL-REC-0035,docs/history/owner-inputs/record-20261009/WORK-LAB-HISTORICAL-RECORDS-20261009.zip,originals/WORK-LAB_MASTER_ATLAS_2026-09-29.zip ! WORK-LAB_MASTER_ATLAS_2026-09-29/expanded/WORK-LAB-CLOUD-REAUDIT-20260917/WORK-LAB-CLOUD-REAUDIT-20260917/baseline/remote_state.json,sha256:aad13dddca001da3983b4bed2c892d0f956c0c3b9cf8f07008db3cdb10907012,1146,aad13dddca001da3983b4bed2c892d0f956c0c3b9cf8f07008db3cdb10907012,c69cfe1a,PRESERVED_IN_COMPLETE_ARCHIVE
WL-REC-0035,WL-REC-0035,docs/history/owner-inputs/record-20261009/WORK-LAB-HISTORICAL-RECORDS-20261009.zip,originals/WORK-LAB_MASTER_ATLAS_2026-09-29.zip ! WORK-LAB_MASTER_ATLAS_2026-09-29/expanded/WORK-LAB-CLOUD-REAUDIT-20260917/WORK-LAB-CLOUD-REAUDIT-20260917/baseline/results/frontend_counterexamples.json,sha256:8ac980a0459518c3f46e4b6e826973b6412f313672c71024328a17b8fe73564e,1979,8ac980a0459518c3f46e4b6e826973b6412f313672c71024328a17b8fe73564e,6a173f0a,PRESERVED_IN_COMPLETE_ARCHIVE
WL-REC-0035,WL-REC-0035,docs/history/owner-inputs/record-20261009/WORK-LAB-HISTORICAL-RECORDS-20261009.zip,originals/WORK-LAB_MASTER_ATLAS_2026-09-29.zip ! WORK-LAB_MASTER_ATLAS_2026-09-29/expanded/WORK-LAB-CLOUD-REAUDIT-20260917/WORK-LAB-CLOUD-REAUDIT-20260917/baseline/results/python_counterexamples.json,sha256:770d3b5b1aee64b754a5db851dc1d2a0c3fd9b85bc027bef6ce97f759b464b51,3873,770d3b5b1aee64b754a5db851dc1d2a0c3fd9b85bc027bef6ce97f759b464b51,8bd51568,PRESERVED_IN_COMPLETE_ARCHIVE
WL-REC-0035,WL-REC-0035,docs/history/owner-inputs/record-20261009/WORK-LAB-HISTORICAL-RECORDS-20261009.zip,originals/WORK-LAB_MASTER_ATLAS_2026-09-29.zip ! WORK-LAB_MASTER_ATLAS_2026-09-29/expanded/WORK-LAB-CLOUD-REAUDIT-20260917/WORK-LAB-CLOUD-REAUDIT-20260917/baseline/results/summary.json,sha256:9b298036801660e08815496049eef7877df6641dd81c87c4fc33355b17533fda,373,9b298036801660e08815496049eef7877df6641dd81c87c4fc33355b17533fda,6b3aea7a,PRESERVED_IN_COMPLETE_ARCHIVE
WL-REC-0035,WL-REC-0035,docs/history/owner-inputs/record-20261009/WORK-LAB-HISTORICAL-RECORDS-20261009.zip,originals/WORK-LAB_MASTER_ATLAS_2026-09-29.zip ! WORK-LAB_MASTER_ATLAS_2026-09-29/expanded/WORK-LAB-CLOUD-REAUDIT-20260917/WORK-LAB-CLOUD-REAUDIT-20260917/baseline/source_hashes.json,sha256:a67e80e85bd70176c37e9287bf807dea60092fbc3bb2b9b7f65a78fecbf19156,3070,a67e80e85bd70176c37e9287bf807dea60092fbc3bb2b9b7f65a78fecbf19156,2d7c2bb4,PRESERVED_IN_COMPLETE_ARCHIVE
WL-REC-0035,WL-REC-0035,docs/history/owner-inputs/record-20261009/WORK-LAB-HISTORICAL-RECORDS-20261009.zip,originals/WORK-LAB_MASTER_ATLAS_2026-09-29.zip ! WORK-LAB_MASTER_ATLAS_2026-09-29/expanded/WORK-LAB-CLOUD-REAUDIT-20260917/WORK-LAB-CLOUD-REAUDIT-20260917/findings.json,sha256:27dd1f289c6a800baefa8c4bb4a72c87364bc91813622a15b073f15fe7893554,5881,27dd1f289c6a800baefa8c4bb4a72c87364bc91813622a15b073f15fe7893554,c718a8fa,PRESERVED_IN_COMPLETE_ARCHIVE
WL-REC-0035,WL-REC-0035,docs/history/owner-inputs/record-20261009/WORK-LAB-HISTORICAL-RECORDS-20261009.zip,originals/WORK-LAB_MASTER_ATLAS_2026-09-29.zip ! WORK-LAB_MASTER_ATLAS_2026-09-29/expanded/WORK-LAB-CLOUD-REAUDIT-20260917/WORK-LAB-CLOUD-REAUDIT-20260917/remote_snapshot.json,sha256:439aaa33e7ed1e84c8465cfcc1540336d0965cc40c2e66e7c97e454daca68b75,3358,439aaa33e7ed1e84c8465cfcc1540336d0965cc40c2e66e7c97e454daca68b75,619e6255,PRESERVED_IN_COMPLETE_ARCHIVE
WL-REC-0035,WL-REC-0035,docs/history/owner-inputs/record-20261009/WORK-LAB-HISTORICAL-RECORDS-20261009.zip,originals/WORK-LAB_MASTER_ATLAS_2026-09-29.zip ! WORK-LAB_MASTER_ATLAS_2026-09-29/expanded/WORK-LAB-CLOUD-REAUDIT-20260917/WORK-LAB-CLOUD-REAUDIT-20260917/results/baseline_rerun.json,sha256:f65cd35d4957e45bc4762e2227f24d7437a009351bc0b34f9084703af32e8b09,571,f65cd35d4957e45bc4762e2227f24d7437a009351bc0b34f9084703af32e8b09,306b18fc,PRESERVED_IN_COMPLETE_ARCHIVE
WL-REC-0035,WL-REC-0035,docs/history/owner-inputs/record-20261009/WORK-LAB-HISTORICAL-RECORDS-20261009.zip,originals/WORK-LAB_MASTER_ATLAS_2026-09-29.zip ! WORK-LAB_MASTER_ATLAS_2026-09-29/expanded/WORK-LAB-CLOUD-REAUDIT-20260917/WORK-LAB-CLOUD-REAUDIT-20260917/results/new_counterexamples.json,sha256:98abbac632941bc2108d39f921138b3c6b313dc99a8d718e84e991c823ef3ebe,6632,98abbac632941bc2108d39f921138b3c6b313dc99a8d718e84e991c823ef3ebe,5d60e226,PRESERVED_IN_COMPLETE_ARCHIVE
WL-REC-0035,WL-REC-0035,docs/history/owner-inputs/record-20261009/WORK-LAB-HISTORICAL-RECORDS-20261009.zip,originals/WORK-LAB_MASTER_ATLAS_2026-09-29.zip ! WORK-LAB_MASTER_ATLAS_2026-09-29/expanded/WORK-LAB-CLOUD-REAUDIT-20260917/WORK-LAB-CLOUD-REAUDIT-20260917/results/summary.json,sha256:83957cbe992b693850d253b2cae7766330661e7d25d73fb1b9588bb2df46358e,407,83957cbe992b693850d253b2cae7766330661e7d25d73fb1b9588bb2df46358e,946c01ce,PRESERVED_IN_COMPLETE_ARCHIVE
WL-REC-0035,WL-REC-0035,docs/history/owner-inputs/record-20261009/WORK-LAB-HISTORICAL-RECORDS-20261009.zip,originals/WORK-LAB_MASTER_ATLAS_2026-09-29.zip ! WORK-LAB_MASTER_ATLAS_2026-09-29/expanded/WORK-LAB-CLOUD-REAUDIT-20260917/WORK-LAB-CLOUD-REAUDIT-20260917/source_integrity.json,sha256:0234df7985cf74aef08ced231af267d75aad7f623deba5be244e630900f9eaf1,4515,0234df7985cf74aef08ced231af267d75aad7f623deba5be244e630900f9eaf1,7f86650c,PRESERVED_IN_COMPLETE_ARCHIVE
WL-REC-0035,WL-REC-0035,docs/history/owner-inputs/record-20261009/WORK-LAB-HISTORICAL-RECORDS-20261009.zip,originals/WORK-LAB_MASTER_ATLAS_2026-09-29.zip ! WORK-LAB_MASTER_ATLAS_2026-09-29/expanded/WORK-LAB-CROSS-MAINTENANCE-2026-09-14/WORK-LAB-CROSS-MAINTENANCE-2026-09-14/00-ORDER-AND-HANDOFF.md,sha256:33f19805e0b1fd51fb863df9e1ab23e9488cd7226ada35fef037df9c90e9469f,6961,33f19805e0b1fd51fb863df9e1ab23e9488cd7226ada35fef037df9c90e9469f,0f8d0096,PRESERVED_IN_COMPLETE_ARCHIVE
WL-REC-0035,WL-REC-0035,docs/history/owner-inputs/record-20261009/WORK-LAB-HISTORICAL-RECORDS-20261009.zip,originals/WORK-LAB_MASTER_ATLAS_2026-09-29.zip ! WORK-LAB_MASTER_ATLAS_2026-09-29/expanded/WORK-LAB-CROSS-MAINTENANCE-2026-09-14/WORK-LAB-CROSS-MAINTENANCE-2026-09-14/01-DSH-TO-HERMES.md,sha256:ba45d0ef8459510c27a6b8010628b1d1fd9fc3e0c1dfb9985da3f2ceb46367ec,6814,ba45d0ef8459510c27a6b8010628b1d1fd9fc3e0c1dfb9985da3f2ceb46367ec,1905b710,PRESERVED_IN_COMPLETE_ARCHIVE
WL-REC-0035,WL-REC-0035,docs/history/owner-inputs/record-20261009/WORK-LAB-HISTORICAL-RECORDS-20261009.zip,originals/WORK-LAB_MASTER_ATLAS_2026-09-29.zip ! WORK-LAB_MASTER_ATLAS_2026-09-29/expanded/WORK-LAB-CROSS-MAINTENANCE-2026-09-14/WORK-LAB-CROSS-MAINTENANCE-2026-09-14/02-HERMES-TO-CODEX.md,sha256:a2e45d14b5327bf011a845ce34732982486aa6762c4b99803925f95caa4f0ccf,7007,a2e45d14b5327bf011a845ce34732982486aa6762c4b99803925f95caa4f0ccf,4c90fa3c,PRESERVED_IN_COMPLETE_ARCHIVE
WL-REC-0035,WL-REC-0035,docs/history/owner-inputs/record-20261009/WORK-LAB-HISTORICAL-RECORDS-20261009.zip,originals/WORK-LAB_MASTER_ATLAS_2026-09-29.zip ! WORK-LAB_MASTER_ATLAS_2026-09-29/expanded/WORK-LAB-CROSS-MAINTENANCE-2026-09-14/WORK-LAB-CROSS-MAINTENANCE-2026-09-14/03-CODEX-TO-DSH.md,sha256:e7b64094c4adc08831b2a8343e507a9f98eab3d7b6cdd1ae9640e610da7c0537,6502,e7b64094c4adc08831b2a8343e507a9f98eab3d7b6cdd1ae9640e610da7c0537,41033ce1,PRESERVED_IN_COMPLETE_ARCHIVE
WL-REC-0035,WL-REC-0035,docs/history/owner-inputs/record-20261009/WORK-LAB-HISTORICAL-RECORDS-20261009.zip,originals/WORK-LAB_MASTER_ATLAS_2026-09-29.zip ! WORK-LAB_MASTER_ATLAS_2026-09-29/expanded/WORK-LAB-CROSS-MAINTENANCE-2026-09-14/WORK-LAB-CROSS-MAINTENANCE-2026-09-14/04-INDEPENDENT-AUDIT.md,sha256:6f64d6688c41a6534c2820a4ca175d8ab3cfa7ef167ba883923b8b1200a85caf,6539,6f64d6688c41a6534c2820a4ca175d8ab3cfa7ef167ba883923b8b1200a85caf,17bd39b3,PRESERVED_IN_COMPLETE_ARCHIVE
WL-REC-0035,WL-REC-0035,docs/history/owner-inputs/record-20261009/WORK-LAB-HISTORICAL-RECORDS-20261009.zip,originals/WORK-LAB_MASTER_ATLAS_2026-09-29.zip ! WORK-LAB_MASTER_ATLAS_2026-09-29/expanded/WORK-LAB-EXECUTION-EFFICIENCY-REPAIR-PACK-v1.0.0-READY/WORK-LAB-EXECUTION-EFFICIENCY-REPAIR-PACK-v1.0.0/00_START_HERE.md,sha256:ec846d0bc0c90d0594791edc55c4e0e9fa1fc0b9bed29415a63565b4446aa474,2600,ec846d0bc0c90d0594791edc55c4e0e9fa1fc0b9bed29415a63565b4446aa474,76a1ebec,PRESERVED_IN_COMPLETE_ARCHIVE
WL-REC-0035,WL-REC-0035,docs/history/owner-inputs/record-20261009/WORK-LAB-HISTORICAL-RECORDS-20261009.zip,originals/WORK-LAB_MASTER_ATLAS_2026-09-29.zip ! WORK-LAB_MASTER_ATLAS_2026-09-29/expanded/WORK-LAB-EXECUTION-EFFICIENCY-REPAIR-PACK-v1.0.0-READY/WORK-LAB-EXECUTION-EFFICIENCY-REPAIR-PACK-v1.0.0/01_MASTER_HERMES_TASKPACK.md,sha256:2efcb857329c34253e2086789f7849f9bc09d6456826ff3b280252c63cdc8cc3,4867,2efcb857329c34253e2086789f7849f9bc09d6456826ff3b280252c63cdc8cc3,927944ef,PRESERVED_IN_COMPLETE_ARCHIVE
WL-REC-0035,WL-REC-0035,docs/history/owner-inputs/record-20261009/WORK-LAB-HISTORICAL-RECORDS-20261009.zip,originals/WORK-LAB_MASTER_ATLAS_2026-09-29.zip ! WORK-LAB_MASTER_ATLAS_2026-09-29/expanded/WORK-LAB-EXECUTION-EFFICIENCY-REPAIR-PACK-v1.0.0-READY/WORK-LAB-EXECUTION-EFFICIENCY-REPAIR-PACK-v1.0.0/02_TARGET_ARCHITECTURE.md,sha256:be508b0f86069eafd694f069ec7c828e688622e9666dcc0794b2006f47d3080c,3410,be508b0f86069eafd694f069ec7c828e688622e9666dcc0794b2006f47d3080c,aaf748c1,PRESERVED_IN_COMPLETE_ARCHIVE
WL-REC-0035,WL-REC-0035,docs/history/owner-inputs/record-20261009/WORK-LAB-HISTORICAL-RECORDS-20261009.zip,originals/WORK-LAB_MASTER_ATLAS_2026-09-29.zip ! WORK-LAB_MASTER_ATLAS_2026-09-29/expanded/WORK-LAB-EXECUTION-EFFICIENCY-REPAIR-PACK-v1.0.0-READY/WORK-LAB-EXECUTION-EFFICIENCY-REPAIR-PACK-v1.0.0/03_IMPLEMENTATION_TASK_MATRIX.md,sha256:2eb3dbbe6974101bddf4308a5ea9b703075a85bb1a4c884f96f5ba2d984a6b3f,5087,2eb3dbbe6974101bddf4308a5ea9b703075a85bb1a4c884f96f5ba2d984a6b3f,c4b601f8,PRESERVED_IN_COMPLETE_ARCHIVE
WL-REC-0035,WL-REC-0035,docs/history/owner-inputs/record-20261009/WORK-LAB-HISTORICAL-RECORDS-20261009.zip,originals/WORK-LAB_MASTER_ATLAS_2026-09-29.zip ! WORK-LAB_MASTER_ATLAS_2026-09-29/expanded/WORK-LAB-EXECUTION-EFFICIENCY-REPAIR-PACK-v1.0.0-READY/WORK-LAB-EXECUTION-EFFICIENCY-REPAIR-PACK-v1.0.0/04_GLOBAL_ENGINE_SPEC.md,sha256:faaa32bb25463ff282a22e8d0a4c66abb8b6f9d95f90eb2670d10f6591338775,3460,faaa32bb25463ff282a22e8d0a4c66abb8b6f9d95f90eb2670d10f6591338775,74906107,PRESERVED_IN_COMPLETE_ARCHIVE
WL-REC-0035,WL-REC-0035,docs/history/owner-inputs/record-20261009/WORK-LAB-HISTORICAL-RECORDS-20261009.zip,originals/WORK-LAB_MASTER_ATLAS_2026-09-29.zip ! WORK-LAB_MASTER_ATLAS_2026-09-29/expanded/WORK-LAB-EXECUTION-EFFICIENCY-REPAIR-PACK-v1.0.0-READY/WORK-LAB-EXECUTION-EFFICIENCY-REPAIR-PACK-v1.0.0/05_CI_GITHUB_BLOCKER_SPEC.md,sha256:7418290ac7dbd1275bcca5bcfa1e9e8af240a09cc800d4f782b9bb375df3edc1,3134,7418290ac7dbd1275bcca5bcfa1e9e8af240a09cc800d4f782b9bb375df3edc1,d359ad09,PRESERVED_IN_COMPLETE_ARCHIVE
WL-REC-0035,WL-REC-0035,docs/history/owner-inputs/record-20261009/WORK-LAB-HISTORICAL-RECORDS-20261009.zip,originals/WORK-LAB_MASTER_ATLAS_2026-09-29.zip ! WORK-LAB_MASTER_ATLAS_2026-09-29/expanded/WORK-LAB-EXECUTION-EFFICIENCY-REPAIR-PACK-v1.0.0-READY/WORK-LAB-EXECUTION-EFFICIENCY-REPAIR-PACK-v1.0.0/06_EVIDENCE_HASH_REVIEW_SPEC.md,sha256:7d44e20d57807680f6e3544f02dd7718c52be3323bdffd24279b76ddd89d3475,2524,7d44e20d57807680f6e3544f02dd7718c52be3323bdffd24279b76ddd89d3475,a84f66d3,PRESERVED_IN_COMPLETE_ARCHIVE
WL-REC-0035,WL-REC-0035,docs/history/owner-inputs/record-20261009/WORK-LAB-HISTORICAL-RECORDS-20261009.zip,originals/WORK-LAB_MASTER_ATLAS_2026-09-29.zip ! WORK-LAB_MASTER_ATLAS_2026-09-29/expanded/WORK-LAB-EXECUTION-EFFICIENCY-REPAIR-PACK-v1.0.0-READY/WORK-LAB-EXECUTION-EFFICIENCY-REPAIR-PACK-v1.0.0/07_GLOBAL_DEPLOYMENT_AND_OS_ADAPTER.md,sha256:402da115d851944c3c62e41e7aae8f815524165edfa06b6384714fab974ababd,2711,402da115d851944c3c62e41e7aae8f815524165edfa06b6384714fab974ababd,e60e9fce,PRESERVED_IN_COMPLETE_ARCHIVE
WL-REC-0035,WL-REC-0035,docs/history/owner-inputs/record-20261009/WORK-LAB-HISTORICAL-RECORDS-20261009.zip,originals/WORK-LAB_MASTER_ATLAS_2026-09-29.zip ! WORK-LAB_MASTER_ATLAS_2026-09-29/expanded/WORK-LAB-EXECUTION-EFFICIENCY-REPAIR-PACK-v1.0.0-READY/WORK-LAB-EXECUTION-EFFICIENCY-REPAIR-PACK-v1.0.0/08_ACCEPTANCE_ROLLBACK_HANDOFF.md,sha256:acb697263ab896c85c12a76e1345e237be2f8a75dc34e465d55b44a5f1e0720d,3441,acb697263ab896c85c12a76e1345e237be2f8a75dc34e465d55b44a5f1e0720d,50d42067,PRESERVED_IN_COMPLETE_ARCHIVE
WL-REC-0035,WL-REC-0035,docs/history/owner-inputs/record-20261009/WORK-LAB-HISTORICAL-RECORDS-20261009.zip,originals/WORK-LAB_MASTER_ATLAS_2026-09-29.zip ! WORK-LAB_MASTER_ATLAS_2026-09-29/expanded/WORK-LAB-EXECUTION-EFFICIENCY-REPAIR-PACK-v1.0.0-READY/WORK-LAB-EXECUTION-EFFICIENCY-REPAIR-PACK-v1.0.0/HERMES_START_PROMPT.txt,sha256:399b446dc76e80d00fdc880e1aa7671053b1b8d017d1a584706f645e85df8550,1490,399b446dc76e80d00fdc880e1aa7671053b1b8d017d1a584706f645e85df8550,5590cfd1,PRESERVED_IN_COMPLETE_ARCHIVE
WL-REC-0035,WL-REC-0035,docs/history/owner-inputs/record-20261009/WORK-LAB-HISTORICAL-RECORDS-20261009.zip,originals/WORK-LAB_MASTER_ATLAS_2026-09-29.zip ! WORK-LAB_MASTER_ATLAS_2026-09-29/expanded/WORK-LAB-EXECUTION-EFFICIENCY-REPAIR-PACK-v1.0.0-READY/WORK-LAB-EXECUTION-EFFICIENCY-REPAIR-PACK-v1.0.0/MANIFEST.yaml,sha256:ae617958252a49256c43d486336e01c159b3452ded286e6fbb7f6bf08ec946d2,1276,ae617958252a49256c43d486336e01c159b3452ded286e6fbb7f6bf08ec946d2,346cefed,PRESERVED_IN_COMPLETE_ARCHIVE
WL-REC-0035,WL-REC-0035,docs/history/owner-inputs/record-20261009/WORK-LAB-HISTORICAL-RECORDS-20261009.zip,originals/WORK-LAB_MASTER_ATLAS_2026-09-29.zip ! WORK-LAB_MASTER_ATLAS_2026-09-29/expanded/WORK-LAB-EXECUTION-EFFICIENCY-REPAIR-PACK-v1.0.0-READY/WORK-LAB-EXECUTION-EFFICIENCY-REPAIR-PACK-v1.0.0/contracts/gate-registry.example.yaml,sha256:94c05cf4063b51189e727decdc03319d980c4cad6fdf3dc181e499512b43a468,703,94c05cf4063b51189e727decdc03319d980c4cad6fdf3dc181e499512b43a468,7e9c2395,PRESERVED_IN_COMPLETE_ARCHIVE
WL-REC-0035,WL-REC-0035,docs/history/owner-inputs/record-20261009/WORK-LAB-HISTORICAL-RECORDS-20261009.zip,originals/WORK-LAB_MASTER_ATLAS_2026-09-29.zip ! WORK-LAB_MASTER_ATLAS_2026-09-29/expanded/WORK-LAB-EXECUTION-EFFICIENCY-REPAIR-PACK-v1.0.0-READY/WORK-LAB-EXECUTION-EFFICIENCY-REPAIR-PACK-v1.0.0/profiles/cognitive-loop-os.project-profile.example.yaml,sha256:3f4b520b7b73051b00c070a01b0335d38d70b133d62617096b4a1d26cf8ccd2c,2976,3f4b520b7b73051b00c070a01b0335d38d70b133d62617096b4a1d26cf8ccd2c,b8b97727,PRESERVED_IN_COMPLETE_ARCHIVE
WL-REC-0035,WL-REC-0035,docs/history/owner-inputs/record-20261009/WORK-LAB-HISTORICAL-RECORDS-20261009.zip,originals/WORK-LAB_MASTER_ATLAS_2026-09-29.zip ! WORK-LAB_MASTER_ATLAS_2026-09-29/expanded/WORK-LAB-EXECUTION-EFFICIENCY-REPAIR-PACK-v1.0.0-READY/WORK-LAB-EXECUTION-EFFICIENCY-REPAIR-PACK-v1.0.0/profiles/work-lab.project-profile.example.yaml,sha256:92eaa85d45995db458a673272fff977da4a9a2a3aa91e41dd8758838bb73224b,1530,92eaa85d45995db458a673272fff977da4a9a2a3aa91e41dd8758838bb73224b,3319ab83,PRESERVED_IN_COMPLETE_ARCHIVE
WL-REC-0035,WL-REC-0035,docs/history/owner-inputs/record-20261009/WORK-LAB-HISTORICAL-RECORDS-20261009.zip,originals/WORK-LAB_MASTER_ATLAS_2026-09-29.zip ! WORK-LAB_MASTER_ATLAS_2026-09-29/expanded/WORK-LAB-FINAL-EXECUTION-PACK-v3.0.0/WORK-LAB-FINAL-EXECUTION-PACK-v3.0.0/00_START_HERE.md,sha256:20e812046dcbc31ae9d67112901fc213462621b6d8241a0eecdc27ff95fde5b8,4333,20e812046dcbc31ae9d67112901fc213462621b6d8241a0eecdc27ff95fde5b8,e18b6e89,PRESERVED_IN_COMPLETE_ARCHIVE
WL-REC-0035,WL-REC-0035,docs/history/owner-inputs/record-20261009/WORK-LAB-HISTORICAL-RECORDS-20261009.zip,originals/WORK-LAB_MASTER_ATLAS_2026-09-29.zip ! WORK-LAB_MASTER_ATLAS_2026-09-29/expanded/WORK-LAB-FINAL-EXECUTION-PACK-v3.0.0/WORK-LAB-FINAL-EXECUTION-PACK-v3.0.0/01_FINAL_AUDIT.md,sha256:26d2b2659cbe7b17f55f7f963922ab0d891883a5f8242a19fc7c1d8061e29df4,7417,26d2b2659cbe7b17f55f7f963922ab0d891883a5f8242a19fc7c1d8061e29df4,eeac15dd,PRESERVED_IN_COMPLETE_ARCHIVE
WL-REC-0035,WL-REC-0035,docs/history/owner-inputs/record-20261009/WORK-LAB-HISTORICAL-RECORDS-20261009.zip,originals/WORK-LAB_MASTER_ATLAS_2026-09-29.zip ! WORK-LAB_MASTER_ATLAS_2026-09-29/expanded/WORK-LAB-FINAL-EXECUTION-PACK-v3.0.0/WORK-LAB-FINAL-EXECUTION-PACK-v3.0.0/02_CANONICAL_ARCHITECTURE.md,sha256:ad8ad6f3e52c2848ac13caa90ef979fcecbe7a31693bd02e40fb73b2b1ef4516,6749,ad8ad6f3e52c2848ac13caa90ef979fcecbe7a31693bd02e40fb73b2b1ef4516,b4cce17d,PRESERVED_IN_COMPLETE_ARCHIVE
WL-REC-0035,WL-REC-0035,docs/history/owner-inputs/record-20261009/WORK-LAB-HISTORICAL-RECORDS-20261009.zip,originals/WORK-LAB_MASTER_ATLAS_2026-09-29.zip ! WORK-LAB_MASTER_ATLAS_2026-09-29/expanded/WORK-LAB-FINAL-EXECUTION-PACK-v3.0.0/WORK-LAB-FINAL-EXECUTION-PACK-v3.0.0/03_EXECUTION_MASTER_PLAN.md,sha256:ff65c8de928bd52ac34303b29e2b389c913ed4c03dfb462c3020c48bdfdeda00,6416,ff65c8de928bd52ac34303b29e2b389c913ed4c03dfb462c3020c48bdfdeda00,41eda2f4,PRESERVED_IN_COMPLETE_ARCHIVE
WL-REC-0035,WL-REC-0035,docs/history/owner-inputs/record-20261009/WORK-LAB-HISTORICAL-RECORDS-20261009.zip,originals/WORK-LAB_MASTER_ATLAS_2026-09-29.zip ! WORK-LAB_MASTER_ATLAS_2026-09-29/expanded/WORK-LAB-FINAL-EXECUTION-PACK-v3.0.0/WORK-LAB-FINAL-EXECUTION-PACK-v3.0.0/04_TASK_CARDS.yaml,sha256:0cfe9411de18580b33657eea4b69ff2a2c69b6aa216877cba701078272fb282d,27909,0cfe9411de18580b33657eea4b69ff2a2c69b6aa216877cba701078272fb282d,89afd601,PRESERVED_IN_COMPLETE_ARCHIVE
WL-REC-0035,WL-REC-0035,docs/history/owner-inputs/record-20261009/WORK-LAB-HISTORICAL-RECORDS-20261009.zip,originals/WORK-LAB_MASTER_ATLAS_2026-09-29.zip ! WORK-LAB_MASTER_ATLAS_2026-09-29/expanded/WORK-LAB-FINAL-EXECUTION-PACK-v3.0.0/WORK-LAB-FINAL-EXECUTION-PACK-v3.0.0/05_AUTOMATION_MEMORY_GOVERNANCE.md,sha256:78b84a80af88a1fc97138f640c7121f1a5b49de8712d4e1a0823ef214e2f468f,7409,78b84a80af88a1fc97138f640c7121f1a5b49de8712d4e1a0823ef214e2f468f,d0adbd23,PRESERVED_IN_COMPLETE_ARCHIVE
WL-REC-0035,WL-REC-0035,docs/history/owner-inputs/record-20261009/WORK-LAB-HISTORICAL-RECORDS-20261009.zip,originals/WORK-LAB_MASTER_ATLAS_2026-09-29.zip ! WORK-LAB_MASTER_ATLAS_2026-09-29/expanded/WORK-LAB-FINAL-EXECUTION-PACK-v3.0.0/WORK-LAB-FINAL-EXECUTION-PACK-v3.0.0/06_ADAPTER_AND_RUNTIME_SPEC.md,sha256:dc8be9ca3a0c386f09fed17873ca3888027b474a8a073551352ba0bd4f2c0b06,5630,dc8be9ca3a0c386f09fed17873ca3888027b474a8a073551352ba0bd4f2c0b06,09980aa1,PRESERVED_IN_COMPLETE_ARCHIVE
WL-REC-0035,WL-REC-0035,docs/history/owner-inputs/record-20261009/WORK-LAB-HISTORICAL-RECORDS-20261009.zip,originals/WORK-LAB_MASTER_ATLAS_2026-09-29.zip ! WORK-LAB_MASTER_ATLAS_2026-09-29/expanded/WORK-LAB-FINAL-EXECUTION-PACK-v3.0.0/WORK-LAB-FINAL-EXECUTION-PACK-v3.0.0/07_OPEN_DESIGN_AND_OBSERVER_SPEC.md,sha256:789a5f8255765e31bec8adf5fccd0d68ff8de28da369284fd5bc379f439c1352,5923,789a5f8255765e31bec8adf5fccd0d68ff8de28da369284fd5bc379f439c1352,2fdc74ea,PRESERVED_IN_COMPLETE_ARCHIVE
WL-REC-0035,WL-REC-0035,docs/history/owner-inputs/record-20261009/WORK-LAB-HISTORICAL-RECORDS-20261009.zip,originals/WORK-LAB_MASTER_ATLAS_2026-09-29.zip ! WORK-LAB_MASTER_ATLAS_2026-09-29/expanded/WORK-LAB-FINAL-EXECUTION-PACK-v3.0.0/WORK-LAB-FINAL-EXECUTION-PACK-v3.0.0/08_TEST_ACCEPTANCE_MATRIX.md,sha256:700baa411beb25fc49a7ce215e6d1e51e634d9027a60901b319835f79f052cfa,6164,700baa411beb25fc49a7ce215e6d1e51e634d9027a60901b319835f79f052cfa,047b8a28,PRESERVED_IN_COMPLETE_ARCHIVE
WL-REC-0035,WL-REC-0035,docs/history/owner-inputs/record-20261009/WORK-LAB-HISTORICAL-RECORDS-20261009.zip,originals/WORK-LAB_MASTER_ATLAS_2026-09-29.zip ! WORK-LAB_MASTER_ATLAS_2026-09-29/expanded/WORK-LAB-FINAL-EXECUTION-PACK-v3.0.0/WORK-LAB-FINAL-EXECUTION-PACK-v3.0.0/09_DEPLOYMENT_ROLLBACK_RUNBOOK.md,sha256:7e8e968ac1b1cb1d3db651423b9dc3899cdc0b2dd939bde9422722ac8d653098,5438,7e8e968ac1b1cb1d3db651423b9dc3899cdc0b2dd939bde9422722ac8d653098,56c7ffdc,PRESERVED_IN_COMPLETE_ARCHIVE
WL-REC-0035,WL-REC-0035,docs/history/owner-inputs/record-20261009/WORK-LAB-HISTORICAL-RECORDS-20261009.zip,originals/WORK-LAB_MASTER_ATLAS_2026-09-29.zip ! WORK-LAB_MASTER_ATLAS_2026-09-29/expanded/WORK-LAB-FINAL-EXECUTION-PACK-v3.0.0/WORK-LAB-FINAL-EXECUTION-PACK-v3.0.0/10_HERMES_START_COMMAND.md,sha256:5308b368e3f03490233d2a31038476625bb2f5c88df2ff7edafba7b1ecb29b62,3979,5308b368e3f03490233d2a31038476625bb2f5c88df2ff7edafba7b1ecb29b62,05f6c43f,PRESERVED_IN_COMPLETE_ARCHIVE
WL-REC-0035,WL-REC-0035,docs/history/owner-inputs/record-20261009/WORK-LAB-HISTORICAL-RECORDS-20261009.zip,originals/WORK-LAB_MASTER_ATLAS_2026-09-29.zip ! WORK-LAB_MASTER_ATLAS_2026-09-29/expanded/WORK-LAB-FINAL-EXECUTION-PACK-v3.0.0/WORK-LAB-FINAL-EXECUTION-PACK-v3.0.0/SOURCE_REFERENCES.md,sha256:762f56f39c0dee10f31c0514510ee69aea5d451065800744816b9841296536d6,4273,762f56f39c0dee10f31c0514510ee69aea5d451065800744816b9841296536d6,8448362d,PRESERVED_IN_COMPLETE_ARCHIVE
WL-REC-0035,WL-REC-0035,docs/history/owner-inputs/record-20261009/WORK-LAB-HISTORICAL-RECORDS-20261009.zip,originals/WORK-LAB_MASTER_ATLAS_2026-09-29.zip ! WORK-LAB_MASTER_ATLAS_2026-09-29/expanded/WORK-LAB-FINAL-EXECUTION-PACK-v3.0.0/WORK-LAB-FINAL-EXECUTION-PACK-v3.0.0/automation-policy.example.yaml,sha256:2b6acede275566857241ea9bd54408e3a975a8c87b3c00e253e40c07015f845a,1277,2b6acede275566857241ea9bd54408e3a975a8c87b3c00e253e40c07015f845a,9fcd27df,PRESERVED_IN_COMPLETE_ARCHIVE
WL-REC-0035,WL-REC-0035,docs/history/owner-inputs/record-20261009/WORK-LAB-HISTORICAL-RECORDS-20261009.zip,originals/WORK-LAB_MASTER_ATLAS_2026-09-29.zip ! WORK-LAB_MASTER_ATLAS_2026-09-29/expanded/WORK-LAB-FINAL-EXECUTION-PACK-v3.0.0/WORK-LAB-FINAL-EXECUTION-PACK-v3.0.0/taskpack-manifest.yaml,sha256:ea6288ab220194921fe82c0a7b68955e5d8c88d8f721ac3ed6ca2f87c1886599,4617,ea6288ab220194921fe82c0a7b68955e5d8c88d8f721ac3ed6ca2f87c1886599,292d24f8,PRESERVED_IN_COMPLETE_ARCHIVE
WL-REC-0035,WL-REC-0035,docs/history/owner-inputs/record-20261009/WORK-LAB-HISTORICAL-RECORDS-20261009.zip,originals/WORK-LAB_MASTER_ATLAS_2026-09-29.zip ! WORK-LAB_MASTER_ATLAS_2026-09-29/expanded/WORK-LAB-FULL-AUDIT-AND-REPAIR-2026-09-15/PREVIOUS-BRANCH-HANDOFF-AUDIT.md,sha256:0445b74c23748a1a0839e54408dee9cbf05fbad3790e49195538df0ac4ed0912,40065,0445b74c23748a1a0839e54408dee9cbf05fbad3790e49195538df0ac4ed0912,eada8fc6,PRESERVED_IN_COMPLETE_ARCHIVE
WL-REC-0035,WL-REC-0035,docs/history/owner-inputs/record-20261009/WORK-LAB-HISTORICAL-RECORDS-20261009.zip,originals/WORK-LAB_MASTER_ATLAS_2026-09-29.zip ! WORK-LAB_MASTER_ATLAS_2026-09-29/expanded/WORK-LAB-FULL-AUDIT-AND-REPAIR-2026-09-15/READ-ME-FIRST.md,sha256:c18332f0ec6e91551e4154f99371f1821562a5bd0b44d1982f8e110bbdc61800,16114,c18332f0ec6e91551e4154f99371f1821562a5bd0b44d1982f8e110bbdc61800,3447910d,PRESERVED_IN_COMPLETE_ARCHIVE
WL-REC-0035,WL-REC-0035,docs/history/owner-inputs/record-20261009/WORK-LAB-HISTORICAL-RECORDS-20261009.zip,originals/WORK-LAB_MASTER_ATLAS_2026-09-29.zip ! WORK-LAB_MASTER_ATLAS_2026-09-29/expanded/WORK-LAB-FULL-AUDIT-AND-REPAIR-2026-09-15/evidence/behavior-counterexamples.json,sha256:cdc74e948b0e69919587cef6516fbd540cbaa943801ff66d1b444ecb40389a5c,1933,cdc74e948b0e69919587cef6516fbd540cbaa943801ff66d1b444ecb40389a5c,55e462c9,PRESERVED_IN_COMPLETE_ARCHIVE
WL-REC-0035,WL-REC-0035,docs/history/owner-inputs/record-20261009/WORK-LAB-HISTORICAL-RECORDS-20261009.zip,originals/WORK-LAB_MASTER_ATLAS_2026-09-29.zip ! WORK-LAB_MASTER_ATLAS_2026-09-29/expanded/WORK-LAB-FULL-AUDIT-AND-REPAIR-2026-09-15/evidence/full-scan.json,sha256:adeeac3954cd3e1b3d2697fa405eb80106ac02442f9b980a8e327cdbb28789ba,744727,adeeac3954cd3e1b3d2697fa405eb80106ac02442f9b980a8e327cdbb28789ba,424c55f1,PRESERVED_IN_COMPLETE_ARCHIVE
WL-REC-0035,WL-REC-0035,docs/history/owner-inputs/record-20261009/WORK-LAB-HISTORICAL-RECORDS-20261009.zip,originals/WORK-LAB_MASTER_ATLAS_2026-09-29.zip ! WORK-LAB_MASTER_ATLAS_2026-09-29/expanded/WORK-LAB-FULL-AUDIT-AND-REPAIR-2026-09-15/evidence/verification-receipt.json,sha256:75fc07332b65ec65e4ac7221325c83c2d2d6678c6aacf870220329a4b3460342,1091,75fc07332b65ec65e4ac7221325c83c2d2d6678c6aacf870220329a4b3460342,33c0049b,PRESERVED_IN_COMPLETE_ARCHIVE
WL-REC-0035,WL-REC-0035,docs/history/owner-inputs/record-20261009/WORK-LAB-HISTORICAL-RECORDS-20261009.zip,originals/WORK-LAB_MASTER_ATLAS_2026-09-29.zip ! WORK-LAB_MASTER_ATLAS_2026-09-29/expanded/WORK-LAB-FULL-CLOUD-AUDIT-20260916/WORK-LAB-FULL-CLOUD-AUDIT-20260916/AUDIT-COVERAGE.csv,sha256:165465ff9b5db6980c958d2057f3c9b2b9163299cec64fcb5f90c74d8604d31a,15503,165465ff9b5db6980c958d2057f3c9b2b9163299cec64fcb5f90c74d8604d31a,fe1f5152,PRESERVED_IN_COMPLETE_ARCHIVE
WL-REC-0035,WL-REC-0035,docs/history/owner-inputs/record-20261009/WORK-LAB-HISTORICAL-RECORDS-20261009.zip,originals/WORK-LAB_MASTER_ATLAS_2026-09-29.zip ! WORK-LAB_MASTER_ATLAS_2026-09-29/expanded/WORK-LAB-FULL-CLOUD-AUDIT-20260916/WORK-LAB-FULL-CLOUD-AUDIT-20260916/README.md,sha256:97f43012d82e1f97f8b0bcb14fb228f0fd0fec95f221f7efd7ce1b074e05a733,1815,97f43012d82e1f97f8b0bcb14fb228f0fd0fec95f221f7efd7ce1b074e05a733,d546784c,PRESERVED_IN_COMPLETE_ARCHIVE
WL-REC-0035,WL-REC-0035,docs/history/owner-inputs/record-20261009/WORK-LAB-HISTORICAL-RECORDS-20261009.zip,originals/WORK-LAB_MASTER_ATLAS_2026-09-29.zip ! WORK-LAB_MASTER_ATLAS_2026-09-29/expanded/WORK-LAB-FULL-CLOUD-AUDIT-20260916/WORK-LAB-FULL-CLOUD-AUDIT-20260916/REPAIR-SEQUENCE.md,sha256:90b8360e6d5e2ad32238576ed34415a1e7511456620d2741c46ba04d4c90e759,2237,90b8360e6d5e2ad32238576ed34415a1e7511456620d2741c46ba04d4c90e759,16de77c7,PRESERVED_IN_COMPLETE_ARCHIVE
WL-REC-0035,WL-REC-0035,docs/history/owner-inputs/record-20261009/WORK-LAB-HISTORICAL-RECORDS-20261009.zip,originals/WORK-LAB_MASTER_ATLAS_2026-09-29.zip ! WORK-LAB_MASTER_ATLAS_2026-09-29/expanded/WORK-LAB-FULL-CLOUD-AUDIT-20260916/WORK-LAB-FULL-CLOUD-AUDIT-20260916/REPRODUCTION-INDEX.md,sha256:931b52fa6a4751201d8442fb7c5d603862616b87dd3164a8d0fb8f25d8fc1d4a,1941,931b52fa6a4751201d8442fb7c5d603862616b87dd3164a8d0fb8f25d8fc1d4a,631a85dc,PRESERVED_IN_COMPLETE_ARCHIVE
WL-REC-0035,WL-REC-0035,docs/history/owner-inputs/record-20261009/WORK-LAB-HISTORICAL-RECORDS-20261009.zip,originals/WORK-LAB_MASTER_ATLAS_2026-09-29.zip ! WORK-LAB_MASTER_ATLAS_2026-09-29/expanded/WORK-LAB-FULL-CLOUD-AUDIT-20260916/WORK-LAB-FULL-CLOUD-AUDIT-20260916/SHA256SUMS.txt,sha256:a73375ad4be15c82922ad1531f82eb1c03765f6d55488f94aff2d63543357f87,2475,a73375ad4be15c82922ad1531f82eb1c03765f6d55488f94aff2d63543357f87,cd0c52fd,PRESERVED_IN_COMPLETE_ARCHIVE
WL-REC-0035,WL-REC-0035,docs/history/owner-inputs/record-20261009/WORK-LAB-HISTORICAL-RECORDS-20261009.zip,originals/WORK-LAB_MASTER_ATLAS_2026-09-29.zip ! WORK-LAB_MASTER_ATLAS_2026-09-29/expanded/WORK-LAB-FULL-CLOUD-AUDIT-20260916/WORK-LAB-FULL-CLOUD-AUDIT-20260916/WORK-LAB-FULL-CLOUD-AUDIT-20260916.md,sha256:417bb40b2b04eb4fcb8da1bbbb0ef3a257a212e820f5b221006d288ca593e76b,48755,417bb40b2b04eb4fcb8da1bbbb0ef3a257a212e820f5b221006d288ca593e76b,93c17d79,PRESERVED_IN_COMPLETE_ARCHIVE
WL-REC-0035,WL-REC-0035,docs/history/owner-inputs/record-20261009/WORK-LAB-HISTORICAL-RECORDS-20261009.zip,originals/WORK-LAB_MASTER_ATLAS_2026-09-29.zip ! WORK-LAB_MASTER_ATLAS_2026-09-29/expanded/WORK-LAB-FULL-CLOUD-AUDIT-20260916/WORK-LAB-FULL-CLOUD-AUDIT-20260916/coverage.json,sha256:462c20600b6a62d8c9f4b2027ac8e5d035f2c2050d2adf551621491b3c23a645,22968,462c20600b6a62d8c9f4b2027ac8e5d035f2c2050d2adf551621491b3c23a645,4270d9ac,PRESERVED_IN_COMPLETE_ARCHIVE
WL-REC-0035,WL-REC-0035,docs/history/owner-inputs/record-20261009/WORK-LAB-HISTORICAL-RECORDS-20261009.zip,originals/WORK-LAB_MASTER_ATLAS_2026-09-29.zip ! WORK-LAB_MASTER_ATLAS_2026-09-29/expanded/WORK-LAB-FULL-CLOUD-AUDIT-20260916/WORK-LAB-FULL-CLOUD-AUDIT-20260916/findings.json,sha256:d6cc57a98a17698109555ce644f189f12309036d295c06f8a2979c6567797f5f,33784,d6cc57a98a17698109555ce644f189f12309036d295c06f8a2979c6567797f5f,1aa687ce,PRESERVED_IN_COMPLETE_ARCHIVE
WL-REC-0035,WL-REC-0035,docs/history/owner-inputs/record-20261009/WORK-LAB-HISTORICAL-RECORDS-20261009.zip,originals/WORK-LAB_MASTER_ATLAS_2026-09-29.zip ! WORK-LAB_MASTER_ATLAS_2026-09-29/expanded/WORK-LAB-FULL-CLOUD-AUDIT-20260916/WORK-LAB-FULL-CLOUD-AUDIT-20260916/previous_audit/README.md,sha256:2ad92f7b71ededd900daef0750f3cc2a490d2391e4ad9d94b8a09632ac710461,653,2ad92f7b71ededd900daef0750f3cc2a490d2391e4ad9d94b8a09632ac710461,1aa450a6,PRESERVED_IN_COMPLETE_ARCHIVE
WL-REC-0035,WL-REC-0035,docs/history/owner-inputs/record-20261009/WORK-LAB-HISTORICAL-RECORDS-20261009.zip,originals/WORK-LAB_MASTER_ATLAS_2026-09-29.zip ! WORK-LAB_MASTER_ATLAS_2026-09-29/expanded/WORK-LAB-FULL-CLOUD-AUDIT-20260916/WORK-LAB-FULL-CLOUD-AUDIT-20260916/previous_audit/WORK-LAB-CLOUD-AUDIT-20260916.md,sha256:7fef0af8759944fd219b355c275743cd9a0a4831c949ac9e8c0f7adcf1fea055,13061,7fef0af8759944fd219b355c275743cd9a0a4831c949ac9e8c0f7adcf1fea055,2b6e1613,PRESERVED_IN_COMPLETE_ARCHIVE
WL-REC-0035,WL-REC-0035,docs/history/owner-inputs/record-20261009/WORK-LAB-HISTORICAL-RECORDS-20261009.zip,originals/WORK-LAB_MASTER_ATLAS_2026-09-29.zip ! WORK-LAB_MASTER_ATLAS_2026-09-29/expanded/WORK-LAB-FULL-CLOUD-AUDIT-20260916/WORK-LAB-FULL-CLOUD-AUDIT-20260916/previous_audit/reproduction_results.json,sha256:0ba32a7bac526e5d588e90d887093a746645259c832cdb1266a9283064c0d702,2977,0ba32a7bac526e5d588e90d887093a746645259c832cdb1266a9283064c0d702,13bc8d0d,PRESERVED_IN_COMPLETE_ARCHIVE
WL-REC-0035,WL-REC-0035,docs/history/owner-inputs/record-20261009/WORK-LAB-HISTORICAL-RECORDS-20261009.zip,originals/WORK-LAB_MASTER_ATLAS_2026-09-29.zip ! WORK-LAB_MASTER_ATLAS_2026-09-29/expanded/WORK-LAB-FULL-CLOUD-AUDIT-20260916/WORK-LAB-FULL-CLOUD-AUDIT-20260916/previous_audit/source_hashes.json,sha256:4c94bb7b8d4d5ab7412933315c9c5fc9c7961eb5f0fe61e25ca69a90b4ef09f2,411,4c94bb7b8d4d5ab7412933315c9c5fc9c7961eb5f0fe61e25ca69a90b4ef09f2,361d7c46,PRESERVED_IN_COMPLETE_ARCHIVE
WL-REC-0035,WL-REC-0035,docs/history/owner-inputs/record-20261009/WORK-LAB-HISTORICAL-RECORDS-20261009.zip,originals/WORK-LAB_MASTER_ATLAS_2026-09-29.zip ! WORK-LAB_MASTER_ATLAS_2026-09-29/expanded/WORK-LAB-FULL-CLOUD-AUDIT-20260916/WORK-LAB-FULL-CLOUD-AUDIT-20260916/remote_state.json,sha256:aad13dddca001da3983b4bed2c892d0f956c0c3b9cf8f07008db3cdb10907012,1146,aad13dddca001da3983b4bed2c892d0f956c0c3b9cf8f07008db3cdb10907012,c69cfe1a,PRESERVED_IN_COMPLETE_ARCHIVE
WL-REC-0035,WL-REC-0035,docs/history/owner-inputs/record-20261009/WORK-LAB-HISTORICAL-RECORDS-20261009.zip,originals/WORK-LAB_MASTER_ATLAS_2026-09-29.zip ! WORK-LAB_MASTER_ATLAS_2026-09-29/expanded/WORK-LAB-FULL-CLOUD-AUDIT-20260916/WORK-LAB-FULL-CLOUD-AUDIT-20260916/results/frontend_counterexamples.json,sha256:8ac980a0459518c3f46e4b6e826973b6412f313672c71024328a17b8fe73564e,1979,8ac980a0459518c3f46e4b6e826973b6412f313672c71024328a17b8fe73564e,6a173f0a,PRESERVED_IN_COMPLETE_ARCHIVE
WL-REC-0035,WL-REC-0035,docs/history/owner-inputs/record-20261009/WORK-LAB-HISTORICAL-RECORDS-20261009.zip,originals/WORK-LAB_MASTER_ATLAS_2026-09-29.zip ! WORK-LAB_MASTER_ATLAS_2026-09-29/expanded/WORK-LAB-FULL-CLOUD-AUDIT-20260916/WORK-LAB-FULL-CLOUD-AUDIT-20260916/results/python_counterexamples.json,sha256:770d3b5b1aee64b754a5db851dc1d2a0c3fd9b85bc027bef6ce97f759b464b51,3873,770d3b5b1aee64b754a5db851dc1d2a0c3fd9b85bc027bef6ce97f759b464b51,8bd51568,PRESERVED_IN_COMPLETE_ARCHIVE
WL-REC-0035,WL-REC-0035,docs/history/owner-inputs/record-20261009/WORK-LAB-HISTORICAL-RECORDS-20261009.zip,originals/WORK-LAB_MASTER_ATLAS_2026-09-29.zip ! WORK-LAB_MASTER_ATLAS_2026-09-29/expanded/WORK-LAB-FULL-CLOUD-AUDIT-20260916/WORK-LAB-FULL-CLOUD-AUDIT-20260916/results/summary.json,sha256:9b298036801660e08815496049eef7877df6641dd81c87c4fc33355b17533fda,373,9b298036801660e08815496049eef7877df6641dd81c87c4fc33355b17533fda,6b3aea7a,PRESERVED_IN_COMPLETE_ARCHIVE
WL-REC-0035,WL-REC-0035,docs/history/owner-inputs/record-20261009/WORK-LAB-HISTORICAL-RECORDS-20261009.zip,originals/WORK-LAB_MASTER_ATLAS_2026-09-29.zip ! WORK-LAB_MASTER_ATLAS_2026-09-29/expanded/WORK-LAB-FULL-CLOUD-AUDIT-20260916/WORK-LAB-FULL-CLOUD-AUDIT-20260916/source_hashes.json,sha256:a67e80e85bd70176c37e9287bf807dea60092fbc3bb2b9b7f65a78fecbf19156,3070,a67e80e85bd70176c37e9287bf807dea60092fbc3bb2b9b7f65a78fecbf19156,2d7c2bb4,PRESERVED_IN_COMPLETE_ARCHIVE
WL-REC-0035,WL-REC-0035,docs/history/owner-inputs/record-20261009/WORK-LAB-HISTORICAL-RECORDS-20261009.zip,originals/WORK-LAB_MASTER_ATLAS_2026-09-29.zip ! WORK-LAB_MASTER_ATLAS_2026-09-29/expanded/WORK-LAB-HERMES-TASKPACK-v1.0.0/WORK-LAB-HERMES-TASKPACK-v1.0.0/00_START_HERE.md,sha256:06d38054c5a00babaf06bbecb2120167479bd0de3a4f4c74f44a41a8668bf4be,2246,06d38054c5a00babaf06bbecb2120167479bd0de3a4f4c74f44a41a8668bf4be,5d1efea4,PRESERVED_IN_COMPLETE_ARCHIVE
WL-REC-0035,WL-REC-0035,docs/history/owner-inputs/record-20261009/WORK-LAB-HISTORICAL-RECORDS-20261009.zip,originals/WORK-LAB_MASTER_ATLAS_2026-09-29.zip ! WORK-LAB_MASTER_ATLAS_2026-09-29/expanded/WORK-LAB-HERMES-TASKPACK-v1.0.0/WORK-LAB-HERMES-TASKPACK-v1.0.0/01_PROJECT_CONTEXT.md,sha256:1a5d8389e0fff97320d796e9281d7c6b4a67f422899d5a35b52a3f07e46db305,4258,1a5d8389e0fff97320d796e9281d7c6b4a67f422899d5a35b52a3f07e46db305,1b7a4309,PRESERVED_IN_COMPLETE_ARCHIVE
WL-REC-0035,WL-REC-0035,docs/history/owner-inputs/record-20261009/WORK-LAB-HISTORICAL-RECORDS-20261009.zip,originals/WORK-LAB_MASTER_ATLAS_2026-09-29.zip ! WORK-LAB_MASTER_ATLAS_2026-09-29/expanded/WORK-LAB-HERMES-TASKPACK-v1.0.0/WORK-LAB-HERMES-TASKPACK-v1.0.0/02_MASTER_EXECUTION_PLAN.md,sha256:33dc1a6d619e3b11a83e127741c050762da1b8280c0e2cdb2b39a437469cd508,4825,33dc1a6d619e3b11a83e127741c050762da1b8280c0e2cdb2b39a437469cd508,3f07bca4,PRESERVED_IN_COMPLETE_ARCHIVE
WL-REC-0035,WL-REC-0035,docs/history/owner-inputs/record-20261009/WORK-LAB-HISTORICAL-RECORDS-20261009.zip,originals/WORK-LAB_MASTER_ATLAS_2026-09-29.zip ! WORK-LAB_MASTER_ATLAS_2026-09-29/expanded/WORK-LAB-HERMES-TASKPACK-v1.0.0/WORK-LAB-HERMES-TASKPACK-v1.0.0/03_WORKFLOW_ASSISTANCE_TASKS.md,sha256:708addc1014909696c79e971637001ecc1c02b004388b87abe74bd2c9a8c83ba,3366,708addc1014909696c79e971637001ecc1c02b004388b87abe74bd2c9a8c83ba,3097e728,PRESERVED_IN_COMPLETE_ARCHIVE
WL-REC-0035,WL-REC-0035,docs/history/owner-inputs/record-20261009/WORK-LAB-HISTORICAL-RECORDS-20261009.zip,originals/WORK-LAB_MASTER_ATLAS_2026-09-29.zip ! WORK-LAB_MASTER_ATLAS_2026-09-29/expanded/WORK-LAB-HERMES-TASKPACK-v1.0.0/WORK-LAB-HERMES-TASKPACK-v1.0.0/04_OPEN_DESIGN_TASKS.md,sha256:fb676a91b84623730156ff2a3c1e99659b11a86420d9bfe735ef77eb98b62901,2994,fb676a91b84623730156ff2a3c1e99659b11a86420d9bfe735ef77eb98b62901,3738260a,PRESERVED_IN_COMPLETE_ARCHIVE
WL-REC-0035,WL-REC-0035,docs/history/owner-inputs/record-20261009/WORK-LAB-HISTORICAL-RECORDS-20261009.zip,originals/WORK-LAB_MASTER_ATLAS_2026-09-29.zip ! WORK-LAB_MASTER_ATLAS_2026-09-29/expanded/WORK-LAB-HERMES-TASKPACK-v1.0.0/WORK-LAB-HERMES-TASKPACK-v1.0.0/05_MINIGAME_TASKS.md,sha256:32fbffcdc2b63a7a299b34c2b6f1c377a2a8fd5cd062dcd956cdc0115762cec0,2879,32fbffcdc2b63a7a299b34c2b6f1c377a2a8fd5cd062dcd956cdc0115762cec0,07370c68,PRESERVED_IN_COMPLETE_ARCHIVE
WL-REC-0035,WL-REC-0035,docs/history/owner-inputs/record-20261009/WORK-LAB-HISTORICAL-RECORDS-20261009.zip,originals/WORK-LAB_MASTER_ATLAS_2026-09-29.zip ! WORK-LAB_MASTER_ATLAS_2026-09-29/expanded/WORK-LAB-HERMES-TASKPACK-v1.0.0/WORK-LAB-HERMES-TASKPACK-v1.0.0/06_CROSS_MODULE_CONTRACTS.md,sha256:a0af71691c008e74c223a895a4017ff3a11f0769f4c2aebcd2a4174c5fa7a3e8,2022,a0af71691c008e74c223a895a4017ff3a11f0769f4c2aebcd2a4174c5fa7a3e8,548932ef,PRESERVED_IN_COMPLETE_ARCHIVE
WL-REC-0035,WL-REC-0035,docs/history/owner-inputs/record-20261009/WORK-LAB-HISTORICAL-RECORDS-20261009.zip,originals/WORK-LAB_MASTER_ATLAS_2026-09-29.zip ! WORK-LAB_MASTER_ATLAS_2026-09-29/expanded/WORK-LAB-HERMES-TASKPACK-v1.0.0/WORK-LAB-HERMES-TASKPACK-v1.0.0/07_OBSERVER_AND_GROWTH.md,sha256:7b75525a5c89b64eb35d168c6e8a89474ad171281e908c9430dab0cbda481d6c,2252,7b75525a5c89b64eb35d168c6e8a89474ad171281e908c9430dab0cbda481d6c,9325f350,PRESERVED_IN_COMPLETE_ARCHIVE
WL-REC-0035,WL-REC-0035,docs/history/owner-inputs/record-20261009/WORK-LAB-HISTORICAL-RECORDS-20261009.zip,originals/WORK-LAB_MASTER_ATLAS_2026-09-29.zip ! WORK-LAB_MASTER_ATLAS_2026-09-29/expanded/WORK-LAB-HERMES-TASKPACK-v1.0.0/WORK-LAB-HERMES-TASKPACK-v1.0.0/08_ACCEPTANCE_GATES.md,sha256:9733ea50460e9fcb95c305ec7d1ef2dd8163c73708751f8f8ec2ca2932344e43,2101,9733ea50460e9fcb95c305ec7d1ef2dd8163c73708751f8f8ec2ca2932344e43,bcd7f010,PRESERVED_IN_COMPLETE_ARCHIVE
WL-REC-0035,WL-REC-0035,docs/history/owner-inputs/record-20261009/WORK-LAB-HISTORICAL-RECORDS-20261009.zip,originals/WORK-LAB_MASTER_ATLAS_2026-09-29.zip ! WORK-LAB_MASTER_ATLAS_2026-09-29/expanded/WORK-LAB-HERMES-TASKPACK-v1.0.0/WORK-LAB-HERMES-TASKPACK-v1.0.0/09_ROLLBACK_AND_RECOVERY.md,sha256:03e453a28652b2f518f894a83d039b3dcd7d040c8343ebb88e4b06e8a4308a8a,1797,03e453a28652b2f518f894a83d039b3dcd7d040c8343ebb88e4b06e8a4308a8a,87aff892,PRESERVED_IN_COMPLETE_ARCHIVE
WL-REC-0035,WL-REC-0035,docs/history/owner-inputs/record-20261009/WORK-LAB-HISTORICAL-RECORDS-20261009.zip,originals/WORK-LAB_MASTER_ATLAS_2026-09-29.zip ! WORK-LAB_MASTER_ATLAS_2026-09-29/expanded/WORK-LAB-HERMES-TASKPACK-v1.0.0/WORK-LAB-HERMES-TASKPACK-v1.0.0/10_AUDIT_BASELINE.md,sha256:b76818f9721fc659ae72da1985787a209fea7cb083bdd1b1bd81b3311d7566c7,2488,b76818f9721fc659ae72da1985787a209fea7cb083bdd1b1bd81b3311d7566c7,5aeebe2e,PRESERVED_IN_COMPLETE_ARCHIVE
WL-REC-0035,WL-REC-0035,docs/history/owner-inputs/record-20261009/WORK-LAB-HISTORICAL-RECORDS-20261009.zip,originals/WORK-LAB_MASTER_ATLAS_2026-09-29.zip ! WORK-LAB_MASTER_ATLAS_2026-09-29/expanded/WORK-LAB-HERMES-TASKPACK-v1.0.0/WORK-LAB-HERMES-TASKPACK-v1.0.0/11_HERMES_START_COMMAND.md,sha256:6549491f1f35140d8ae6579ca65ee9590170b063571241086b6e6e07ce3a3e3c,2249,6549491f1f35140d8ae6579ca65ee9590170b063571241086b6e6e07ce3a3e3c,e46e9dec,PRESERVED_IN_COMPLETE_ARCHIVE
WL-REC-0035,WL-REC-0035,docs/history/owner-inputs/record-20261009/WORK-LAB-HISTORICAL-RECORDS-20261009.zip,originals/WORK-LAB_MASTER_ATLAS_2026-09-29.zip ! WORK-LAB_MASTER_ATLAS_2026-09-29/expanded/WORK-LAB-HERMES-TASKPACK-v1.0.0/WORK-LAB-HERMES-TASKPACK-v1.0.0/task-cards.yaml,sha256:73972ead1e19139d152fe3875ea7159a16de6a2e144b9049ce2b4dab9953d760,10630,73972ead1e19139d152fe3875ea7159a16de6a2e144b9049ce2b4dab9953d760,e53cb0ab,PRESERVED_IN_COMPLETE_ARCHIVE
WL-REC-0035,WL-REC-0035,docs/history/owner-inputs/record-20261009/WORK-LAB-HISTORICAL-RECORDS-20261009.zip,originals/WORK-LAB_MASTER_ATLAS_2026-09-29.zip ! WORK-LAB_MASTER_ATLAS_2026-09-29/expanded/WORK-LAB-HERMES-TASKPACK-v1.0.0/WORK-LAB-HERMES-TASKPACK-v1.0.0/taskpack-manifest.yaml,sha256:76348bf4abba6d96cc17b176bc4711e3a895baea7bfb49cb8805b70773dce5bc,3190,76348bf4abba6d96cc17b176bc4711e3a895baea7bfb49cb8805b70773dce5bc,c625c227,PRESERVED_IN_COMPLETE_ARCHIVE
WL-REC-0035,WL-REC-0035,docs/history/owner-inputs/record-20261009/WORK-LAB-HISTORICAL-RECORDS-20261009.zip,originals/WORK-LAB_MASTER_ATLAS_2026-09-29.zip ! WORK-LAB_MASTER_ATLAS_2026-09-29/expanded/WORK-LAB-HERMES-TASKPACK-v2.0.0/WORK-LAB-HERMES-TASKPACK-v2.0.0/00_START_HERE.md,sha256:2e86355976c7736c3cf368a661b789ef996f608d3cfe7fb59ae567db55e5d7f4,2566,2e86355976c7736c3cf368a661b789ef996f608d3cfe7fb59ae567db55e5d7f4,064d17c6,PRESERVED_IN_COMPLETE_ARCHIVE
WL-REC-0035,WL-REC-0035,docs/history/owner-inputs/record-20261009/WORK-LAB-HISTORICAL-RECORDS-20261009.zip,originals/WORK-LAB_MASTER_ATLAS_2026-09-29.zip ! WORK-LAB_MASTER_ATLAS_2026-09-29/expanded/WORK-LAB-HERMES-TASKPACK-v2.0.0/WORK-LAB-HERMES-TASKPACK-v2.0.0/01_AUTHORITY_CONTEXT.md,sha256:18c04eaae5454c06c70d22c5d8fb6e653440a7417b6ed72032829eecf3975cf9,2664,18c04eaae5454c06c70d22c5d8fb6e653440a7417b6ed72032829eecf3975cf9,6d6766fb,PRESERVED_IN_COMPLETE_ARCHIVE
WL-REC-0035,WL-REC-0035,docs/history/owner-inputs/record-20261009/WORK-LAB-HISTORICAL-RECORDS-20261009.zip,originals/WORK-LAB_MASTER_ATLAS_2026-09-29.zip ! WORK-LAB_MASTER_ATLAS_2026-09-29/expanded/WORK-LAB-HERMES-TASKPACK-v2.0.0/WORK-LAB-HERMES-TASKPACK-v2.0.0/02_TARGET_ARCHITECTURE.md,sha256:d27c45e8faf98874bb5c236290305c57c38e930e6b0f8d82aa8c7a3cb44d3e31,2652,d27c45e8faf98874bb5c236290305c57c38e930e6b0f8d82aa8c7a3cb44d3e31,2faa31e2,PRESERVED_IN_COMPLETE_ARCHIVE
WL-REC-0035,WL-REC-0035,docs/history/owner-inputs/record-20261009/WORK-LAB-HISTORICAL-RECORDS-20261009.zip,originals/WORK-LAB_MASTER_ATLAS_2026-09-29.zip ! WORK-LAB_MASTER_ATLAS_2026-09-29/expanded/WORK-LAB-HERMES-TASKPACK-v2.0.0/WORK-LAB-HERMES-TASKPACK-v2.0.0/03_MASTER_EXECUTION_PLAN.md,sha256:ae550628e93f170e70274c6a16ba3de0133693d11342b6df2727930abb33b3f1,3426,ae550628e93f170e70274c6a16ba3de0133693d11342b6df2727930abb33b3f1,bebc96ba,PRESERVED_IN_COMPLETE_ARCHIVE
WL-REC-0035,WL-REC-0035,docs/history/owner-inputs/record-20261009/WORK-LAB-HISTORICAL-RECORDS-20261009.zip,originals/WORK-LAB_MASTER_ATLAS_2026-09-29.zip ! WORK-LAB_MASTER_ATLAS_2026-09-29/expanded/WORK-LAB-HERMES-TASKPACK-v2.0.0/WORK-LAB-HERMES-TASKPACK-v2.0.0/04_WORKFLOW_ASSISTANCE_TASKS.md,sha256:bfdd08d024ea955047080c7a9c8752b3c9fc225564b98e89a1007d98ded59fdd,2889,bfdd08d024ea955047080c7a9c8752b3c9fc225564b98e89a1007d98ded59fdd,5cffb4de,PRESERVED_IN_COMPLETE_ARCHIVE
WL-REC-0035,WL-REC-0035,docs/history/owner-inputs/record-20261009/WORK-LAB-HISTORICAL-RECORDS-20261009.zip,originals/WORK-LAB_MASTER_ATLAS_2026-09-29.zip ! WORK-LAB_MASTER_ATLAS_2026-09-29/expanded/WORK-LAB-HERMES-TASKPACK-v2.0.0/WORK-LAB-HERMES-TASKPACK-v2.0.0/05_OPEN_DESIGN_MINIGAME_ABSORPTION.md,sha256:9ae36e46daea065ccb8347031ddc6407a50852400b8d3f3b63ea5eca2986a7a3,3179,9ae36e46daea065ccb8347031ddc6407a50852400b8d3f3b63ea5eca2986a7a3,72c72d10,PRESERVED_IN_COMPLETE_ARCHIVE
WL-REC-0035,WL-REC-0035,docs/history/owner-inputs/record-20261009/WORK-LAB-HISTORICAL-RECORDS-20261009.zip,originals/WORK-LAB_MASTER_ATLAS_2026-09-29.zip ! WORK-LAB_MASTER_ATLAS_2026-09-29/expanded/WORK-LAB-HERMES-TASKPACK-v2.0.0/WORK-LAB-HERMES-TASKPACK-v2.0.0/06_OBSERVER_TASKS.md,sha256:e91c39346237b3583baf8557344f2bec80975ea853d4b9fe2045400e21d80f01,2087,e91c39346237b3583baf8557344f2bec80975ea853d4b9fe2045400e21d80f01,a9f6e9e9,PRESERVED_IN_COMPLETE_ARCHIVE
WL-REC-0035,WL-REC-0035,docs/history/owner-inputs/record-20261009/WORK-LAB-HISTORICAL-RECORDS-20261009.zip,originals/WORK-LAB_MASTER_ATLAS_2026-09-29.zip ! WORK-LAB_MASTER_ATLAS_2026-09-29/expanded/WORK-LAB-HERMES-TASKPACK-v2.0.0/WORK-LAB-HERMES-TASKPACK-v2.0.0/07_CONTRACTS_AND_DATA_FLOW.md,sha256:d2e465f654b5b91649f97beb314b7e0ecf979673f0880c8cfc0b4030e3896fdc,1775,d2e465f654b5b91649f97beb314b7e0ecf979673f0880c8cfc0b4030e3896fdc,6b98ed47,PRESERVED_IN_COMPLETE_ARCHIVE
WL-REC-0035,WL-REC-0035,docs/history/owner-inputs/record-20261009/WORK-LAB-HISTORICAL-RECORDS-20261009.zip,originals/WORK-LAB_MASTER_ATLAS_2026-09-29.zip ! WORK-LAB_MASTER_ATLAS_2026-09-29/expanded/WORK-LAB-HERMES-TASKPACK-v2.0.0/WORK-LAB-HERMES-TASKPACK-v2.0.0/08_MIGRATION_CLASSIFICATION.md,sha256:ed697e17af42d983954dc04d231c212992f5e2a0bde98adc573f56d91fae6c23,1862,ed697e17af42d983954dc04d231c212992f5e2a0bde98adc573f56d91fae6c23,4fa8071d,PRESERVED_IN_COMPLETE_ARCHIVE
WL-REC-0035,WL-REC-0035,docs/history/owner-inputs/record-20261009/WORK-LAB-HISTORICAL-RECORDS-20261009.zip,originals/WORK-LAB_MASTER_ATLAS_2026-09-29.zip ! WORK-LAB_MASTER_ATLAS_2026-09-29/expanded/WORK-LAB-HERMES-TASKPACK-v2.0.0/WORK-LAB-HERMES-TASKPACK-v2.0.0/09_ACCEPTANCE_GATES.md,sha256:1d5d82ff6bf7647521cf7e0f541e9f6840acb4dc49e868132dc1cfc5c4b41b4d,2070,1d5d82ff6bf7647521cf7e0f541e9f6840acb4dc49e868132dc1cfc5c4b41b4d,691620ec,PRESERVED_IN_COMPLETE_ARCHIVE
WL-REC-0035,WL-REC-0035,docs/history/owner-inputs/record-20261009/WORK-LAB-HISTORICAL-RECORDS-20261009.zip,originals/WORK-LAB_MASTER_ATLAS_2026-09-29.zip ! WORK-LAB_MASTER_ATLAS_2026-09-29/expanded/WORK-LAB-HERMES-TASKPACK-v2.0.0/WORK-LAB-HERMES-TASKPACK-v2.0.0/10_ROLLBACK_AND_RECOVERY.md,sha256:2a70ee4484470d060aacaef98748b6114d0b06b21183573641aadf61d4a11152,1379,2a70ee4484470d060aacaef98748b6114d0b06b21183573641aadf61d4a11152,a788e95e,PRESERVED_IN_COMPLETE_ARCHIVE
WL-REC-0035,WL-REC-0035,docs/history/owner-inputs/record-20261009/WORK-LAB-HISTORICAL-RECORDS-20261009.zip,originals/WORK-LAB_MASTER_ATLAS_2026-09-29.zip ! WORK-LAB_MASTER_ATLAS_2026-09-29/expanded/WORK-LAB-HERMES-TASKPACK-v2.0.0/WORK-LAB-HERMES-TASKPACK-v2.0.0/11_AUDIT_BASELINE.md,sha256:9ad32a0e32f5f1671ef90eadd744ca94d050236e15b34536a8b68258983787ae,1892,9ad32a0e32f5f1671ef90eadd744ca94d050236e15b34536a8b68258983787ae,8387c27c,PRESERVED_IN_COMPLETE_ARCHIVE
WL-REC-0035,WL-REC-0035,docs/history/owner-inputs/record-20261009/WORK-LAB-HISTORICAL-RECORDS-20261009.zip,originals/WORK-LAB_MASTER_ATLAS_2026-09-29.zip ! WORK-LAB_MASTER_ATLAS_2026-09-29/expanded/WORK-LAB-HERMES-TASKPACK-v2.0.0/WORK-LAB-HERMES-TASKPACK-v2.0.0/12_HERMES_START_COMMAND.md,sha256:51a978148f6dc54fe9da5ec61738a097a71e966b77de64266e22e3f69c93b7af,2495,51a978148f6dc54fe9da5ec61738a097a71e966b77de64266e22e3f69c93b7af,59edda33,PRESERVED_IN_COMPLETE_ARCHIVE
WL-REC-0035,WL-REC-0035,docs/history/owner-inputs/record-20261009/WORK-LAB-HISTORICAL-RECORDS-20261009.zip,originals/WORK-LAB_MASTER_ATLAS_2026-09-29.zip ! WORK-LAB_MASTER_ATLAS_2026-09-29/expanded/WORK-LAB-HERMES-TASKPACK-v2.0.0/WORK-LAB-HERMES-TASKPACK-v2.0.0/13_SUPERSEDES_V1.md,sha256:f33c8af9da0a8062f3a8cce8d074e747d2f6e8b93c5cb87fcd589a71763284d5,1091,f33c8af9da0a8062f3a8cce8d074e747d2f6e8b93c5cb87fcd589a71763284d5,609b5b88,PRESERVED_IN_COMPLETE_ARCHIVE
WL-REC-0035,WL-REC-0035,docs/history/owner-inputs/record-20261009/WORK-LAB-HISTORICAL-RECORDS-20261009.zip,originals/WORK-LAB_MASTER_ATLAS_2026-09-29.zip ! WORK-LAB_MASTER_ATLAS_2026-09-29/expanded/WORK-LAB-HERMES-TASKPACK-v2.0.0/WORK-LAB-HERMES-TASKPACK-v2.0.0/task-cards.yaml,sha256:52653180388b39ace850daaa21c9d1e427f09bd6c9dd1714f4698b4b84ceef5b,12426,52653180388b39ace850daaa21c9d1e427f09bd6c9dd1714f4698b4b84ceef5b,3f5b497d,PRESERVED_IN_COMPLETE_ARCHIVE
WL-REC-0035,WL-REC-0035,docs/history/owner-inputs/record-20261009/WORK-LAB-HISTORICAL-RECORDS-20261009.zip,originals/WORK-LAB_MASTER_ATLAS_2026-09-29.zip ! WORK-LAB_MASTER_ATLAS_2026-09-29/expanded/WORK-LAB-HERMES-TASKPACK-v2.0.0/WORK-LAB-HERMES-TASKPACK-v2.0.0/taskpack-manifest.yaml,sha256:2ea609dff2f91985be3d775fe060ea7c352441af7c2f5919c64b5ff07548df03,3329,2ea609dff2f91985be3d775fe060ea7c352441af7c2f5919c64b5ff07548df03,6f516ba0,PRESERVED_IN_COMPLETE_ARCHIVE
WL-REC-0035,WL-REC-0035,docs/history/owner-inputs/record-20261009/WORK-LAB-HISTORICAL-RECORDS-20261009.zip,originals/WORK-LAB_MASTER_ATLAS_2026-09-29.zip ! WORK-LAB_MASTER_ATLAS_2026-09-29/expanded/WORK-LAB-INTEGRATED-TASKPACK-20260916/WORK-LAB-INTEGRATED-TASKPACK-20260916/PACKAGE-VALIDATION.md,sha256:1cd69a6ff7fe7e970ea0933a3531c2de7038d0bcf5e7873277866a59eba13ffd,740,1cd69a6ff7fe7e970ea0933a3531c2de7038d0bcf5e7873277866a59eba13ffd,df8d9edb,PRESERVED_IN_COMPLETE_ARCHIVE
WL-REC-0035,WL-REC-0035,docs/history/owner-inputs/record-20261009/WORK-LAB-HISTORICAL-RECORDS-20261009.zip,originals/WORK-LAB_MASTER_ATLAS_2026-09-29.zip ! WORK-LAB_MASTER_ATLAS_2026-09-29/expanded/WORK-LAB-INTEGRATED-TASKPACK-20260916/WORK-LAB-INTEGRATED-TASKPACK-20260916/README.md,sha256:35a2e4f14e59b822a7a48700c097b38dff8ed66713d0086a139d1b80a63ab8d4,906,35a2e4f14e59b822a7a48700c097b38dff8ed66713d0086a139d1b80a63ab8d4,4fc3d8a7,PRESERVED_IN_COMPLETE_ARCHIVE
WL-REC-0035,WL-REC-0035,docs/history/owner-inputs/record-20261009/WORK-LAB-HISTORICAL-RECORDS-20261009.zip,originals/WORK-LAB_MASTER_ATLAS_2026-09-29.zip ! WORK-LAB_MASTER_ATLAS_2026-09-29/expanded/WORK-LAB-INTEGRATED-TASKPACK-20260916/WORK-LAB-INTEGRATED-TASKPACK-20260916/SHA256SUMS.txt,sha256:5bda40e3006c2f15cf88fcf668be56509cf399e147e9e3b2c6ac05e4d46b3817,523,5bda40e3006c2f15cf88fcf668be56509cf399e147e9e3b2c6ac05e4d46b3817,37bc647c,PRESERVED_IN_COMPLETE_ARCHIVE
WL-REC-0035,WL-REC-0035,docs/history/owner-inputs/record-20261009/WORK-LAB-HISTORICAL-RECORDS-20261009.zip,originals/WORK-LAB_MASTER_ATLAS_2026-09-29.zip ! WORK-LAB_MASTER_ATLAS_2026-09-29/expanded/WORK-LAB-INTEGRATED-TASKPACK-20260916/WORK-LAB-INTEGRATED-TASKPACK-20260916/SOURCE-AND-TASK-MAPPING.md,sha256:d26bd8a155414972c4c07d964540bf73488b2e00c007f9c9b54cf5d28684168a,19741,d26bd8a155414972c4c07d964540bf73488b2e00c007f9c9b54cf5d28684168a,ffc02de6,PRESERVED_IN_COMPLETE_ARCHIVE
WL-REC-0035,WL-REC-0035,docs/history/owner-inputs/record-20261009/WORK-LAB-HISTORICAL-RECORDS-20261009.zip,originals/WORK-LAB_MASTER_ATLAS_2026-09-29.zip ! WORK-LAB_MASTER_ATLAS_2026-09-29/expanded/WORK-LAB-INTEGRATED-TASKPACK-20260916/WORK-LAB-INTEGRATED-TASKPACK-20260916/START-HERMES.md,sha256:19c58e27cb7a76655736da5f38ab8e90ed4685f7368ce133a74ffe370fa4f6e5,3268,19c58e27cb7a76655736da5f38ab8e90ed4685f7368ce133a74ffe370fa4f6e5,5e5b289a,PRESERVED_IN_COMPLETE_ARCHIVE
WL-REC-0035,WL-REC-0035,docs/history/owner-inputs/record-20261009/WORK-LAB-HISTORICAL-RECORDS-20261009.zip,originals/WORK-LAB_MASTER_ATLAS_2026-09-29.zip ! WORK-LAB_MASTER_ATLAS_2026-09-29/expanded/WORK-LAB-INTEGRATED-TASKPACK-20260916/WORK-LAB-INTEGRATED-TASKPACK-20260916/TASKS.json,sha256:ac7f030a3965e43f18e6e04b6ec3f1cf6c93fb8533b5d53ef72a1cb227930d9f,75986,ac7f030a3965e43f18e6e04b6ec3f1cf6c93fb8533b5d53ef72a1cb227930d9f,5001b730,PRESERVED_IN_COMPLETE_ARCHIVE
WL-REC-0035,WL-REC-0035,docs/history/owner-inputs/record-20261009/WORK-LAB-HISTORICAL-RECORDS-20261009.zip,originals/WORK-LAB_MASTER_ATLAS_2026-09-29.zip ! WORK-LAB_MASTER_ATLAS_2026-09-29/expanded/WORK-LAB-INTEGRATED-TASKPACK-20260916/WORK-LAB-INTEGRATED-TASKPACK-20260916/WORK-LAB-REVIEW-AND-TASKPACK-20260916.md,sha256:e691476d46d4d44f40396dc7b29f0ad9657f4c436c5bac326c80f1ec82692341,66515,e691476d46d4d44f40396dc7b29f0ad9657f4c436c5bac326c80f1ec82692341,fbfe46f0,PRESERVED_IN_COMPLETE_ARCHIVE
WL-REC-0035,WL-REC-0035,docs/history/owner-inputs/record-20261009/WORK-LAB-HISTORICAL-RECORDS-20261009.zip,originals/WORK-LAB_MASTER_ATLAS_2026-09-29.zip ! WORK-LAB_MASTER_ATLAS_2026-09-29/expanded/WORK-LAB-LAYERED-FINAL-2026-09-14/WORK-LAB-LAYERED-FINAL-2026-09-14/00-RESEARCH-AND-LAYERS.md,sha256:4c7da67353cd2ecc6811fbc6a88641bce43c64533d778c7fadb4f0edf75d9afa,20454,4c7da67353cd2ecc6811fbc6a88641bce43c64533d778c7fadb4f0edf75d9afa,95f33d4d,PRESERVED_IN_COMPLETE_ARCHIVE
WL-REC-0035,WL-REC-0035,docs/history/owner-inputs/record-20261009/WORK-LAB-HISTORICAL-RECORDS-20261009.zip,originals/WORK-LAB_MASTER_ATLAS_2026-09-29.zip ! WORK-LAB_MASTER_ATLAS_2026-09-29/expanded/WORK-LAB-LAYERED-FINAL-2026-09-14/WORK-LAB-LAYERED-FINAL-2026-09-14/01-DSH-TO-HERMES.md,sha256:ce4119678e1848a279c7ce69d50d3ce91422aebd0134d91519acb3821d2142bf,7599,ce4119678e1848a279c7ce69d50d3ce91422aebd0134d91519acb3821d2142bf,941d830b,PRESERVED_IN_COMPLETE_ARCHIVE
WL-REC-0035,WL-REC-0035,docs/history/owner-inputs/record-20261009/WORK-LAB-HISTORICAL-RECORDS-20261009.zip,originals/WORK-LAB_MASTER_ATLAS_2026-09-29.zip ! WORK-LAB_MASTER_ATLAS_2026-09-29/expanded/WORK-LAB-LAYERED-FINAL-2026-09-14/WORK-LAB-LAYERED-FINAL-2026-09-14/02-HERMES-TO-CODEX.md,sha256:c0d23b216371186b9c25547686742323dcedd81a0c997ac2d0e0be60f6156dcc,7725,c0d23b216371186b9c25547686742323dcedd81a0c997ac2d0e0be60f6156dcc,bb5cee3f,PRESERVED_IN_COMPLETE_ARCHIVE
WL-REC-0035,WL-REC-0035,docs/history/owner-inputs/record-20261009/WORK-LAB-HISTORICAL-RECORDS-20261009.zip,originals/WORK-LAB_MASTER_ATLAS_2026-09-29.zip ! WORK-LAB_MASTER_ATLAS_2026-09-29/expanded/WORK-LAB-LAYERED-FINAL-2026-09-14/WORK-LAB-LAYERED-FINAL-2026-09-14/03-CODEX-TO-DSH.md,sha256:1e911fba2b5ddf041ca9f2844f66fcf3daa445fee80864bc4e4c79210d61ee7d,7119,1e911fba2b5ddf041ca9f2844f66fcf3daa445fee80864bc4e4c79210d61ee7d,24a0bab6,PRESERVED_IN_COMPLETE_ARCHIVE
WL-REC-0035,WL-REC-0035,docs/history/owner-inputs/record-20261009/WORK-LAB-HISTORICAL-RECORDS-20261009.zip,originals/WORK-LAB_MASTER_ATLAS_2026-09-29.zip ! WORK-LAB_MASTER_ATLAS_2026-09-29/expanded/WORK-LAB-LAYERED-FINAL-2026-09-14/WORK-LAB-LAYERED-FINAL-2026-09-14/04-INDEPENDENT-AUDIT.md,sha256:1618f022af069f5388dacabdf08be8b88eb5eca2ba51c0676a55f3e005974aa5,7529,1618f022af069f5388dacabdf08be8b88eb5eca2ba51c0676a55f3e005974aa5,440ce5cb,PRESERVED_IN_COMPLETE_ARCHIVE
WL-REC-0035,WL-REC-0035,docs/history/owner-inputs/record-20261009/WORK-LAB-HISTORICAL-RECORDS-20261009.zip,originals/WORK-LAB_MASTER_ATLAS_2026-09-29.zip ! WORK-LAB_MASTER_ATLAS_2026-09-29/expanded/WORK-LAB-LAYERED-FINAL-2026-09-14/WORK-LAB-LAYERED-FINAL-2026-09-14/05-PRIOR-SOFTWARE-AUDIT.md,sha256:7118047fde75cff3593acf2a2ba0dcca1218c06d448507a372b6d2b32f812e61,23816,7118047fde75cff3593acf2a2ba0dcca1218c06d448507a372b6d2b32f812e61,5fe17783,PRESERVED_IN_COMPLETE_ARCHIVE
WL-REC-0035,WL-REC-0035,docs/history/owner-inputs/record-20261009/WORK-LAB-HISTORICAL-RECORDS-20261009.zip,originals/WORK-LAB_MASTER_ATLAS_2026-09-29.zip ! WORK-LAB_MASTER_ATLAS_2026-09-29/expanded/WORK-LAB-LAYERED-FINAL-2026-09-14/WORK-LAB-LAYERED-FINAL-2026-09-14/README.md,sha256:b3bed736d82e1ae17164a8d4f2f4d5f2f67ab8e77f98f4fba8a4666ce7510be8,2129,b3bed736d82e1ae17164a8d4f2f4d5f2f67ab8e77f98f4fba8a4666ce7510be8,89d3f671,PRESERVED_IN_COMPLETE_ARCHIVE
WL-REC-0035,WL-REC-0035,docs/history/owner-inputs/record-20261009/WORK-LAB-HISTORICAL-RECORDS-20261009.zip,originals/WORK-LAB_MASTER_ATLAS_2026-09-29.zip ! WORK-LAB_MASTER_ATLAS_2026-09-29/expanded/WORK-LAB-Monorepo-Migration-Pack-v6.0/WORK-LAB-Monorepo-Migration-Pack-v6.0/00_START_HERE.md,sha256:44a585bab46353650c5890cb43563878be85cb7151f7ba37067533e1b6a97d30,1927,44a585bab46353650c5890cb43563878be85cb7151f7ba37067533e1b6a97d30,e452ea97,PRESERVED_IN_COMPLETE_ARCHIVE
WL-REC-0035,WL-REC-0035,docs/history/owner-inputs/record-20261009/WORK-LAB-HISTORICAL-RECORDS-20261009.zip,originals/WORK-LAB_MASTER_ATLAS_2026-09-29.zip ! WORK-LAB_MASTER_ATLAS_2026-09-29/expanded/WORK-LAB-Monorepo-Migration-Pack-v6.0/WORK-LAB-Monorepo-Migration-Pack-v6.0/01_FINAL_ARCHITECTURE_DECISION.md,sha256:28792f34cc5b31a67aa56f960c87609ab4fa21243d1f011c1e1d2c3a62dd78e7,2417,28792f34cc5b31a67aa56f960c87609ab4fa21243d1f011c1e1d2c3a62dd78e7,9883d6dd,PRESERVED_IN_COMPLETE_ARCHIVE
WL-REC-0035,WL-REC-0035,docs/history/owner-inputs/record-20261009/WORK-LAB-HISTORICAL-RECORDS-20261009.zip,originals/WORK-LAB_MASTER_ATLAS_2026-09-29.zip ! WORK-LAB_MASTER_ATLAS_2026-09-29/expanded/WORK-LAB-Monorepo-Migration-Pack-v6.0/WORK-LAB-Monorepo-Migration-Pack-v6.0/02_AUDIT_BASELINE_AND_UNKNOWNS.md,sha256:6c3cf6baf3c57fcf99e86e5211b33a555ffa280433beabce443cb0d68f0a4e0f,2637,6c3cf6baf3c57fcf99e86e5211b33a555ffa280433beabce443cb0d68f0a4e0f,4824abd8,PRESERVED_IN_COMPLETE_ARCHIVE
WL-REC-0035,WL-REC-0035,docs/history/owner-inputs/record-20261009/WORK-LAB-HISTORICAL-RECORDS-20261009.zip,originals/WORK-LAB_MASTER_ATLAS_2026-09-29.zip ! WORK-LAB_MASTER_ATLAS_2026-09-29/expanded/WORK-LAB-Monorepo-Migration-Pack-v6.0/WORK-LAB-Monorepo-Migration-Pack-v6.0/03_MASTER_HERMES_TASKPACK.md,sha256:ed3596091c16d4e405d497ff1e0c4c452bef3be51eb919bc90f474877926de06,2902,ed3596091c16d4e405d497ff1e0c4c452bef3be51eb919bc90f474877926de06,c4e6fd77,PRESERVED_IN_COMPLETE_ARCHIVE
WL-REC-0035,WL-REC-0035,docs/history/owner-inputs/record-20261009/WORK-LAB-HISTORICAL-RECORDS-20261009.zip,originals/WORK-LAB_MASTER_ATLAS_2026-09-29.zip ! WORK-LAB_MASTER_ATLAS_2026-09-29/expanded/WORK-LAB-Monorepo-Migration-Pack-v6.0/WORK-LAB-Monorepo-Migration-Pack-v6.0/04_HISTORY_PRESERVING_MIGRATION.md,sha256:9f90b3e8c99828a4dac5fc7f1ce7e41d038367da20db8cd6bcd2667783b666e8,2680,9f90b3e8c99828a4dac5fc7f1ce7e41d038367da20db8cd6bcd2667783b666e8,a6f6ad1b,PRESERVED_IN_COMPLETE_ARCHIVE
WL-REC-0035,WL-REC-0035,docs/history/owner-inputs/record-20261009/WORK-LAB-HISTORICAL-RECORDS-20261009.zip,originals/WORK-LAB_MASTER_ATLAS_2026-09-29.zip ! WORK-LAB_MASTER_ATLAS_2026-09-29/expanded/WORK-LAB-Monorepo-Migration-Pack-v6.0/WORK-LAB-Monorepo-Migration-Pack-v6.0/05_ROOT_GOVERNANCE_CI_AND_RELEASES.md,sha256:aff7e1a36a07b68059667760113325ee46c329d62ab984e2827f346dfcf89552,2383,aff7e1a36a07b68059667760113325ee46c329d62ab984e2827f346dfcf89552,f6f02fbc,PRESERVED_IN_COMPLETE_ARCHIVE
WL-REC-0035,WL-REC-0035,docs/history/owner-inputs/record-20261009/WORK-LAB-HISTORICAL-RECORDS-20261009.zip,originals/WORK-LAB_MASTER_ATLAS_2026-09-29.zip ! WORK-LAB_MASTER_ATLAS_2026-09-29/expanded/WORK-LAB-Monorepo-Migration-Pack-v6.0/WORK-LAB-Monorepo-Migration-Pack-v6.0/06_WORKFLOW_ASSISTANCE_ROADMAP.md,sha256:5cc478aa919d6b61a870d3f2fa6e5799c6deaca1e6fdef8c4b3099f6cb4ba8fc,2390,5cc478aa919d6b61a870d3f2fa6e5799c6deaca1e6fdef8c4b3099f6cb4ba8fc,f0b306a5,PRESERVED_IN_COMPLETE_ARCHIVE
WL-REC-0035,WL-REC-0035,docs/history/owner-inputs/record-20261009/WORK-LAB-HISTORICAL-RECORDS-20261009.zip,originals/WORK-LAB_MASTER_ATLAS_2026-09-29.zip ! WORK-LAB_MASTER_ATLAS_2026-09-29/expanded/WORK-LAB-Monorepo-Migration-Pack-v6.0/WORK-LAB-Monorepo-Migration-Pack-v6.0/07_OPEN_DESIGN_ROADMAP.md,sha256:a8f7833c8fc76a72dbe8beced864f081b7db9bd2f55954383c895f6085d0e951,2366,a8f7833c8fc76a72dbe8beced864f081b7db9bd2f55954383c895f6085d0e951,1d09e80f,PRESERVED_IN_COMPLETE_ARCHIVE
WL-REC-0035,WL-REC-0035,docs/history/owner-inputs/record-20261009/WORK-LAB-HISTORICAL-RECORDS-20261009.zip,originals/WORK-LAB_MASTER_ATLAS_2026-09-29.zip ! WORK-LAB_MASTER_ATLAS_2026-09-29/expanded/WORK-LAB-Monorepo-Migration-Pack-v6.0/WORK-LAB-Monorepo-Migration-Pack-v6.0/08_MINIGAME_ROADMAP.md,sha256:48dec437b8b54dccad4ea3912668e56fcc3f73dfb3a1af49f6c2d5a7ab0c4602,1499,48dec437b8b54dccad4ea3912668e56fcc3f73dfb3a1af49f6c2d5a7ab0c4602,9515300a,PRESERVED_IN_COMPLETE_ARCHIVE
WL-REC-0035,WL-REC-0035,docs/history/owner-inputs/record-20261009/WORK-LAB-HISTORICAL-RECORDS-20261009.zip,originals/WORK-LAB_MASTER_ATLAS_2026-09-29.zip ! WORK-LAB_MASTER_ATLAS_2026-09-29/expanded/WORK-LAB-Monorepo-Migration-Pack-v6.0/WORK-LAB-Monorepo-Migration-Pack-v6.0/09_CROSS_MODULE_CONTRACTS.md,sha256:800f9ac2eb012cb56c4bb9187fddfe5e5910b24356638c96efa581b9725f42b1,1711,800f9ac2eb012cb56c4bb9187fddfe5e5910b24356638c96efa581b9725f42b1,0de6565b,PRESERVED_IN_COMPLETE_ARCHIVE
WL-REC-0035,WL-REC-0035,docs/history/owner-inputs/record-20261009/WORK-LAB-HISTORICAL-RECORDS-20261009.zip,originals/WORK-LAB_MASTER_ATLAS_2026-09-29.zip ! WORK-LAB_MASTER_ATLAS_2026-09-29/expanded/WORK-LAB-Monorepo-Migration-Pack-v6.0/WORK-LAB-Monorepo-Migration-Pack-v6.0/10_ACCEPTANCE_EVIDENCE_AND_BENCHMARKS.md,sha256:94a5a68c104fe71866b974b71d53aa722999b1c109c6fcd9c2800479d6d7b93c,2545,94a5a68c104fe71866b974b71d53aa722999b1c109c6fcd9c2800479d6d7b93c,443f0850,PRESERVED_IN_COMPLETE_ARCHIVE
WL-REC-0035,WL-REC-0035,docs/history/owner-inputs/record-20261009/WORK-LAB-HISTORICAL-RECORDS-20261009.zip,originals/WORK-LAB_MASTER_ATLAS_2026-09-29.zip ! WORK-LAB_MASTER_ATLAS_2026-09-29/expanded/WORK-LAB-Monorepo-Migration-Pack-v6.0/WORK-LAB-Monorepo-Migration-Pack-v6.0/11_WINDOWS_GITHUB_RUNBOOK.md,sha256:cc6a2c1abde441a8df2a341a63382bb68acc6a01157098f94f7b866803590a1f,2632,cc6a2c1abde441a8df2a341a63382bb68acc6a01157098f94f7b866803590a1f,9fd5a66a,PRESERVED_IN_COMPLETE_ARCHIVE
WL-REC-0035,WL-REC-0035,docs/history/owner-inputs/record-20261009/WORK-LAB-HISTORICAL-RECORDS-20261009.zip,originals/WORK-LAB_MASTER_ATLAS_2026-09-29.zip ! WORK-LAB_MASTER_ATLAS_2026-09-29/expanded/WORK-LAB-Monorepo-Migration-Pack-v6.0/WORK-LAB-Monorepo-Migration-Pack-v6.0/12_HERMES_START_COMMAND.md,sha256:96361c901257648c24ae9ee615735bafc52dc84f359a8d0f85d727a902dc37f5,2834,96361c901257648c24ae9ee615735bafc52dc84f359a8d0f85d727a902dc37f5,29bb9cf9,PRESERVED_IN_COMPLETE_ARCHIVE
WL-REC-0035,WL-REC-0035,docs/history/owner-inputs/record-20261009/WORK-LAB-HISTORICAL-RECORDS-20261009.zip,originals/WORK-LAB_MASTER_ATLAS_2026-09-29.zip ! WORK-LAB_MASTER_ATLAS_2026-09-29/expanded/WORK-LAB-Monorepo-Migration-Pack-v6.0/WORK-LAB-Monorepo-Migration-Pack-v6.0/13_COMPATIBILITY_AND_VERSION_POLICY.md,sha256:26034ebac232fe9ca4ad4560907f963f8de05910fdbf5d521531461f3217f629,1664,26034ebac232fe9ca4ad4560907f963f8de05910fdbf5d521531461f3217f629,3d5c64d9,PRESERVED_IN_COMPLETE_ARCHIVE
WL-REC-0035,WL-REC-0035,docs/history/owner-inputs/record-20261009/WORK-LAB-HISTORICAL-RECORDS-20261009.zip,originals/WORK-LAB_MASTER_ATLAS_2026-09-29.zip ! WORK-LAB_MASTER_ATLAS_2026-09-29/expanded/WORK-LAB-Monorepo-Migration-Pack-v6.0/WORK-LAB-Monorepo-Migration-Pack-v6.0/14_MASTER_KNOWLEDGE_STRATEGY.md,sha256:a6cff6aea88a5a0cb6f9d303aaba1409ecde4f388c59a49d4218bb23f26d8d2b,2156,a6cff6aea88a5a0cb6f9d303aaba1409ecde4f388c59a49d4218bb23f26d8d2b,2eb386d1,PRESERVED_IN_COMPLETE_ARCHIVE
WL-REC-0035,WL-REC-0035,docs/history/owner-inputs/record-20261009/WORK-LAB-HISTORICAL-RECORDS-20261009.zip,originals/WORK-LAB_MASTER_ATLAS_2026-09-29.zip ! WORK-LAB_MASTER_ATLAS_2026-09-29/expanded/WORK-LAB-Monorepo-Migration-Pack-v6.0/WORK-LAB-Monorepo-Migration-Pack-v6.0/15_BLOAT_SCOPE_AND_STOP_RULES.md,sha256:764993ee9a167801a7f1ab79fec26d46da09a3620dcba665fd3270c261ad79e6,2119,764993ee9a167801a7f1ab79fec26d46da09a3620dcba665fd3270c261ad79e6,1cc4cd99,PRESERVED_IN_COMPLETE_ARCHIVE
WL-REC-0035,WL-REC-0035,docs/history/owner-inputs/record-20261009/WORK-LAB-HISTORICAL-RECORDS-20261009.zip,originals/WORK-LAB_MASTER_ATLAS_2026-09-29.zip ! WORK-LAB_MASTER_ATLAS_2026-09-29/expanded/WORK-LAB-Monorepo-Migration-Pack-v6.0/WORK-LAB-Monorepo-Migration-Pack-v6.0/16_CUTOVER_ARCHIVE_AND_ROLLBACK.md,sha256:5c156ed284445cf3021d21e821f28446f5cc90fcd479346e008b4882a22b660f,2529,5c156ed284445cf3021d21e821f28446f5cc90fcd479346e008b4882a22b660f,a95ad9da,PRESERVED_IN_COMPLETE_ARCHIVE
WL-REC-0035,WL-REC-0035,docs/history/owner-inputs/record-20261009/WORK-LAB-HISTORICAL-RECORDS-20261009.zip,originals/WORK-LAB_MASTER_ATLAS_2026-09-29.zip ! WORK-LAB_MASTER_ATLAS_2026-09-29/expanded/WORK-LAB-Monorepo-Migration-Pack-v6.0/WORK-LAB-Monorepo-Migration-Pack-v6.0/17_REMOTE_ARTIFACT_CROSSWALK.md,sha256:49e1f72e7cd84dbf80764a38de9bcd6bb6ee61fe4f9644f4e7f1c1815dedf001,1705,49e1f72e7cd84dbf80764a38de9bcd6bb6ee61fe4f9644f4e7f1c1815dedf001,1683d444,PRESERVED_IN_COMPLETE_ARCHIVE
WL-REC-0035,WL-REC-0035,docs/history/owner-inputs/record-20261009/WORK-LAB-HISTORICAL-RECORDS-20261009.zip,originals/WORK-LAB_MASTER_ATLAS_2026-09-29.zip ! WORK-LAB_MASTER_ATLAS_2026-09-29/expanded/WORK-LAB-Monorepo-Migration-Pack-v6.0/WORK-LAB-Monorepo-Migration-Pack-v6.0/18_TASK_INDEX_AND_DELIVERY.md,sha256:3f86bac6fd54116e219297945109d1c70e945cebec26485823532e98ff50046c,1986,3f86bac6fd54116e219297945109d1c70e945cebec26485823532e98ff50046c,caa7d3c4,PRESERVED_IN_COMPLETE_ARCHIVE
WL-REC-0035,WL-REC-0035,docs/history/owner-inputs/record-20261009/WORK-LAB-HISTORICAL-RECORDS-20261009.zip,originals/WORK-LAB_MASTER_ATLAS_2026-09-29.zip ! WORK-LAB_MASTER_ATLAS_2026-09-29/expanded/WORK-LAB-Monorepo-Migration-Pack-v6.0/WORK-LAB-Monorepo-Migration-Pack-v6.0/VALIDATION_REPORT.md,sha256:d2cb7ff9af7ac9e2b34d79dfe88736a50487400be62b82ba7c68ae55f407967a,762,d2cb7ff9af7ac9e2b34d79dfe88736a50487400be62b82ba7c68ae55f407967a,52571780,PRESERVED_IN_COMPLETE_ARCHIVE
WL-REC-0035,WL-REC-0035,docs/history/owner-inputs/record-20261009/WORK-LAB-HISTORICAL-RECORDS-20261009.zip,originals/WORK-LAB_MASTER_ATLAS_2026-09-29.zip ! WORK-LAB_MASTER_ATLAS_2026-09-29/expanded/WORK-LAB-Monorepo-Migration-Pack-v6.0/WORK-LAB-Monorepo-Migration-Pack-v6.0/schemas/archive-record.schema.json,sha256:c9c2ccd0d9d306e2997a3156aec02f98ec50482da6bc486baf12d0a7de58ca54,1120,c9c2ccd0d9d306e2997a3156aec02f98ec50482da6bc486baf12d0a7de58ca54,771ca6e4,PRESERVED_IN_COMPLETE_ARCHIVE
WL-REC-0035,WL-REC-0035,docs/history/owner-inputs/record-20261009/WORK-LAB-HISTORICAL-RECORDS-20261009.zip,originals/WORK-LAB_MASTER_ATLAS_2026-09-29.zip ! WORK-LAB_MASTER_ATLAS_2026-09-29/expanded/WORK-LAB-Monorepo-Migration-Pack-v6.0/WORK-LAB-Monorepo-Migration-Pack-v6.0/schemas/compatibility-manifest.schema.json,sha256:115aa609d6dfbed9431ab9b24520da40f0ff23a955e96bce96ab104de232fb8c,1708,115aa609d6dfbed9431ab9b24520da40f0ff23a955e96bce96ab104de232fb8c,aad11417,PRESERVED_IN_COMPLETE_ARCHIVE
WL-REC-0035,WL-REC-0035,docs/history/owner-inputs/record-20261009/WORK-LAB-HISTORICAL-RECORDS-20261009.zip,originals/WORK-LAB_MASTER_ATLAS_2026-09-29.zip ! WORK-LAB_MASTER_ATLAS_2026-09-29/expanded/WORK-LAB-Monorepo-Migration-Pack-v6.0/WORK-LAB-Monorepo-Migration-Pack-v6.0/schemas/cutover-decision.schema.json,sha256:bf517a1a8974ae87784261ac781bb078326c7acbd3c9ef810fcbad30eec1042a,1373,bf517a1a8974ae87784261ac781bb078326c7acbd3c9ef810fcbad30eec1042a,ae252c13,PRESERVED_IN_COMPLETE_ARCHIVE
WL-REC-0035,WL-REC-0035,docs/history/owner-inputs/record-20261009/WORK-LAB-HISTORICAL-RECORDS-20261009.zip,originals/WORK-LAB_MASTER_ATLAS_2026-09-29.zip ! WORK-LAB_MASTER_ATLAS_2026-09-29/expanded/WORK-LAB-Monorepo-Migration-Pack-v6.0/WORK-LAB-Monorepo-Migration-Pack-v6.0/schemas/design-brief.schema.json,sha256:3b382d7a066d3b53e811e8a54f80cba6acd2ad7c3f00663f987f47ace501364f,1965,3b382d7a066d3b53e811e8a54f80cba6acd2ad7c3f00663f987f47ace501364f,537ea80d,PRESERVED_IN_COMPLETE_ARCHIVE
WL-REC-0035,WL-REC-0035,docs/history/owner-inputs/record-20261009/WORK-LAB-HISTORICAL-RECORDS-20261009.zip,originals/WORK-LAB_MASTER_ATLAS_2026-09-29.zip ! WORK-LAB_MASTER_ATLAS_2026-09-29/expanded/WORK-LAB-Monorepo-Migration-Pack-v6.0/WORK-LAB-Monorepo-Migration-Pack-v6.0/schemas/design-method-card.schema.json,sha256:05dc4dc8c1ba924cd3d4bae46b9098992e61cccd6afe1f93ca407ea3e353c32d,1631,05dc4dc8c1ba924cd3d4bae46b9098992e61cccd6afe1f93ca407ea3e353c32d,760d4253,PRESERVED_IN_COMPLETE_ARCHIVE
WL-REC-0035,WL-REC-0035,docs/history/owner-inputs/record-20261009/WORK-LAB-HISTORICAL-RECORDS-20261009.zip,originals/WORK-LAB_MASTER_ATLAS_2026-09-29.zip ! WORK-LAB_MASTER_ATLAS_2026-09-29/expanded/WORK-LAB-Monorepo-Migration-Pack-v6.0/WORK-LAB-Monorepo-Migration-Pack-v6.0/schemas/design-quality-report.schema.json,sha256:46f8805004e77aed4e6ca844255012c679577fa83c52cd28cddab319668ae910,2161,46f8805004e77aed4e6ca844255012c679577fa83c52cd28cddab319668ae910,0e85d0d5,PRESERVED_IN_COMPLETE_ARCHIVE
WL-REC-0035,WL-REC-0035,docs/history/owner-inputs/record-20261009/WORK-LAB-HISTORICAL-RECORDS-20261009.zip,originals/WORK-LAB_MASTER_ATLAS_2026-09-29.zip ! WORK-LAB_MASTER_ATLAS_2026-09-29/expanded/WORK-LAB-Monorepo-Migration-Pack-v6.0/WORK-LAB-Monorepo-Migration-Pack-v6.0/schemas/design-research-record.schema.json,sha256:41fa4166b74a9f7df4b3958b85d1f1e414d6821e82d9413ef2a075ed315d4842,4208,41fa4166b74a9f7df4b3958b85d1f1e414d6821e82d9413ef2a075ed315d4842,aa8da181,PRESERVED_IN_COMPLETE_ARCHIVE
WL-REC-0035,WL-REC-0035,docs/history/owner-inputs/record-20261009/WORK-LAB-HISTORICAL-RECORDS-20261009.zip,originals/WORK-LAB_MASTER_ATLAS_2026-09-29.zip ! WORK-LAB_MASTER_ATLAS_2026-09-29/expanded/WORK-LAB-Monorepo-Migration-Pack-v6.0/WORK-LAB-Monorepo-Migration-Pack-v6.0/schemas/domain-pack.schema.json,sha256:c33e95f8c5123ab27a822d43ef6f5fafaad896751c0ebbeeaa2e1267f4a6b5c8,2034,c33e95f8c5123ab27a822d43ef6f5fafaad896751c0ebbeeaa2e1267f4a6b5c8,3d63bf57,PRESERVED_IN_COMPLETE_ARCHIVE
WL-REC-0035,WL-REC-0035,docs/history/owner-inputs/record-20261009/WORK-LAB-HISTORICAL-RECORDS-20261009.zip,originals/WORK-LAB_MASTER_ATLAS_2026-09-29.zip ! WORK-LAB_MASTER_ATLAS_2026-09-29/expanded/WORK-LAB-Monorepo-Migration-Pack-v6.0/WORK-LAB-Monorepo-Migration-Pack-v6.0/schemas/evidence-envelope.schema.json,sha256:66457684f09d20e8125e5b46aa142c4cdd3c0f73c3408a53d37d8aff6767e2aa,2056,66457684f09d20e8125e5b46aa142c4cdd3c0f73c3408a53d37d8aff6767e2aa,4c6d9794,PRESERVED_IN_COMPLETE_ARCHIVE
WL-REC-0035,WL-REC-0035,docs/history/owner-inputs/record-20261009/WORK-LAB-HISTORICAL-RECORDS-20261009.zip,originals/WORK-LAB_MASTER_ATLAS_2026-09-29.zip ! WORK-LAB_MASTER_ATLAS_2026-09-29/expanded/WORK-LAB-Monorepo-Migration-Pack-v6.0/WORK-LAB-Monorepo-Migration-Pack-v6.0/schemas/migration-map.schema.json,sha256:48f0166a3214e82712f5f4f4405c726fdba744a82ef5a56ec887cdbf5f4d701b,1515,48f0166a3214e82712f5f4f4405c726fdba744a82ef5a56ec887cdbf5f4d701b,1ada357a,PRESERVED_IN_COMPLETE_ARCHIVE
WL-REC-0035,WL-REC-0035,docs/history/owner-inputs/record-20261009/WORK-LAB-HISTORICAL-RECORDS-20261009.zip,originals/WORK-LAB_MASTER_ATLAS_2026-09-29.zip ! WORK-LAB_MASTER_ATLAS_2026-09-29/expanded/WORK-LAB-Monorepo-Migration-Pack-v6.0/WORK-LAB-Monorepo-Migration-Pack-v6.0/schemas/migration-source.schema.json,sha256:f072e3ce120b3521e6df2a1808bdcbfbdbe183bd74a38309d6a4147d82b97d42,2451,f072e3ce120b3521e6df2a1808bdcbfbdbe183bd74a38309d6a4147d82b97d42,78c3cdaf,PRESERVED_IN_COMPLETE_ARCHIVE
WL-REC-0035,WL-REC-0035,docs/history/owner-inputs/record-20261009/WORK-LAB-HISTORICAL-RECORDS-20261009.zip,originals/WORK-LAB_MASTER_ATLAS_2026-09-29.zip ! WORK-LAB_MASTER_ATLAS_2026-09-29/expanded/WORK-LAB-Monorepo-Migration-Pack-v6.0/WORK-LAB-Monorepo-Migration-Pack-v6.0/schemas/module-profile.schema.json,sha256:446c49788f2f7d818369e044731703206e452cd2dba560a9997de2280ceaef6c,1289,446c49788f2f7d818369e044731703206e452cd2dba560a9997de2280ceaef6c,b457cc96,PRESERVED_IN_COMPLETE_ARCHIVE
WL-REC-0035,WL-REC-0035,docs/history/owner-inputs/record-20261009/WORK-LAB-HISTORICAL-RECORDS-20261009.zip,originals/WORK-LAB_MASTER_ATLAS_2026-09-29.zip ! WORK-LAB_MASTER_ATLAS_2026-09-29/expanded/WORK-LAB-Monorepo-Migration-Pack-v6.0/WORK-LAB-Monorepo-Migration-Pack-v6.0/schemas/monorepo-manifest.schema.json,sha256:29b6d9106520fc268aa3b6af3414cee7af930bd3ff20cb50a3e32925571fdd25,2234,29b6d9106520fc268aa3b6af3414cee7af930bd3ff20cb50a3e32925571fdd25,9c96304c,PRESERVED_IN_COMPLETE_ARCHIVE
WL-REC-0035,WL-REC-0035,docs/history/owner-inputs/record-20261009/WORK-LAB-HISTORICAL-RECORDS-20261009.zip,originals/WORK-LAB_MASTER_ATLAS_2026-09-29.zip ! WORK-LAB_MASTER_ATLAS_2026-09-29/expanded/WORK-LAB-Monorepo-Migration-Pack-v6.0/WORK-LAB-Monorepo-Migration-Pack-v6.0/schemas/observability-event.schema.json,sha256:22eb46849e1ccf6881aff95e0f77e43803115cf163f40fddddd9e850b5942879,967,22eb46849e1ccf6881aff95e0f77e43803115cf163f40fddddd9e850b5942879,0cf46efb,PRESERVED_IN_COMPLETE_ARCHIVE
WL-REC-0035,WL-REC-0035,docs/history/owner-inputs/record-20261009/WORK-LAB-HISTORICAL-RECORDS-20261009.zip,originals/WORK-LAB_MASTER_ATLAS_2026-09-29.zip ! WORK-LAB_MASTER_ATLAS_2026-09-29/expanded/WORK-LAB-Monorepo-Migration-Pack-v6.0/WORK-LAB-Monorepo-Migration-Pack-v6.0/schemas/runtime-lock.schema.json,sha256:1a7b34b3b1e0a518f6914f73fff2ba151370d6422ad6ce3b63f6f9783006541e,3375,1a7b34b3b1e0a518f6914f73fff2ba151370d6422ad6ce3b63f6f9783006541e,b6cfb0f6,PRESERVED_IN_COMPLETE_ARCHIVE
WL-REC-0035,WL-REC-0035,docs/history/owner-inputs/record-20261009/WORK-LAB-HISTORICAL-RECORDS-20261009.zip,originals/WORK-LAB_MASTER_ATLAS_2026-09-29.zip ! WORK-LAB_MASTER_ATLAS_2026-09-29/expanded/WORK-LAB-Monorepo-Migration-Pack-v6.0/WORK-LAB-Monorepo-Migration-Pack-v6.0/schemas/task-card.schema.json,sha256:557732a8a3def7c5e52d0648d4e7cc24aaf3ed61e850f44c6d3629b99126c473,2202,557732a8a3def7c5e52d0648d4e7cc24aaf3ed61e850f44c6d3629b99126c473,2c2cda74,PRESERVED_IN_COMPLETE_ARCHIVE
WL-REC-0035,WL-REC-0035,docs/history/owner-inputs/record-20261009/WORK-LAB-HISTORICAL-RECORDS-20261009.zip,originals/WORK-LAB_MASTER_ATLAS_2026-09-29.zip ! WORK-LAB_MASTER_ATLAS_2026-09-29/expanded/WORK-LAB-Monorepo-Migration-Pack-v6.0/WORK-LAB-Monorepo-Migration-Pack-v6.0/schemas/taste-memory.schema.json,sha256:b8c869c0f0417c36d6cf28671d8cbe3b523a2aec9ed589bdf7a61861690848d6,1864,b8c869c0f0417c36d6cf28671d8cbe3b523a2aec9ed589bdf7a61861690848d6,b1012605,PRESERVED_IN_COMPLETE_ARCHIVE
WL-REC-0035,WL-REC-0035,docs/history/owner-inputs/record-20261009/WORK-LAB-HISTORICAL-RECORDS-20261009.zip,originals/WORK-LAB_MASTER_ATLAS_2026-09-29.zip ! WORK-LAB_MASTER_ATLAS_2026-09-29/expanded/WORK-LAB-Monorepo-Migration-Pack-v6.0/WORK-LAB-Monorepo-Migration-Pack-v6.0/target-layout/00-governance/compatibility-policy.yaml,sha256:c230baa6cec3ffdccfe88f59d425f955c2fc3fba286811f9ff26f46a673fee3f,659,c230baa6cec3ffdccfe88f59d425f955c2fc3fba286811f9ff26f46a673fee3f,faaa2c9c,PRESERVED_IN_COMPLETE_ARCHIVE
WL-REC-0035,WL-REC-0035,docs/history/owner-inputs/record-20261009/WORK-LAB-HISTORICAL-RECORDS-20261009.zip,originals/WORK-LAB_MASTER_ATLAS_2026-09-29.zip ! WORK-LAB_MASTER_ATLAS_2026-09-29/expanded/WORK-LAB-Monorepo-Migration-Pack-v6.0/WORK-LAB-Monorepo-Migration-Pack-v6.0/target-layout/00-governance/contracts/README.md,sha256:e99e5380770a232233cbed4080ecbe305da1463b5a34023972854719d7da79a2,247,e99e5380770a232233cbed4080ecbe305da1463b5a34023972854719d7da79a2,8ba305b7,PRESERVED_IN_COMPLETE_ARCHIVE
WL-REC-0035,WL-REC-0035,docs/history/owner-inputs/record-20261009/WORK-LAB-HISTORICAL-RECORDS-20261009.zip,originals/WORK-LAB_MASTER_ATLAS_2026-09-29.zip ! WORK-LAB_MASTER_ATLAS_2026-09-29/expanded/WORK-LAB-Monorepo-Migration-Pack-v6.0/WORK-LAB-Monorepo-Migration-Pack-v6.0/target-layout/00-governance/projects.json,sha256:2a33b2a71d43be80077996673b299e323b200bd881e38611d20e202e1e4d9b00,1390,2a33b2a71d43be80077996673b299e323b200bd881e38611d20e202e1e4d9b00,c339fef9,PRESERVED_IN_COMPLETE_ARCHIVE
WL-REC-0035,WL-REC-0035,docs/history/owner-inputs/record-20261009/WORK-LAB-HISTORICAL-RECORDS-20261009.zip,originals/WORK-LAB_MASTER_ATLAS_2026-09-29.zip ! WORK-LAB_MASTER_ATLAS_2026-09-29/expanded/WORK-LAB-Monorepo-Migration-Pack-v6.0/WORK-LAB-Monorepo-Migration-Pack-v6.0/target-layout/00-governance/rules/README.md,sha256:da3c767af4af4cb634fafedb82a37b88276140f7c46983e1eaad5346182a72a7,262,da3c767af4af4cb634fafedb82a37b88276140f7c46983e1eaad5346182a72a7,0af40864,PRESERVED_IN_COMPLETE_ARCHIVE
WL-REC-0035,WL-REC-0035,docs/history/owner-inputs/record-20261009/WORK-LAB-HISTORICAL-RECORDS-20261009.zip,originals/WORK-LAB_MASTER_ATLAS_2026-09-29.zip ! WORK-LAB_MASTER_ATLAS_2026-09-29/expanded/WORK-LAB-Monorepo-Migration-Pack-v6.0/WORK-LAB-Monorepo-Migration-Pack-v6.0/target-layout/50-taskpacks/README.md,sha256:7b5f377d50a2ce17e4c0dc2e65bc4ac206b75f2e2f1a2641215a20afae5ad495,145,7b5f377d50a2ce17e4c0dc2e65bc4ac206b75f2e2f1a2641215a20afae5ad495,7b4d8d43,PRESERVED_IN_COMPLETE_ARCHIVE
WL-REC-0035,WL-REC-0035,docs/history/owner-inputs/record-20261009/WORK-LAB-HISTORICAL-RECORDS-20261009.zip,originals/WORK-LAB_MASTER_ATLAS_2026-09-29.zip ! WORK-LAB_MASTER_ATLAS_2026-09-29/expanded/WORK-LAB-Monorepo-Migration-Pack-v6.0/WORK-LAB-Monorepo-Migration-Pack-v6.0/target-layout/90-archive-manifests/README.md,sha256:7781fdc6312fac57c9a3476ec1f8ac9725b21839365ae1c9e0d5e5da315973c2,192,7781fdc6312fac57c9a3476ec1f8ac9725b21839365ae1c9e0d5e5da315973c2,95402d31,PRESERVED_IN_COMPLETE_ARCHIVE
WL-REC-0035,WL-REC-0035,docs/history/owner-inputs/record-20261009/WORK-LAB-HISTORICAL-RECORDS-20261009.zip,originals/WORK-LAB_MASTER_ATLAS_2026-09-29.zip ! WORK-LAB_MASTER_ATLAS_2026-09-29/expanded/WORK-LAB-Monorepo-Migration-Pack-v6.0/WORK-LAB-Monorepo-Migration-Pack-v6.0/target-layout/README.md,sha256:d16fc568029fdfd1b1b627ce597fd8f64c1c2c083ff381e6357f86cecaaabf1c,617,d16fc568029fdfd1b1b627ce597fd8f64c1c2c083ff381e6357f86cecaaabf1c,da1ccabc,PRESERVED_IN_COMPLETE_ARCHIVE
WL-REC-0035,WL-REC-0035,docs/history/owner-inputs/record-20261009/WORK-LAB-HISTORICAL-RECORDS-20261009.zip,originals/WORK-LAB_MASTER_ATLAS_2026-09-29.zip ! WORK-LAB_MASTER_ATLAS_2026-09-29/expanded/WORK-LAB-Monorepo-Migration-Pack-v6.0/WORK-LAB-Monorepo-Migration-Pack-v6.0/taskpack-manifest.yaml,sha256:cf6c7da0edb8278e62151123f7ab43945d73659a795bdf0a226cf48cce5ea441,5381,cf6c7da0edb8278e62151123f7ab43945d73659a795bdf0a226cf48cce5ea441,60504559,PRESERVED_IN_COMPLETE_ARCHIVE
WL-REC-0035,WL-REC-0035,docs/history/owner-inputs/record-20261009/WORK-LAB-HISTORICAL-RECORDS-20261009.zip,originals/WORK-LAB_MASTER_ATLAS_2026-09-29.zip ! WORK-LAB_MASTER_ATLAS_2026-09-29/expanded/WORK-LAB-Monorepo-Migration-Pack-v6.0/WORK-LAB-Monorepo-Migration-Pack-v6.0/tasks/task-cards.json,sha256:484809102b4d9b5a3a7982991a0fa0bf89868046a81315edd14f3c8f905084ed,72113,484809102b4d9b5a3a7982991a0fa0bf89868046a81315edd14f3c8f905084ed,04ef3808,PRESERVED_IN_COMPLETE_ARCHIVE
WL-REC-0035,WL-REC-0035,docs/history/owner-inputs/record-20261009/WORK-LAB-HISTORICAL-RECORDS-20261009.zip,originals/WORK-LAB_MASTER_ATLAS_2026-09-29.zip ! WORK-LAB_MASTER_ATLAS_2026-09-29/expanded/WORK-LAB-Monorepo-Migration-Pack-v6.0/WORK-LAB-Monorepo-Migration-Pack-v6.0/templates/archive-record.example.json,sha256:edf11456607802518656c14c033c93f8dbd3f44da18bd8b7547bec5517fde859,353,edf11456607802518656c14c033c93f8dbd3f44da18bd8b7547bec5517fde859,43d35a90,PRESERVED_IN_COMPLETE_ARCHIVE
WL-REC-0035,WL-REC-0035,docs/history/owner-inputs/record-20261009/WORK-LAB-HISTORICAL-RECORDS-20261009.zip,originals/WORK-LAB_MASTER_ATLAS_2026-09-29.zip ! WORK-LAB_MASTER_ATLAS_2026-09-29/expanded/WORK-LAB-Monorepo-Migration-Pack-v6.0/WORK-LAB-Monorepo-Migration-Pack-v6.0/templates/compatibility-manifest.example.json,sha256:efa5799dc19ac82dc851d9343464cc6e15629526f54b9121f6f4af227b092a3d,701,efa5799dc19ac82dc851d9343464cc6e15629526f54b9121f6f4af227b092a3d,9dc955d3,PRESERVED_IN_COMPLETE_ARCHIVE
WL-REC-0035,WL-REC-0035,docs/history/owner-inputs/record-20261009/WORK-LAB-HISTORICAL-RECORDS-20261009.zip,originals/WORK-LAB_MASTER_ATLAS_2026-09-29.zip ! WORK-LAB_MASTER_ATLAS_2026-09-29/expanded/WORK-LAB-Monorepo-Migration-Pack-v6.0/WORK-LAB-Monorepo-Migration-Pack-v6.0/templates/cutover-decision.example.json,sha256:bc9c3f7a0e3da1e306814851672e8be37e5eaa4d8c63de8d924d8d6b513175fe,634,bc9c3f7a0e3da1e306814851672e8be37e5eaa4d8c63de8d924d8d6b513175fe,245c2c99,PRESERVED_IN_COMPLETE_ARCHIVE
WL-REC-0035,WL-REC-0035,docs/history/owner-inputs/record-20261009/WORK-LAB-HISTORICAL-RECORDS-20261009.zip,originals/WORK-LAB_MASTER_ATLAS_2026-09-29.zip ! WORK-LAB_MASTER_ATLAS_2026-09-29/expanded/WORK-LAB-Monorepo-Migration-Pack-v6.0/WORK-LAB-Monorepo-Migration-Pack-v6.0/templates/design-method-card.example.json,sha256:a50bb1218ecefc5242f6f05dbb03a70ab54cf304117520caa933c27538e45414,1015,a50bb1218ecefc5242f6f05dbb03a70ab54cf304117520caa933c27538e45414,02251b05,PRESERVED_IN_COMPLETE_ARCHIVE
WL-REC-0035,WL-REC-0035,docs/history/owner-inputs/record-20261009/WORK-LAB-HISTORICAL-RECORDS-20261009.zip,originals/WORK-LAB_MASTER_ATLAS_2026-09-29.zip ! WORK-LAB_MASTER_ATLAS_2026-09-29/expanded/WORK-LAB-Monorepo-Migration-Pack-v6.0/WORK-LAB-Monorepo-Migration-Pack-v6.0/templates/design-quality-report.example.json,sha256:6a775604db0658398058985ae93dfcef79473e9bcab2843a5b70d2b6966b2f4f,887,6a775604db0658398058985ae93dfcef79473e9bcab2843a5b70d2b6966b2f4f,03df3ab7,PRESERVED_IN_COMPLETE_ARCHIVE
WL-REC-0035,WL-REC-0035,docs/history/owner-inputs/record-20261009/WORK-LAB-HISTORICAL-RECORDS-20261009.zip,originals/WORK-LAB_MASTER_ATLAS_2026-09-29.zip ! WORK-LAB_MASTER_ATLAS_2026-09-29/expanded/WORK-LAB-Monorepo-Migration-Pack-v6.0/WORK-LAB-Monorepo-Migration-Pack-v6.0/templates/design-research-record.example.json,sha256:359caceba39055184362ed79dff033b0b5342bfd681592cfa522911673f484e0,1713,359caceba39055184362ed79dff033b0b5342bfd681592cfa522911673f484e0,d6d0ee5e,PRESERVED_IN_COMPLETE_ARCHIVE
WL-REC-0035,WL-REC-0035,docs/history/owner-inputs/record-20261009/WORK-LAB-HISTORICAL-RECORDS-20261009.zip,originals/WORK-LAB_MASTER_ATLAS_2026-09-29.zip ! WORK-LAB_MASTER_ATLAS_2026-09-29/expanded/WORK-LAB-Monorepo-Migration-Pack-v6.0/WORK-LAB-Monorepo-Migration-Pack-v6.0/templates/evidence-envelope.example.json,sha256:c252c16db9356fcb210977912e97e2438748842a2c9e5e140fee8e7c75da0e2e,1104,c252c16db9356fcb210977912e97e2438748842a2c9e5e140fee8e7c75da0e2e,fc00f51f,PRESERVED_IN_COMPLETE_ARCHIVE
WL-REC-0035,WL-REC-0035,docs/history/owner-inputs/record-20261009/WORK-LAB-HISTORICAL-RECORDS-20261009.zip,originals/WORK-LAB_MASTER_ATLAS_2026-09-29.zip ! WORK-LAB_MASTER_ATLAS_2026-09-29/expanded/WORK-LAB-Monorepo-Migration-Pack-v6.0/WORK-LAB-Monorepo-Migration-Pack-v6.0/templates/migration-map.example.json,sha256:9b8eb8b4e2fb65e97a1504b8c686ad95dcf2d596be8dd0e86d84bcda6d1d5abf,1085,9b8eb8b4e2fb65e97a1504b8c686ad95dcf2d596be8dd0e86d84bcda6d1d5abf,8b9b1dc8,PRESERVED_IN_COMPLETE_ARCHIVE
WL-REC-0035,WL-REC-0035,docs/history/owner-inputs/record-20261009/WORK-LAB-HISTORICAL-RECORDS-20261009.zip,originals/WORK-LAB_MASTER_ATLAS_2026-09-29.zip ! WORK-LAB_MASTER_ATLAS_2026-09-29/expanded/WORK-LAB-Monorepo-Migration-Pack-v6.0/WORK-LAB-Monorepo-Migration-Pack-v6.0/templates/migration-source.example.json,sha256:32184819d8f43db912dff42ebf5d603426f93e6a0e40cc8a7f031faf1d0a4ee3,887,32184819d8f43db912dff42ebf5d603426f93e6a0e40cc8a7f031faf1d0a4ee3,99c3a294,PRESERVED_IN_COMPLETE_ARCHIVE
WL-REC-0035,WL-REC-0035,docs/history/owner-inputs/record-20261009/WORK-LAB-HISTORICAL-RECORDS-20261009.zip,originals/WORK-LAB_MASTER_ATLAS_2026-09-29.zip ! WORK-LAB_MASTER_ATLAS_2026-09-29/expanded/WORK-LAB-Monorepo-Migration-Pack-v6.0/WORK-LAB-Monorepo-Migration-Pack-v6.0/templates/minigame-design-brief.example.json,sha256:a7c017fa18dc73f6c1cea6b5bf730fb1719bd3e876b5f83f91160a318f995835,1152,a7c017fa18dc73f6c1cea6b5bf730fb1719bd3e876b5f83f91160a318f995835,77b97759,PRESERVED_IN_COMPLETE_ARCHIVE
WL-REC-0035,WL-REC-0035,docs/history/owner-inputs/record-20261009/WORK-LAB-HISTORICAL-RECORDS-20261009.zip,originals/WORK-LAB_MASTER_ATLAS_2026-09-29.zip ! WORK-LAB_MASTER_ATLAS_2026-09-29/expanded/WORK-LAB-Monorepo-Migration-Pack-v6.0/WORK-LAB-Monorepo-Migration-Pack-v6.0/templates/minigame-module-profile.example.json,sha256:ca0bed51004552ef774cfd8dbfae0af349620b8bcf69955fb28bada6aa6ef528,500,ca0bed51004552ef774cfd8dbfae0af349620b8bcf69955fb28bada6aa6ef528,30887584,PRESERVED_IN_COMPLETE_ARCHIVE
WL-REC-0035,WL-REC-0035,docs/history/owner-inputs/record-20261009/WORK-LAB-HISTORICAL-RECORDS-20261009.zip,originals/WORK-LAB_MASTER_ATLAS_2026-09-29.zip ! WORK-LAB_MASTER_ATLAS_2026-09-29/expanded/WORK-LAB-Monorepo-Migration-Pack-v6.0/WORK-LAB-Monorepo-Migration-Pack-v6.0/templates/monorepo-manifest.example.json,sha256:2a33b2a71d43be80077996673b299e323b200bd881e38611d20e202e1e4d9b00,1390,2a33b2a71d43be80077996673b299e323b200bd881e38611d20e202e1e4d9b00,c339fef9,PRESERVED_IN_COMPLETE_ARCHIVE
WL-REC-0035,WL-REC-0035,docs/history/owner-inputs/record-20261009/WORK-LAB-HISTORICAL-RECORDS-20261009.zip,originals/WORK-LAB_MASTER_ATLAS_2026-09-29.zip ! WORK-LAB_MASTER_ATLAS_2026-09-29/expanded/WORK-LAB-Monorepo-Migration-Pack-v6.0/WORK-LAB-Monorepo-Migration-Pack-v6.0/templates/observability-event.example.json,sha256:746fa52077b9595da86bc716037cf0d74602510620ab474c5f70134aeea118d6,448,746fa52077b9595da86bc716037cf0d74602510620ab474c5f70134aeea118d6,77a0f8a2,PRESERVED_IN_COMPLETE_ARCHIVE
WL-REC-0035,WL-REC-0035,docs/history/owner-inputs/record-20261009/WORK-LAB-HISTORICAL-RECORDS-20261009.zip,originals/WORK-LAB_MASTER_ATLAS_2026-09-29.zip ! WORK-LAB_MASTER_ATLAS_2026-09-29/expanded/WORK-LAB-Monorepo-Migration-Pack-v6.0/WORK-LAB-Monorepo-Migration-Pack-v6.0/templates/open-design-domain-pack.example.json,sha256:1292c601c51771602cf4ae17027b01b32260a445a417886d80a52f8024f4e2d6,1022,1292c601c51771602cf4ae17027b01b32260a445a417886d80a52f8024f4e2d6,f5bd4821,PRESERVED_IN_COMPLETE_ARCHIVE
WL-REC-0035,WL-REC-0035,docs/history/owner-inputs/record-20261009/WORK-LAB-HISTORICAL-RECORDS-20261009.zip,originals/WORK-LAB_MASTER_ATLAS_2026-09-29.zip ! WORK-LAB_MASTER_ATLAS_2026-09-29/expanded/WORK-LAB-Monorepo-Migration-Pack-v6.0/WORK-LAB-Monorepo-Migration-Pack-v6.0/templates/open-design-module-profile.example.json,sha256:d47a21a4baa0870d745549117d0127cd460047cf21c4f2c545deefa9f81da5a3,551,d47a21a4baa0870d745549117d0127cd460047cf21c4f2c545deefa9f81da5a3,fbcf3ef2,PRESERVED_IN_COMPLETE_ARCHIVE
WL-REC-0035,WL-REC-0035,docs/history/owner-inputs/record-20261009/WORK-LAB-HISTORICAL-RECORDS-20261009.zip,originals/WORK-LAB_MASTER_ATLAS_2026-09-29.zip ! WORK-LAB_MASTER_ATLAS_2026-09-29/expanded/WORK-LAB-Monorepo-Migration-Pack-v6.0/WORK-LAB-Monorepo-Migration-Pack-v6.0/templates/runtime-lock.example.json,sha256:7dc3f0fdbc0d6ac4d4867b5cb972fcca5664f98d89fcdcadb86df01d743a6918,1431,7dc3f0fdbc0d6ac4d4867b5cb972fcca5664f98d89fcdcadb86df01d743a6918,7a96d599,PRESERVED_IN_COMPLETE_ARCHIVE
WL-REC-0035,WL-REC-0035,docs/history/owner-inputs/record-20261009/WORK-LAB-HISTORICAL-RECORDS-20261009.zip,originals/WORK-LAB_MASTER_ATLAS_2026-09-29.zip ! WORK-LAB_MASTER_ATLAS_2026-09-29/expanded/WORK-LAB-Monorepo-Migration-Pack-v6.0/WORK-LAB-Monorepo-Migration-Pack-v6.0/templates/taste-memory.example.json,sha256:c40b26f1512bd6dd7f91a891aafa1664ea4e883cbde76fdb871c915d83c6d8f0,806,c40b26f1512bd6dd7f91a891aafa1664ea4e883cbde76fdb871c915d83c6d8f0,7968da6b,PRESERVED_IN_COMPLETE_ARCHIVE
WL-REC-0035,WL-REC-0035,docs/history/owner-inputs/record-20261009/WORK-LAB-HISTORICAL-RECORDS-20261009.zip,originals/WORK-LAB_MASTER_ATLAS_2026-09-29.zip ! WORK-LAB_MASTER_ATLAS_2026-09-29/expanded/WORK-LAB-Monorepo-Migration-Pack-v6.0/WORK-LAB-Monorepo-Migration-Pack-v6.0/templates/workflow-module-profile.example.json,sha256:b2099b43adf2adaed893ae8bb62ba9b4c45bca3e59c68cd696f0e083fa708795,531,b2099b43adf2adaed893ae8bb62ba9b4c45bca3e59c68cd696f0e083fa708795,4d4d0a1f,PRESERVED_IN_COMPLETE_ARCHIVE
WL-REC-0035,WL-REC-0035,docs/history/owner-inputs/record-20261009/WORK-LAB-HISTORICAL-RECORDS-20261009.zip,originals/WORK-LAB_MASTER_ATLAS_2026-09-29.zip ! WORK-LAB_MASTER_ATLAS_2026-09-29/expanded/WORK-LAB-NATIVE-FIRST-TASKPACK-2026-09-12/WORK-LAB-NATIVE-FIRST-2026-09-12/EVIDENCE-INDEX.json,sha256:45581c186c0f54bded419a1737ac38d413966e5ec234104f1d9ea9caf36b4c07,7092,45581c186c0f54bded419a1737ac38d413966e5ec234104f1d9ea9caf36b4c07,df15851d,PRESERVED_IN_COMPLETE_ARCHIVE
WL-REC-0035,WL-REC-0035,docs/history/owner-inputs/record-20261009/WORK-LAB-HISTORICAL-RECORDS-20261009.zip,originals/WORK-LAB_MASTER_ATLAS_2026-09-29.zip ! WORK-LAB_MASTER_ATLAS_2026-09-29/expanded/WORK-LAB-NATIVE-FIRST-TASKPACK-2026-09-12/WORK-LAB-NATIVE-FIRST-2026-09-12/README.md,sha256:2f26b19fa86208f3e109af79ce3d5f83219fe3c5edfd934d3db8ad73d4f8968b,1102,2f26b19fa86208f3e109af79ce3d5f83219fe3c5edfd934d3db8ad73d4f8968b,1ef9d83e,PRESERVED_IN_COMPLETE_ARCHIVE
WL-REC-0035,WL-REC-0035,docs/history/owner-inputs/record-20261009/WORK-LAB-HISTORICAL-RECORDS-20261009.zip,originals/WORK-LAB_MASTER_ATLAS_2026-09-29.zip ! WORK-LAB_MASTER_ATLAS_2026-09-29/expanded/WORK-LAB-NATIVE-FIRST-TASKPACK-2026-09-12/WORK-LAB-NATIVE-FIRST-2026-09-12/SHA256SUMS.json,sha256:6f7a5d8544155053e7a25f5acc9c0bb2899f9eba807d2e72af9c8a3d46181caa,566,6f7a5d8544155053e7a25f5acc9c0bb2899f9eba807d2e72af9c8a3d46181caa,ca04e881,PRESERVED_IN_COMPLETE_ARCHIVE
WL-REC-0035,WL-REC-0035,docs/history/owner-inputs/record-20261009/WORK-LAB-HISTORICAL-RECORDS-20261009.zip,originals/WORK-LAB_MASTER_ATLAS_2026-09-29.zip ! WORK-LAB_MASTER_ATLAS_2026-09-29/expanded/WORK-LAB-NATIVE-FIRST-TASKPACK-2026-09-12/WORK-LAB-NATIVE-FIRST-2026-09-12/START-HERMES.txt,sha256:f5f021022d41eaf073201bb158cfd0d924f2987ef23c22d7f6f8cd4ab9110931,2188,f5f021022d41eaf073201bb158cfd0d924f2987ef23c22d7f6f8cd4ab9110931,e7ccb6c3,PRESERVED_IN_COMPLETE_ARCHIVE
WL-REC-0035,WL-REC-0035,docs/history/owner-inputs/record-20261009/WORK-LAB-HISTORICAL-RECORDS-20261009.zip,originals/WORK-LAB_MASTER_ATLAS_2026-09-29.zip ! WORK-LAB_MASTER_ATLAS_2026-09-29/expanded/WORK-LAB-NATIVE-FIRST-TASKPACK-2026-09-12/WORK-LAB-NATIVE-FIRST-2026-09-12/TASKS.json,sha256:6f87915a9de8cc42ebdb60376207565d90dbc82880b6ade937135fec8da03a1f,24030,6f87915a9de8cc42ebdb60376207565d90dbc82880b6ade937135fec8da03a1f,5a49268c,PRESERVED_IN_COMPLETE_ARCHIVE
WL-REC-0035,WL-REC-0035,docs/history/owner-inputs/record-20261009/WORK-LAB-HISTORICAL-RECORDS-20261009.zip,originals/WORK-LAB_MASTER_ATLAS_2026-09-29.zip ! WORK-LAB_MASTER_ATLAS_2026-09-29/expanded/WORK-LAB-NATIVE-FIRST-TASKPACK-2026-09-12/WORK-LAB-NATIVE-FIRST-2026-09-12/WORK-LAB-DEVELOPMENT-RESEARCH.md,sha256:321389ac4f474c89c7bbffc13b34ff30cbe735781c9b137c4561ad0ecf9852f8,26345,321389ac4f474c89c7bbffc13b34ff30cbe735781c9b137c4561ad0ecf9852f8,dcf7d50e,PRESERVED_IN_COMPLETE_ARCHIVE
WL-REC-0035,WL-REC-0035,docs/history/owner-inputs/record-20261009/WORK-LAB-HISTORICAL-RECORDS-20261009.zip,originals/WORK-LAB_MASTER_ATLAS_2026-09-29.zip ! WORK-LAB_MASTER_ATLAS_2026-09-29/expanded/WORK-LAB-NATIVE-FIRST-TASKPACK-2026-09-12/WORK-LAB-NATIVE-FIRST-2026-09-12/WORK-LAB-NATIVE-FIRST-TASKPACK.md,sha256:634e1843880c0772fa4ae1080722732c8378713f0bc6a9d63958baf5a4c9405b,28316,634e1843880c0772fa4ae1080722732c8378713f0bc6a9d63958baf5a4c9405b,295e0a66,PRESERVED_IN_COMPLETE_ARCHIVE
WL-REC-0035,WL-REC-0035,docs/history/owner-inputs/record-20261009/WORK-LAB-HISTORICAL-RECORDS-20261009.zip,originals/WORK-LAB_MASTER_ATLAS_2026-09-29.zip ! WORK-LAB_MASTER_ATLAS_2026-09-29/expanded/WORK-LAB-OBSERVER-VISUAL-ASSETS-R2/WORK-LAB-OBSERVER-VISUAL-ASSETS-R2/00-START-HERE.md,sha256:c5d0e06d20bae6968514ce0bf9d23e37e5cb3751e0cda20de299e98e609f1a42,2230,c5d0e06d20bae6968514ce0bf9d23e37e5cb3751e0cda20de299e98e609f1a42,1976b498,PRESERVED_IN_COMPLETE_ARCHIVE
WL-REC-0035,WL-REC-0035,docs/history/owner-inputs/record-20261009/WORK-LAB-HISTORICAL-RECORDS-20261009.zip,originals/WORK-LAB_MASTER_ATLAS_2026-09-29.zip ! WORK-LAB_MASTER_ATLAS_2026-09-29/expanded/WORK-LAB-OBSERVER-VISUAL-ASSETS-R2/WORK-LAB-OBSERVER-VISUAL-ASSETS-R2/01-RESEARCH-AND-DESIGN-AUDIT.md,sha256:67ab06c34713ee4b947eecf7f0a2bac79b6f349a2a33c14613dcd776418a924e,4401,67ab06c34713ee4b947eecf7f0a2bac79b6f349a2a33c14613dcd776418a924e,ed5efead,PRESERVED_IN_COMPLETE_ARCHIVE
WL-REC-0035,WL-REC-0035,docs/history/owner-inputs/record-20261009/WORK-LAB-HISTORICAL-RECORDS-20261009.zip,originals/WORK-LAB_MASTER_ATLAS_2026-09-29.zip ! WORK-LAB_MASTER_ATLAS_2026-09-29/expanded/WORK-LAB-OBSERVER-VISUAL-ASSETS-R2/WORK-LAB-OBSERVER-VISUAL-ASSETS-R2/02-INFORMATION-ARCHITECTURE.md,sha256:999ed002a3e25e4dd4d55171d9aef6eb93db9b024184e18670cb6c62aba86fa0,2713,999ed002a3e25e4dd4d55171d9aef6eb93db9b024184e18670cb6c62aba86fa0,e89c811d,PRESERVED_IN_COMPLETE_ARCHIVE
WL-REC-0035,WL-REC-0035,docs/history/owner-inputs/record-20261009/WORK-LAB-HISTORICAL-RECORDS-20261009.zip,originals/WORK-LAB_MASTER_ATLAS_2026-09-29.zip ! WORK-LAB_MASTER_ATLAS_2026-09-29/expanded/WORK-LAB-OBSERVER-VISUAL-ASSETS-R2/WORK-LAB-OBSERVER-VISUAL-ASSETS-R2/03-DATA-SEMANTICS-AND-ACCURACY.md,sha256:72c516d72728ead53f67fc89a0a3a1c0e2e1d7fdeac851c0a90c6046a449f5c3,3564,72c516d72728ead53f67fc89a0a3a1c0e2e1d7fdeac851c0a90c6046a449f5c3,e07c93b6,PRESERVED_IN_COMPLETE_ARCHIVE
WL-REC-0035,WL-REC-0035,docs/history/owner-inputs/record-20261009/WORK-LAB-HISTORICAL-RECORDS-20261009.zip,originals/WORK-LAB_MASTER_ATLAS_2026-09-29.zip ! WORK-LAB_MASTER_ATLAS_2026-09-29/expanded/WORK-LAB-OBSERVER-VISUAL-ASSETS-R2/WORK-LAB-OBSERVER-VISUAL-ASSETS-R2/04-HERMES-INTEGRATION-TASKPACK.md,sha256:a15a705f2f0ce62709beebb5b96e0fbaf68c41db76ee148570317d6cb2db78c4,7127,a15a705f2f0ce62709beebb5b96e0fbaf68c41db76ee148570317d6cb2db78c4,9e7790bf,PRESERVED_IN_COMPLETE_ARCHIVE
WL-REC-0035,WL-REC-0035,docs/history/owner-inputs/record-20261009/WORK-LAB-HISTORICAL-RECORDS-20261009.zip,originals/WORK-LAB_MASTER_ATLAS_2026-09-29.zip ! WORK-LAB_MASTER_ATLAS_2026-09-29/expanded/WORK-LAB-OBSERVER-VISUAL-ASSETS-R2/WORK-LAB-OBSERVER-VISUAL-ASSETS-R2/05-ASSET-MANIFEST.md,sha256:53d8f03bd0c2806c559493cc67fbf8e710b5ccabea941531f74839dda6b24173,1375,53d8f03bd0c2806c559493cc67fbf8e710b5ccabea941531f74839dda6b24173,448acc2e,PRESERVED_IN_COMPLETE_ARCHIVE
WL-REC-0035,WL-REC-0035,docs/history/owner-inputs/record-20261009/WORK-LAB-HISTORICAL-RECORDS-20261009.zip,originals/WORK-LAB_MASTER_ATLAS_2026-09-29.zip ! WORK-LAB_MASTER_ATLAS_2026-09-29/expanded/WORK-LAB-OBSERVER-VISUAL-ASSETS-R2/WORK-LAB-OBSERVER-VISUAL-ASSETS-R2/06-UIUX-ACCEPTANCE-CHECKLIST.md,sha256:76cd589a2e5d33ce5bc6adee8aab0cdef14dbd2177a39e23f982364126c45cb2,1895,76cd589a2e5d33ce5bc6adee8aab0cdef14dbd2177a39e23f982364126c45cb2,15f2cc13,PRESERVED_IN_COMPLETE_ARCHIVE
WL-REC-0035,WL-REC-0035,docs/history/owner-inputs/record-20261009/WORK-LAB-HISTORICAL-RECORDS-20261009.zip,originals/WORK-LAB_MASTER_ATLAS_2026-09-29.zip ! WORK-LAB_MASTER_ATLAS_2026-09-29/expanded/WORK-LAB-OBSERVER-VISUAL-ASSETS-R2/WORK-LAB-OBSERVER-VISUAL-ASSETS-R2/SHA256SUMS.txt,sha256:b1e3d2d331619aea4dcddcf93029721070519124237b57c60b04ab5c53de634d,4264,b1e3d2d331619aea4dcddcf93029721070519124237b57c60b04ab5c53de634d,99eaf3e9,PRESERVED_IN_COMPLETE_ARCHIVE
WL-REC-0035,WL-REC-0035,docs/history/owner-inputs/record-20261009/WORK-LAB-HISTORICAL-RECORDS-20261009.zip,originals/WORK-LAB_MASTER_ATLAS_2026-09-29.zip ! WORK-LAB_MASTER_ATLAS_2026-09-29/expanded/WORK-LAB-OBSERVER-VISUAL-ASSETS-R2/WORK-LAB-OBSERVER-VISUAL-ASSETS-R2/brand/design-tokens.json,sha256:679b69b56e6c272ccd9f3d3122a6f3dfc4171779652871abe97aa67ca3e83a4f,453,679b69b56e6c272ccd9f3d3122a6f3dfc4171779652871abe97aa67ca3e83a4f,92667f49,PRESERVED_IN_COMPLETE_ARCHIVE
WL-REC-0035,WL-REC-0035,docs/history/owner-inputs/record-20261009/WORK-LAB-HISTORICAL-RECORDS-20261009.zip,originals/WORK-LAB_MASTER_ATLAS_2026-09-29.zip ! WORK-LAB_MASTER_ATLAS_2026-09-29/expanded/WORK-LAB-UNIVERSAL-WORKFLOW-TASKPACK-20260916/WORK-LAB-UNIVERSAL-WORKFLOW-TASKPACK-20260916/ACCEPTANCE.md,sha256:1041c97b1b1374aa23c8f7507caf4e5f056c21fe911a04f00cbc2cc2b55b950c,20966,1041c97b1b1374aa23c8f7507caf4e5f056c21fe911a04f00cbc2cc2b55b950c,2dae83c4,PRESERVED_IN_COMPLETE_ARCHIVE
WL-REC-0035,WL-REC-0035,docs/history/owner-inputs/record-20261009/WORK-LAB-HISTORICAL-RECORDS-20261009.zip,originals/WORK-LAB_MASTER_ATLAS_2026-09-29.zip ! WORK-LAB_MASTER_ATLAS_2026-09-29/expanded/WORK-LAB-UNIVERSAL-WORKFLOW-TASKPACK-20260916/WORK-LAB-UNIVERSAL-WORKFLOW-TASKPACK-20260916/IMPLEMENTATION-NOTES.md,sha256:6126464a114ee424c5136dfd309a68a285d261494e4bad0b39dedb8856ef084e,16922,6126464a114ee424c5136dfd309a68a285d261494e4bad0b39dedb8856ef084e,a764f784,PRESERVED_IN_COMPLETE_ARCHIVE
WL-REC-0035,WL-REC-0035,docs/history/owner-inputs/record-20261009/WORK-LAB-HISTORICAL-RECORDS-20261009.zip,originals/WORK-LAB_MASTER_ATLAS_2026-09-29.zip ! WORK-LAB_MASTER_ATLAS_2026-09-29/expanded/WORK-LAB-UNIVERSAL-WORKFLOW-TASKPACK-20260916/WORK-LAB-UNIVERSAL-WORKFLOW-TASKPACK-20260916/README.md,sha256:938a752e573a24986d5910baf86a72b1676144953c2c3ebac21ea2526de3ab82,2043,938a752e573a24986d5910baf86a72b1676144953c2c3ebac21ea2526de3ab82,59faa275,PRESERVED_IN_COMPLETE_ARCHIVE
WL-REC-0035,WL-REC-0035,docs/history/owner-inputs/record-20261009/WORK-LAB-HISTORICAL-RECORDS-20261009.zip,originals/WORK-LAB_MASTER_ATLAS_2026-09-29.zip ! WORK-LAB_MASTER_ATLAS_2026-09-29/expanded/WORK-LAB-UNIVERSAL-WORKFLOW-TASKPACK-20260916/WORK-LAB-UNIVERSAL-WORKFLOW-TASKPACK-20260916/SHA256SUMS.txt,sha256:ac9b084f191671ba055f057491066a9a08208e7a632bb44f2949674ca793bcef,935,ac9b084f191671ba055f057491066a9a08208e7a632bb44f2949674ca793bcef,3fc96aa5,PRESERVED_IN_COMPLETE_ARCHIVE
WL-REC-0035,WL-REC-0035,docs/history/owner-inputs/record-20261009/WORK-LAB-HISTORICAL-RECORDS-20261009.zip,originals/WORK-LAB_MASTER_ATLAS_2026-09-29.zip ! WORK-LAB_MASTER_ATLAS_2026-09-29/expanded/WORK-LAB-UNIVERSAL-WORKFLOW-TASKPACK-20260916/WORK-LAB-UNIVERSAL-WORKFLOW-TASKPACK-20260916/SOURCES-AND-CARRYFORWARD.md,sha256:c8ef500d89c8ed29f7bf566c58da3bb81378db2776276ada66a04ef8ec78b6f8,14019,c8ef500d89c8ed29f7bf566c58da3bb81378db2776276ada66a04ef8ec78b6f8,9b53070a,PRESERVED_IN_COMPLETE_ARCHIVE
WL-REC-0035,WL-REC-0035,docs/history/owner-inputs/record-20261009/WORK-LAB-HISTORICAL-RECORDS-20261009.zip,originals/WORK-LAB_MASTER_ATLAS_2026-09-29.zip ! WORK-LAB_MASTER_ATLAS_2026-09-29/expanded/WORK-LAB-UNIVERSAL-WORKFLOW-TASKPACK-20260916/WORK-LAB-UNIVERSAL-WORKFLOW-TASKPACK-20260916/START-ANY-AGENT.md,sha256:26ca7d0af967fa5c46fb4ecac8b001f0edc6476cb781e1012ea4e0db2f347ec5,2919,26ca7d0af967fa5c46fb4ecac8b001f0edc6476cb781e1012ea4e0db2f347ec5,001cd127,PRESERVED_IN_COMPLETE_ARCHIVE
WL-REC-0035,WL-REC-0035,docs/history/owner-inputs/record-20261009/WORK-LAB-HISTORICAL-RECORDS-20261009.zip,originals/WORK-LAB_MASTER_ATLAS_2026-09-29.zip ! WORK-LAB_MASTER_ATLAS_2026-09-29/expanded/WORK-LAB-UNIVERSAL-WORKFLOW-TASKPACK-20260916/WORK-LAB-UNIVERSAL-WORKFLOW-TASKPACK-20260916/TASKPACK.md,sha256:c636bf8a4768ee2a60fae1c4462e491bb17662cc03f88d576928d7452b9eb702,48555,c636bf8a4768ee2a60fae1c4462e491bb17662cc03f88d576928d7452b9eb702,13abf782,PRESERVED_IN_COMPLETE_ARCHIVE
WL-REC-0035,WL-REC-0035,docs/history/owner-inputs/record-20261009/WORK-LAB-HISTORICAL-RECORDS-20261009.zip,originals/WORK-LAB_MASTER_ATLAS_2026-09-29.zip ! WORK-LAB_MASTER_ATLAS_2026-09-29/expanded/WORK-LAB-UNIVERSAL-WORKFLOW-TASKPACK-20260916/WORK-LAB-UNIVERSAL-WORKFLOW-TASKPACK-20260916/TASKS.json,sha256:d1664f1e997315814c3154dac60682e55ede4cd7464a0e3a3ab553973f777c9c,98242,d1664f1e997315814c3154dac60682e55ede4cd7464a0e3a3ab553973f777c9c,3ed8ce4a,PRESERVED_IN_COMPLETE_ARCHIVE
WL-REC-0035,WL-REC-0035,docs/history/owner-inputs/record-20261009/WORK-LAB-HISTORICAL-RECORDS-20261009.zip,originals/WORK-LAB_MASTER_ATLAS_2026-09-29.zip ! WORK-LAB_MASTER_ATLAS_2026-09-29/expanded/WORK-LAB-UNIVERSAL-WORKFLOW-TASKPACK-20260916/WORK-LAB-UNIVERSAL-WORKFLOW-TASKPACK-20260916/VALIDATION.txt,sha256:be0a8bb0e02425734feed3d63c0666b135d39d2433175d6c1b298bbc42ab10cd,628,be0a8bb0e02425734feed3d63c0666b135d39d2433175d6c1b298bbc42ab10cd,08919671,PRESERVED_IN_COMPLETE_ARCHIVE
WL-REC-0035,WL-REC-0035,docs/history/owner-inputs/record-20261009/WORK-LAB-HISTORICAL-RECORDS-20261009.zip,originals/WORK-LAB_MASTER_ATLAS_2026-09-29.zip ! WORK-LAB_MASTER_ATLAS_2026-09-29/expanded/WORK-LAB-UNIVERSAL-WORKFLOW-TASKPACK-20260916/WORK-LAB-UNIVERSAL-WORKFLOW-TASKPACK-20260916/examples/envelopes.json,sha256:2efecb9baa9bccc508b8757ae7ac634e2c4b75adaac142df6aac821cb052f04c,3990,2efecb9baa9bccc508b8757ae7ac634e2c4b75adaac142df6aac821cb052f04c,d11ba702,PRESERVED_IN_COMPLETE_ARCHIVE
WL-REC-0035,WL-REC-0035,docs/history/owner-inputs/record-20261009/WORK-LAB-HISTORICAL-RECORDS-20261009.zip,originals/WORK-LAB_MASTER_ATLAS_2026-09-29.zip ! WORK-LAB_MASTER_ATLAS_2026-09-29/expanded/WORK-LAB-UNIVERSAL-WORKFLOW-TASKPACK-20260916/WORK-LAB-UNIVERSAL-WORKFLOW-TASKPACK-20260916/examples/project-bindings.json,sha256:e552ad7a59b064a09ccec8593544a1c30d92144a4e338a3acb560b4e7ae47207,2153,e552ad7a59b064a09ccec8593544a1c30d92144a4e338a3acb560b4e7ae47207,8a12f2c0,PRESERVED_IN_COMPLETE_ARCHIVE
WL-REC-0035,WL-REC-0035,docs/history/owner-inputs/record-20261009/WORK-LAB-HISTORICAL-RECORDS-20261009.zip,originals/WORK-LAB_MASTER_ATLAS_2026-09-29.zip ! WORK-LAB_MASTER_ATLAS_2026-09-29/expanded/WORK-LAB_20260923_Converged_Instructions/WORK-LAB_20260923_Converged_Instructions/00_MASTER_PROMPT.md,sha256:be7346d71eee5ed1b35feaee20ff668f96fe7346447b9ba45c464a06147ddc50,4733,be7346d71eee5ed1b35feaee20ff668f96fe7346447b9ba45c464a06147ddc50,9930d0ed,PRESERVED_IN_COMPLETE_ARCHIVE
WL-REC-0035,WL-REC-0035,docs/history/owner-inputs/record-20261009/WORK-LAB-HISTORICAL-RECORDS-20261009.zip,originals/WORK-LAB_MASTER_ATLAS_2026-09-29.zip ! WORK-LAB_MASTER_ATLAS_2026-09-29/expanded/WORK-LAB_20260923_Converged_Instructions/WORK-LAB_20260923_Converged_Instructions/CONVERGENCE.md,sha256:27cf4d802ceee84718ff37cdec1c35baf55c664005b0edc9270e7863c0c38840,5903,27cf4d802ceee84718ff37cdec1c35baf55c664005b0edc9270e7863c0c38840,bc220584,PRESERVED_IN_COMPLETE_ARCHIVE
WL-REC-0035,WL-REC-0035,docs/history/owner-inputs/record-20261009/WORK-LAB-HISTORICAL-RECORDS-20261009.zip,originals/WORK-LAB_MASTER_ATLAS_2026-09-29.zip ! WORK-LAB_MASTER_ATLAS_2026-09-29/expanded/WORK-LAB_20260923_Converged_Instructions/WORK-LAB_20260923_Converged_Instructions/FUTURE_ROADMAP.md,sha256:e3b823caee5849f46d7405eab28df696239d639bee27cdebb440df97d6f7d766,4927,e3b823caee5849f46d7405eab28df696239d639bee27cdebb440df97d6f7d766,cc6284f6,PRESERVED_IN_COMPLETE_ARCHIVE
WL-REC-0035,WL-REC-0035,docs/history/owner-inputs/record-20261009/WORK-LAB-HISTORICAL-RECORDS-20261009.zip,originals/WORK-LAB_MASTER_ATLAS_2026-09-29.zip ! WORK-LAB_MASTER_ATLAS_2026-09-29/expanded/WORK-LAB_20260923_Converged_Instructions/WORK-LAB_20260923_Converged_Instructions/HISTORY_CROSSWALK.md,sha256:3b782e1975e5664cb14239130e96a47d8bedb1c4e42341948f21041766c7429e,4041,3b782e1975e5664cb14239130e96a47d8bedb1c4e42341948f21041766c7429e,92ac272e,PRESERVED_IN_COMPLETE_ARCHIVE
WL-REC-0035,WL-REC-0035,docs/history/owner-inputs/record-20261009/WORK-LAB-HISTORICAL-RECORDS-20261009.zip,originals/WORK-LAB_MASTER_ATLAS_2026-09-29.zip ! WORK-LAB_MASTER_ATLAS_2026-09-29/expanded/WORK-LAB_20260923_Converged_Instructions/WORK-LAB_20260923_Converged_Instructions/README.md,sha256:e1d3dfa36abcd9b833bc7c7ae34345109beaf871c3de9527672798653129bd0f,2324,e1d3dfa36abcd9b833bc7c7ae34345109beaf871c3de9527672798653129bd0f,f65c700a,PRESERVED_IN_COMPLETE_ARCHIVE
WL-REC-0035,WL-REC-0035,docs/history/owner-inputs/record-20261009/WORK-LAB-HISTORICAL-RECORDS-20261009.zip,originals/WORK-LAB_MASTER_ATLAS_2026-09-29.zip ! WORK-LAB_MASTER_ATLAS_2026-09-29/expanded/WORK-LAB_20260923_Converged_Instructions/WORK-LAB_20260923_Converged_Instructions/SHA256SUMS.txt,sha256:9aa3f4c5ad98424cdec0b3618ac7cab4e3ca5443f7e927f8e15b5ac4611c5404,1790,9aa3f4c5ad98424cdec0b3618ac7cab4e3ca5443f7e927f8e15b5ac4611c5404,4237abb7,PRESERVED_IN_COMPLETE_ARCHIVE
WL-REC-0035,WL-REC-0035,docs/history/owner-inputs/record-20261009/WORK-LAB-HISTORICAL-RECORDS-20261009.zip,originals/WORK-LAB_MASTER_ATLAS_2026-09-29.zip ! WORK-LAB_MASTER_ATLAS_2026-09-29/expanded/WORK-LAB_20260923_Converged_Instructions/WORK-LAB_20260923_Converged_Instructions/SOURCES.md,sha256:d9860511e6700403006dc842cce828100499300ff1d5ec75edb93926b9213aeb,5439,d9860511e6700403006dc842cce828100499300ff1d5ec75edb93926b9213aeb,b325d641,PRESERVED_IN_COMPLETE_ARCHIVE
WL-REC-0035,WL-REC-0035,docs/history/owner-inputs/record-20261009/WORK-LAB-HISTORICAL-RECORDS-20261009.zip,originals/WORK-LAB_MASTER_ATLAS_2026-09-29.zip ! WORK-LAB_MASTER_ATLAS_2026-09-29/expanded/WORK-LAB_20260923_Converged_Instructions/WORK-LAB_20260923_Converged_Instructions/evidence/CI_LOG_EXCERPT.md,sha256:f8d8159d15d26ea05b140ce26e7347fbb8766da220abc7207f40e732095578f0,4378,f8d8159d15d26ea05b140ce26e7347fbb8766da220abc7207f40e732095578f0,ba6a9df0,PRESERVED_IN_COMPLETE_ARCHIVE
WL-REC-0035,WL-REC-0035,docs/history/owner-inputs/record-20261009/WORK-LAB-HISTORICAL-RECORDS-20261009.zip,originals/WORK-LAB_MASTER_ATLAS_2026-09-29.zip ! WORK-LAB_MASTER_ATLAS_2026-09-29/expanded/WORK-LAB_20260923_Converged_Instructions/WORK-LAB_20260923_Converged_Instructions/evidence/FUTURE_CANDIDATES.json,sha256:5b057027024a648cb0a54526f9d5ac07e0ce9bd7c708815f3ed45b48be8c231d,7320,5b057027024a648cb0a54526f9d5ac07e0ce9bd7c708815f3ed45b48be8c231d,9067bdaf,PRESERVED_IN_COMPLETE_ARCHIVE
WL-REC-0035,WL-REC-0035,docs/history/owner-inputs/record-20261009/WORK-LAB-HISTORICAL-RECORDS-20261009.zip,originals/WORK-LAB_MASTER_ATLAS_2026-09-29.zip ! WORK-LAB_MASTER_ATLAS_2026-09-29/expanded/WORK-LAB_20260923_Converged_Instructions/WORK-LAB_20260923_Converged_Instructions/evidence/OBSERVATIONS.json,sha256:734accfdd9cb12f24f896e6b866318e08c202e872c1e14514a0fac20dc9dc0b0,2610,734accfdd9cb12f24f896e6b866318e08c202e872c1e14514a0fac20dc9dc0b0,f0980d8b,PRESERVED_IN_COMPLETE_ARCHIVE
WL-REC-0035,WL-REC-0035,docs/history/owner-inputs/record-20261009/WORK-LAB-HISTORICAL-RECORDS-20261009.zip,originals/WORK-LAB_MASTER_ATLAS_2026-09-29.zip ! WORK-LAB_MASTER_ATLAS_2026-09-29/expanded/WORK-LAB_20260923_Converged_Instructions/WORK-LAB_20260923_Converged_Instructions/evidence/SOURCE_MANIFEST.json,sha256:a54f7f9d1afe972c92c3a1811483756f7012bd059f40840b8372773c87fadef1,5662,a54f7f9d1afe972c92c3a1811483756f7012bd059f40840b8372773c87fadef1,25f38a3f,PRESERVED_IN_COMPLETE_ARCHIVE
WL-REC-0035,WL-REC-0035,docs/history/owner-inputs/record-20261009/WORK-LAB-HISTORICAL-RECORDS-20261009.zip,originals/WORK-LAB_MASTER_ATLAS_2026-09-29.zip ! WORK-LAB_MASTER_ATLAS_2026-09-29/expanded/WORK-LAB_20260923_Converged_Instructions/WORK-LAB_20260923_Converged_Instructions/prompts/00_只读对账与未来规划归并.md,sha256:3ef41e611ac2fb51effb84f19f8996fc2b6bae1b25f93abe860b81efac9954de,5309,3ef41e611ac2fb51effb84f19f8996fc2b6bae1b25f93abe860b81efac9954de,a8512042,PRESERVED_IN_COMPLETE_ARCHIVE
WL-REC-0035,WL-REC-0035,docs/history/owner-inputs/record-20261009/WORK-LAB-HISTORICAL-RECORDS-20261009.zip,originals/WORK-LAB_MASTER_ATLAS_2026-09-29.zip ! WORK-LAB_MASTER_ATLAS_2026-09-29/expanded/WORK-LAB_20260923_Converged_Instructions/WORK-LAB_20260923_Converged_Instructions/prompts/01_CI失败传播与U19语义纠偏.md,sha256:1ec33fd2e2f049f6ae0306cfbd0ee6c0bd1f64c12ef4ec62a7608145e6e56c56,6225,1ec33fd2e2f049f6ae0306cfbd0ee6c0bd1f64c12ef4ec62a7608145e6e56c56,98b87c78,PRESERVED_IN_COMPLETE_ARCHIVE
WL-REC-0035,WL-REC-0035,docs/history/owner-inputs/record-20261009/WORK-LAB-HISTORICAL-RECORDS-20261009.zip,originals/WORK-LAB_MASTER_ATLAS_2026-09-29.zip ! WORK-LAB_MASTER_ATLAS_2026-09-29/expanded/WORK-LAB_20260923_Converged_Instructions/WORK-LAB_20260923_Converged_Instructions/prompts/02_权威历史路径与唯一任务总账收口.md,sha256:fad785efb37e52541a4050fb86f3f25fd67bc50b6e53dd6095065c1d501fe7de,5664,fad785efb37e52541a4050fb86f3f25fd67bc50b6e53dd6095065c1d501fe7de,b85a1896,PRESERVED_IN_COMPLETE_ARCHIVE
WL-REC-0035,WL-REC-0035,docs/history/owner-inputs/record-20261009/WORK-LAB-HISTORICAL-RECORDS-20261009.zip,originals/WORK-LAB_MASTER_ATLAS_2026-09-29.zip ! WORK-LAB_MASTER_ATLAS_2026-09-29/expanded/WORK-LAB_20260923_Converged_Instructions/WORK-LAB_20260923_Converged_Instructions/prompts/03_上下文恢复与防失忆差集.md,sha256:f70be1515c55fe3a67bb15d16f2b838f93e61f4602c175d69aea01b49dd099d3,5903,f70be1515c55fe3a67bb15d16f2b838f93e61f4602c175d69aea01b49dd099d3,63d5cde2,PRESERVED_IN_COMPLETE_ARCHIVE
WL-REC-0035,WL-REC-0035,docs/history/owner-inputs/record-20261009/WORK-LAB-HISTORICAL-RECORDS-20261009.zip,originals/WORK-LAB_MASTER_ATLAS_2026-09-29.zip ! WORK-LAB_MASTER_ATLAS_2026-09-29/expanded/WORK-LAB_20260923_Converged_Instructions/WORK-LAB_20260923_Converged_Instructions/prompts/04_外置资源发现与原位置更新.md,sha256:ba2a137368ae4b6e0f5560f679c376c23b1e74e0bc221a56dd65d52919c841c6,5957,ba2a137368ae4b6e0f5560f679c376c23b1e74e0bc221a56dd65d52919c841c6,8e6612fd,PRESERVED_IN_COMPLETE_ARCHIVE
WL-REC-0035,WL-REC-0035,docs/history/owner-inputs/record-20261009/WORK-LAB-HISTORICAL-RECORDS-20261009.zip,originals/WORK-LAB_MASTER_ATLAS_2026-09-29.zip ! WORK-LAB_MASTER_ATLAS_2026-09-29/expanded/WORK-LAB_20260923_Converged_Instructions/WORK-LAB_20260923_Converged_Instructions/prompts/05_既有核心与Observer产品差集.md,sha256:335d97afd378fd90f6cb4d4ec9a40d1dc57e3821f5faf17ab7b91efc87ff04cb,5927,335d97afd378fd90f6cb4d4ec9a40d1dc57e3821f5faf17ab7b91efc87ff04cb,ce804fc1,PRESERVED_IN_COMPLETE_ARCHIVE
WL-REC-0035,WL-REC-0035,docs/history/owner-inputs/record-20261009/WORK-LAB-HISTORICAL-RECORDS-20261009.zip,originals/WORK-LAB_MASTER_ATLAS_2026-09-29.zip ! WORK-LAB_MASTER_ATLAS_2026-09-29/expanded/WORK-LAB_20260923_Converged_Instructions/WORK-LAB_20260923_Converged_Instructions/prompts/06_最终接受与逐副作用交付.md,sha256:818333f6f81e97711ddd36f998d13a025d029f11fba4bb0c6be9de833032bf9f,5857,818333f6f81e97711ddd36f998d13a025d029f11fba4bb0c6be9de833032bf9f,e1d6c2e3,PRESERVED_IN_COMPLETE_ARCHIVE
WL-REC-0035,WL-REC-0035,docs/history/owner-inputs/record-20261009/WORK-LAB-HISTORICAL-RECORDS-20261009.zip,originals/WORK-LAB_MASTER_ATLAS_2026-09-29.zip ! WORK-LAB_MASTER_ATLAS_2026-09-29/expanded/WORK-LAB_20260923_Converged_Instructions/WORK-LAB_20260923_Converged_Instructions/prompts/07_未来候选规划登记.md,sha256:6a5b9cc17f1227284eab9e1ef532d2bf37fd33069af7e7e7c74bf30c8a817481,5781,6a5b9cc17f1227284eab9e1ef532d2bf37fd33069af7e7e7c74bf30c8a817481,c5b10ec1,PRESERVED_IN_COMPLETE_ARCHIVE
WL-REC-0035,WL-REC-0035,docs/history/owner-inputs/record-20261009/WORK-LAB-HISTORICAL-RECORDS-20261009.zip,originals/WORK-LAB_MASTER_ATLAS_2026-09-29.zip ! WORK-LAB_MASTER_ATLAS_2026-09-29/expanded/WORK-LAB_20260923_Integrated_Prompts/WORK-LAB_20260923_Integrated_Pack/INTEGRATED_REPORT.md,sha256:554ad7eedceb6bbc7fb12e9e0e748ae96a48cf25853b67ec420069c2cfe176da,21729,554ad7eedceb6bbc7fb12e9e0e748ae96a48cf25853b67ec420069c2cfe176da,c87a896b,PRESERVED_IN_COMPLETE_ARCHIVE
WL-REC-0035,WL-REC-0035,docs/history/owner-inputs/record-20261009/WORK-LAB-HISTORICAL-RECORDS-20261009.zip,originals/WORK-LAB_MASTER_ATLAS_2026-09-29.zip ! WORK-LAB_MASTER_ATLAS_2026-09-29/expanded/WORK-LAB_20260923_Integrated_Prompts/WORK-LAB_20260923_Integrated_Pack/MASTER_PROMPT.md,sha256:dfccb0cc1ba9a7e3d32bb4d301e498ea6693890092611f1ac92ab928674e731d,3557,dfccb0cc1ba9a7e3d32bb4d301e498ea6693890092611f1ac92ab928674e731d,769c82fa,PRESERVED_IN_COMPLETE_ARCHIVE
WL-REC-0035,WL-REC-0035,docs/history/owner-inputs/record-20261009/WORK-LAB-HISTORICAL-RECORDS-20261009.zip,originals/WORK-LAB_MASTER_ATLAS_2026-09-29.zip ! WORK-LAB_MASTER_ATLAS_2026-09-29/expanded/WORK-LAB_20260923_Integrated_Prompts/WORK-LAB_20260923_Integrated_Pack/README.md,sha256:be71089e6e1e912225ae5ec896966e5fb314fd363916ac14a8c80335fc36d6bd,1072,be71089e6e1e912225ae5ec896966e5fb314fd363916ac14a8c80335fc36d6bd,75ced90f,PRESERVED_IN_COMPLETE_ARCHIVE
WL-REC-0035,WL-REC-0035,docs/history/owner-inputs/record-20261009/WORK-LAB-HISTORICAL-RECORDS-20261009.zip,originals/WORK-LAB_MASTER_ATLAS_2026-09-29.zip ! WORK-LAB_MASTER_ATLAS_2026-09-29/expanded/WORK-LAB_20260923_Integrated_Prompts/WORK-LAB_20260923_Integrated_Pack/SHA256SUMS.txt,sha256:5e520283f12826a88eeedba43e53f713f3844ce9783128a98c0432213c6876f3,1784,5e520283f12826a88eeedba43e53f713f3844ce9783128a98c0432213c6876f3,c7363613,PRESERVED_IN_COMPLETE_ARCHIVE
WL-REC-0035,WL-REC-0035,docs/history/owner-inputs/record-20261009/WORK-LAB-HISTORICAL-RECORDS-20261009.zip,originals/WORK-LAB_MASTER_ATLAS_2026-09-29.zip ! WORK-LAB_MASTER_ATLAS_2026-09-29/expanded/WORK-LAB_20260923_Integrated_Prompts/WORK-LAB_20260923_Integrated_Pack/SOURCES.md,sha256:030f39d20c45e7a40874a01666fc84366a4677461f67303e46c51aa88c8bfbe2,6290,030f39d20c45e7a40874a01666fc84366a4677461f67303e46c51aa88c8bfbe2,b780970d,PRESERVED_IN_COMPLETE_ARCHIVE
WL-REC-0035,WL-REC-0035,docs/history/owner-inputs/record-20261009/WORK-LAB-HISTORICAL-RECORDS-20261009.zip,originals/WORK-LAB_MASTER_ATLAS_2026-09-29.zip ! WORK-LAB_MASTER_ATLAS_2026-09-29/expanded/WORK-LAB_20260923_Integrated_Prompts/WORK-LAB_20260923_Integrated_Pack/evidence/OBSERVATIONS.json,sha256:dbfbb0500f502fae1a097ee19f93128868f531a27db3a4211ae07405fa199937,2534,dbfbb0500f502fae1a097ee19f93128868f531a27db3a4211ae07405fa199937,3e77ae98,PRESERVED_IN_COMPLETE_ARCHIVE
WL-REC-0035,WL-REC-0035,docs/history/owner-inputs/record-20261009/WORK-LAB-HISTORICAL-RECORDS-20261009.zip,originals/WORK-LAB_MASTER_ATLAS_2026-09-29.zip ! WORK-LAB_MASTER_ATLAS_2026-09-29/expanded/WORK-LAB_20260923_Integrated_Prompts/WORK-LAB_20260923_Integrated_Pack/prompts/00_双基线只读对账.md,sha256:8fc7c31d8cfbd6260e146206ccd1caeb09bb76cb1d51172d7a54f76026df5838,5116,8fc7c31d8cfbd6260e146206ccd1caeb09bb76cb1d51172d7a54f76026df5838,df75734a,PRESERVED_IN_COMPLETE_ARCHIVE
WL-REC-0035,WL-REC-0035,docs/history/owner-inputs/record-20261009/WORK-LAB-HISTORICAL-RECORDS-20261009.zip,originals/WORK-LAB_MASTER_ATLAS_2026-09-29.zip ! WORK-LAB_MASTER_ATLAS_2026-09-29/expanded/WORK-LAB_20260923_Integrated_Prompts/WORK-LAB_20260923_Integrated_Pack/prompts/01_权威历史路径收敛.md,sha256:1dfec86358e02842066e6dbf5ccd7755b031528b8019a40e125188d43729e99e,5379,1dfec86358e02842066e6dbf5ccd7755b031528b8019a40e125188d43729e99e,9657b9c8,PRESERVED_IN_COMPLETE_ARCHIVE
WL-REC-0035,WL-REC-0035,docs/history/owner-inputs/record-20261009/WORK-LAB-HISTORICAL-RECORDS-20261009.zip,originals/WORK-LAB_MASTER_ATLAS_2026-09-29.zip ! WORK-LAB_MASTER_ATLAS_2026-09-29/expanded/WORK-LAB_20260923_Integrated_Prompts/WORK-LAB_20260923_Integrated_Pack/prompts/02_Context恢复防失忆.md,sha256:0c1df3b2ded943472e09e34d8779c817c33aa81ead3174342897836b4ee44f8f,5592,0c1df3b2ded943472e09e34d8779c817c33aa81ead3174342897836b4ee44f8f,7c7855eb,PRESERVED_IN_COMPLETE_ARCHIVE
WL-REC-0035,WL-REC-0035,docs/history/owner-inputs/record-20261009/WORK-LAB-HISTORICAL-RECORDS-20261009.zip,originals/WORK-LAB_MASTER_ATLAS_2026-09-29.zip ! WORK-LAB_MASTER_ATLAS_2026-09-29/expanded/WORK-LAB_20260923_Integrated_Prompts/WORK-LAB_20260923_Integrated_Pack/prompts/03_外置库工具链先发现.md,sha256:b180ebb6d6a3a41588aad10029b671ada2ed28e0d0d3b66268473778883b2961,6108,b180ebb6d6a3a41588aad10029b671ada2ed28e0d0d3b66268473778883b2961,628161e7,PRESERVED_IN_COMPLETE_ARCHIVE
WL-REC-0035,WL-REC-0035,docs/history/owner-inputs/record-20261009/WORK-LAB-HISTORICAL-RECORDS-20261009.zip,originals/WORK-LAB_MASTER_ATLAS_2026-09-29.zip ! WORK-LAB_MASTER_ATLAS_2026-09-29/expanded/WORK-LAB_20260923_Integrated_Prompts/WORK-LAB_20260923_Integrated_Pack/prompts/04_Gate与CI差集.md,sha256:52c9f3d61267888f5417f323ca8800a69dec91b511f30d06b7c9e0f4fe436926,5371,52c9f3d61267888f5417f323ca8800a69dec91b511f30d06b7c9e0f4fe436926,4f1951e2,PRESERVED_IN_COMPLETE_ARCHIVE
WL-REC-0035,WL-REC-0035,docs/history/owner-inputs/record-20261009/WORK-LAB-HISTORICAL-RECORDS-20261009.zip,originals/WORK-LAB_MASTER_ATLAS_2026-09-29.zip ! WORK-LAB_MASTER_ATLAS_2026-09-29/expanded/WORK-LAB_20260923_Integrated_Prompts/WORK-LAB_20260923_Integrated_Pack/prompts/05_原生Adapter并行生命周期.md,sha256:e5a7851be7e5eb0f49531c8d1e4a6ccd4bb4637f1be1cc2139f0fee692fb3aeb,5452,e5a7851be7e5eb0f49531c8d1e4a6ccd4bb4637f1be1cc2139f0fee692fb3aeb,9d97d864,PRESERVED_IN_COMPLETE_ARCHIVE
WL-REC-0035,WL-REC-0035,docs/history/owner-inputs/record-20261009/WORK-LAB-HISTORICAL-RECORDS-20261009.zip,originals/WORK-LAB_MASTER_ATLAS_2026-09-29.zip ! WORK-LAB_MASTER_ATLAS_2026-09-29/expanded/WORK-LAB_20260923_Integrated_Prompts/WORK-LAB_20260923_Integrated_Pack/prompts/06_配置所有权与事务.md,sha256:911f644f944822d5cea167fa877a86edae61535e183cbe66d0d09363227dd95f,5395,911f644f944822d5cea167fa877a86edae61535e183cbe66d0d09363227dd95f,cc3f9f94,PRESERVED_IN_COMPLETE_ARCHIVE
WL-REC-0035,WL-REC-0035,docs/history/owner-inputs/record-20261009/WORK-LAB-HISTORICAL-RECORDS-20261009.zip,originals/WORK-LAB_MASTER_ATLAS_2026-09-29.zip ! WORK-LAB_MASTER_ATLAS_2026-09-29/expanded/WORK-LAB_20260923_Integrated_Prompts/WORK-LAB_20260923_Integrated_Pack/prompts/07_证据隐私回执真相.md,sha256:9982df105f4d9249664349986a0219aff0951d5a547846b2a9a639230d551030,5548,9982df105f4d9249664349986a0219aff0951d5a547846b2a9a639230d551030,28168e46,PRESERVED_IN_COMPLETE_ARCHIVE
WL-REC-0035,WL-REC-0035,docs/history/owner-inputs/record-20261009/WORK-LAB-HISTORICAL-RECORDS-20261009.zip,originals/WORK-LAB_MASTER_ATLAS_2026-09-29.zip ! WORK-LAB_MASTER_ATLAS_2026-09-29/expanded/WORK-LAB_20260923_Integrated_Prompts/WORK-LAB_20260923_Integrated_Pack/prompts/08_ChatGPT_Remote_MCP最小闭环.md,sha256:3bb14b07413fe03e714050a65b533968f654b8714c6499154a2b1be281e5911b,6492,3bb14b07413fe03e714050a65b533968f654b8714c6499154a2b1be281e5911b,19cda569,PRESERVED_IN_COMPLETE_ARCHIVE
WL-REC-0035,WL-REC-0035,docs/history/owner-inputs/record-20261009/WORK-LAB-HISTORICAL-RECORDS-20261009.zip,originals/WORK-LAB_MASTER_ATLAS_2026-09-29.zip ! WORK-LAB_MASTER_ATLAS_2026-09-29/expanded/WORK-LAB_20260923_Integrated_Prompts/WORK-LAB_20260923_Integrated_Pack/prompts/09_Observer产品与UI收口.md,sha256:4e2d85a05cfe986a2c2bfd4e7439056f96e0472e56d32601c329ced96a55b932,5460,4e2d85a05cfe986a2c2bfd4e7439056f96e0472e56d32601c329ced96a55b932,a539cb31,PRESERVED_IN_COMPLETE_ARCHIVE
WL-REC-0035,WL-REC-0035,docs/history/owner-inputs/record-20261009/WORK-LAB-HISTORICAL-RECORDS-20261009.zip,originals/WORK-LAB_MASTER_ATLAS_2026-09-29.zip ! WORK-LAB_MASTER_ATLAS_2026-09-29/expanded/WORK-LAB_20260923_Integrated_Prompts/WORK-LAB_20260923_Integrated_Pack/prompts/10_外部候选吸收.md,sha256:cfb57f5abf60ec2c90967219abf3781a4757036252528a3a7eb503e184b5ddf1,5816,cfb57f5abf60ec2c90967219abf3781a4757036252528a3a7eb503e184b5ddf1,a10bbb27,PRESERVED_IN_COMPLETE_ARCHIVE
WL-REC-0035,WL-REC-0035,docs/history/owner-inputs/record-20261009/WORK-LAB-HISTORICAL-RECORDS-20261009.zip,originals/WORK-LAB_MASTER_ATLAS_2026-09-29.zip ! WORK-LAB_MASTER_ATLAS_2026-09-29/expanded/WORK-LAB_20260923_Integrated_Prompts/WORK-LAB_20260923_Integrated_Pack/prompts/11_未完成事项总账对账.md,sha256:f74374c2dfef05b10996ad5929c2c6871a07bdaffa9af9574feea04fc4f49d58,5433,f74374c2dfef05b10996ad5929c2c6871a07bdaffa9af9574feea04fc4f49d58,4c1aafbe,PRESERVED_IN_COMPLETE_ARCHIVE
WL-REC-0035,WL-REC-0035,docs/history/owner-inputs/record-20261009/WORK-LAB-HISTORICAL-RECORDS-20261009.zip,originals/WORK-LAB_MASTER_ATLAS_2026-09-29.zip ! WORK-LAB_MASTER_ATLAS_2026-09-29/expanded/WORK-LAB_20260923_Integrated_Prompts/WORK-LAB_20260923_Integrated_Pack/prompts/12_最终接受与授权落地.md,sha256:6fbd4cb8fab31cd8c96e746008114d599dd75687451e8ef80c1bb229f33b52bc,5825,6fbd4cb8fab31cd8c96e746008114d599dd75687451e8ef80c1bb229f33b52bc,bf945de6,PRESERVED_IN_COMPLETE_ARCHIVE
WL-REC-0035,WL-REC-0035,docs/history/owner-inputs/record-20261009/WORK-LAB-HISTORICAL-RECORDS-20261009.zip,originals/WORK-LAB_MASTER_ATLAS_2026-09-29.zip ! WORK-LAB_MASTER_ATLAS_2026-09-29/expanded/WORK-LAB_20260926_Reaudit_Package/Audit_Source_Manifest.json,sha256:f6277d3a7760492cfcf076515e5fac43ddd7ccc0c495e7ea60048cb94fcbda73,4072,f6277d3a7760492cfcf076515e5fac43ddd7ccc0c495e7ea60048cb94fcbda73,ce1e3f86,PRESERVED_IN_COMPLETE_ARCHIVE
WL-REC-0035,WL-REC-0035,docs/history/owner-inputs/record-20261009/WORK-LAB-HISTORICAL-RECORDS-20261009.zip,originals/WORK-LAB_MASTER_ATLAS_2026-09-29.zip ! WORK-LAB_MASTER_ATLAS_2026-09-29/expanded/WORK-LAB_20260926_Reaudit_Package/CI_Evidence_Excerpts.md,sha256:674344edfa9cf6d1f6a1b11208d3b0a2731f74ef6ebbe2d73d6cc587b0264321,3130,674344edfa9cf6d1f6a1b11208d3b0a2731f74ef6ebbe2d73d6cc587b0264321,c3d0fcab,PRESERVED_IN_COMPLETE_ARCHIVE
WL-REC-0035,WL-REC-0035,docs/history/owner-inputs/record-20261009/WORK-LAB-HISTORICAL-RECORDS-20261009.zip,originals/WORK-LAB_MASTER_ATLAS_2026-09-29.zip ! WORK-LAB_MASTER_ATLAS_2026-09-29/expanded/WORK-LAB_20260926_Reaudit_Package/SHA256SUMS.txt,sha256:e2842c400845e0aaaeab47969cf8d72b20b9d3663dd8f0220094a4ef3edd89a7,482,e2842c400845e0aaaeab47969cf8d72b20b9d3663dd8f0220094a4ef3edd89a7,233f3dc5,PRESERVED_IN_COMPLETE_ARCHIVE
WL-REC-0035,WL-REC-0035,docs/history/owner-inputs/record-20261009/WORK-LAB-HISTORICAL-RECORDS-20261009.zip,originals/WORK-LAB_MASTER_ATLAS_2026-09-29.zip ! WORK-LAB_MASTER_ATLAS_2026-09-29/expanded/WORK-LAB_20260926_Reaudit_Package/Static_Expression_Probes.json,sha256:40ad907037d3a1b74fa42e758e375f0a4da5cf595a321478aa15f28b5c21f55a,777,40ad907037d3a1b74fa42e758e375f0a4da5cf595a321478aa15f28b5c21f55a,ba26ebbf,PRESERVED_IN_COMPLETE_ARCHIVE
WL-REC-0035,WL-REC-0035,docs/history/owner-inputs/record-20261009/WORK-LAB-HISTORICAL-RECORDS-20261009.zip,originals/WORK-LAB_MASTER_ATLAS_2026-09-29.zip ! WORK-LAB_MASTER_ATLAS_2026-09-29/expanded/WORK-LAB_20260926_Reaudit_Package/WORK-LAB_20260926_Reaudit.md,sha256:f473b77598543f6cbc88d2272950829934e6dd3b3329a9e42bc252bd5b7a55d0,18765,f473b77598543f6cbc88d2272950829934e6dd3b3329a9e42bc252bd5b7a55d0,d1d09f4c,PRESERVED_IN_COMPLETE_ARCHIVE
WL-REC-0035,WL-REC-0035,docs/history/owner-inputs/record-20261009/WORK-LAB-HISTORICAL-RECORDS-20261009.zip,originals/WORK-LAB_MASTER_ATLAS_2026-09-29.zip ! WORK-LAB_MASTER_ATLAS_2026-09-29/expanded/WORK-LAB_20260926_Reaudit_Package/WORK-LAB_20260926_Targeted_Next_Prompt.md,sha256:de5b6b3634346fe7fefc8072f15bcd7bff086f23a2d085ddd90d058e055372ef,5019,de5b6b3634346fe7fefc8072f15bcd7bff086f23a2d085ddd90d058e055372ef,fa6a8531,PRESERVED_IN_COMPLETE_ARCHIVE
WL-REC-0035,WL-REC-0035,docs/history/owner-inputs/record-20261009/WORK-LAB-HISTORICAL-RECORDS-20261009.zip,originals/WORK-LAB_MASTER_ATLAS_2026-09-29.zip ! WORK-LAB_MASTER_ATLAS_2026-09-29/expanded/WORK-LAB_L7_前端开发规范工程包/FRONTEND_GOVERNANCE.md,sha256:c21b526fef0fb17559ece1dbb57e6b37afb545588547320c0885b0b76042050e,964,c21b526fef0fb17559ece1dbb57e6b37afb545588547320c0885b0b76042050e,fdb5198e,PRESERVED_IN_COMPLETE_ARCHIVE
WL-REC-0035,WL-REC-0035,docs/history/owner-inputs/record-20261009/WORK-LAB-HISTORICAL-RECORDS-20261009.zip,originals/WORK-LAB_MASTER_ATLAS_2026-09-29.zip ! WORK-LAB_MASTER_ATLAS_2026-09-29/expanded/WORK-LAB_L7_前端开发规范工程包/README.md,sha256:041d935b94a746bf21dc9c394f004dfb3d1115a8c1e4ac27720301f82f5cf76f,544,041d935b94a746bf21dc9c394f004dfb3d1115a8c1e4ac27720301f82f5cf76f,e7a7a917,PRESERVED_IN_COMPLETE_ARCHIVE
WL-REC-0035,WL-REC-0035,docs/history/owner-inputs/record-20261009/WORK-LAB-HISTORICAL-RECORDS-20261009.zip,originals/WORK-LAB_MASTER_ATLAS_2026-09-29.zip ! WORK-LAB_MASTER_ATLAS_2026-09-29/expanded/WORK-LAB_L7_前端开发规范工程包/components/component-overrides.json,sha256:2eb9375c50111ec8fa1e4671a2089aff0e475b368ffbb9be279b22520de31aeb,448,2eb9375c50111ec8fa1e4671a2089aff0e475b368ffbb9be279b22520de31aeb,f744b16a,PRESERVED_IN_COMPLETE_ARCHIVE
WL-REC-0035,WL-REC-0035,docs/history/owner-inputs/record-20261009/WORK-LAB-HISTORICAL-RECORDS-20261009.zip,originals/WORK-LAB_MASTER_ATLAS_2026-09-29.zip ! WORK-LAB_MASTER_ATLAS_2026-09-29/expanded/WORK-LAB_L7_前端开发规范工程包/docs/acceptance-checklist.md,sha256:1ada17c102319f374a6c3fbffaf9670bae1fc48c421a2e0ddc2a17f137dbde73,935,1ada17c102319f374a6c3fbffaf9670bae1fc48c421a2e0ddc2a17f137dbde73,c9568f93,PRESERVED_IN_COMPLETE_ARCHIVE
WL-REC-0035,WL-REC-0035,docs/history/owner-inputs/record-20261009/WORK-LAB-HISTORICAL-RECORDS-20261009.zip,originals/WORK-LAB_MASTER_ATLAS_2026-09-29.zip ! WORK-LAB_MASTER_ATLAS_2026-09-29/expanded/WORK-LAB_L7_前端开发规范工程包/docs/frontend-architecture.md,sha256:db8853f7a560795a323c068a851917c6809a11335a3ae6e099b3f165606d60b6,1466,db8853f7a560795a323c068a851917c6809a11335a3ae6e099b3f165606d60b6,891d0ac4,PRESERVED_IN_COMPLETE_ARCHIVE
WL-REC-0035,WL-REC-0035,docs/history/owner-inputs/record-20261009/WORK-LAB-HISTORICAL-RECORDS-20261009.zip,originals/WORK-LAB_MASTER_ATLAS_2026-09-29.zip ! WORK-LAB_MASTER_ATLAS_2026-09-29/expanded/WORK-LAB_L7_前端开发规范工程包/docs/route-matrix.md,sha256:04a2c35d234e031adbb091da362e082430c6797c9f4ad5c2ac9036cddbfd9708,608,04a2c35d234e031adbb091da362e082430c6797c9f4ad5c2ac9036cddbfd9708,c7842d1e,PRESERVED_IN_COMPLETE_ARCHIVE
WL-REC-0035,WL-REC-0035,docs/history/owner-inputs/record-20261009/WORK-LAB-HISTORICAL-RECORDS-20261009.zip,originals/WORK-LAB_MASTER_ATLAS_2026-09-29.zip ! WORK-LAB_MASTER_ATLAS_2026-09-29/expanded/WORK-LAB_L7_前端开发规范工程包/pages/page-map.json,sha256:61f2616140ff8e3afb1849f1cf1ad00cc7113ea4016d287875973ee35e387d27,3270,61f2616140ff8e3afb1849f1cf1ad00cc7113ea4016d287875973ee35e387d27,3365dea8,PRESERVED_IN_COMPLETE_ARCHIVE
WL-REC-0035,WL-REC-0035,docs/history/owner-inputs/record-20261009/WORK-LAB-HISTORICAL-RECORDS-20261009.zip,originals/WORK-LAB_MASTER_ATLAS_2026-09-29.zip ! WORK-LAB_MASTER_ATLAS_2026-09-29/expanded/WORK-LAB_L7_前端开发规范工程包/permissions/permissions.json,sha256:83a7891ea1093bd16d38840affabd62c994987965e6c0eabaa52dd273c7d2c54,3425,83a7891ea1093bd16d38840affabd62c994987965e6c0eabaa52dd273c7d2c54,dbb42b29,PRESERVED_IN_COMPLETE_ARCHIVE
WL-REC-0035,WL-REC-0035,docs/history/owner-inputs/record-20261009/WORK-LAB-HISTORICAL-RECORDS-20261009.zip,originals/WORK-LAB_MASTER_ATLAS_2026-09-29.zip ! WORK-LAB_MASTER_ATLAS_2026-09-29/expanded/WORK-LAB_L7_前端开发规范工程包/routes/routes.json,sha256:d85d90af48a11e78fc84823df9835a4b9df5be282dbb8146c66b0aff5d6fac3d,1038,d85d90af48a11e78fc84823df9835a4b9df5be282dbb8146c66b0aff5d6fac3d,a8de8d05,PRESERVED_IN_COMPLETE_ARCHIVE
WL-REC-0035,WL-REC-0035,docs/history/owner-inputs/record-20261009/WORK-LAB-HISTORICAL-RECORDS-20261009.zip,originals/WORK-LAB_MASTER_ATLAS_2026-09-29.zip ! WORK-LAB_MASTER_ATLAS_2026-09-29/expanded/WORK-LAB_L7_前端开发规范工程包/shared-ui-core/component-contracts.md,sha256:4ac08562fadc92b908492863ae7e2831aa5d375c2a0566ad70109e7249df3b76,1002,4ac08562fadc92b908492863ae7e2831aa5d375c2a0566ad70109e7249df3b76,48beb028,PRESERVED_IN_COMPLETE_ARCHIVE
WL-REC-0035,WL-REC-0035,docs/history/owner-inputs/record-20261009/WORK-LAB-HISTORICAL-RECORDS-20261009.zip,originals/WORK-LAB_MASTER_ATLAS_2026-09-29.zip ! WORK-LAB_MASTER_ATLAS_2026-09-29/expanded/WORK-LAB_L7_前端开发规范工程包/shared-ui-core/component-registry.json,sha256:1f8e2e3073048755e0e465e5b9cd7be56f4526fbe4666a5d818422fbfe5fd602,9035,1f8e2e3073048755e0e465e5b9cd7be56f4526fbe4666a5d818422fbfe5fd602,10a28bde,PRESERVED_IN_COMPLETE_ARCHIVE
WL-REC-0035,WL-REC-0035,docs/history/owner-inputs/record-20261009/WORK-LAB-HISTORICAL-RECORDS-20261009.zip,originals/WORK-LAB_MASTER_ATLAS_2026-09-29.zip ! WORK-LAB_MASTER_ATLAS_2026-09-29/expanded/WORK-LAB_L7_前端开发规范工程包/shared-ui-core/folder-structure.md,sha256:a83618a079d87b753763c6f67857cf3bc44620ef2650e865ea02f98bb2dce7ff,735,a83618a079d87b753763c6f67857cf3bc44620ef2650e865ea02f98bb2dce7ff,2b4c8c07,PRESERVED_IN_COMPLETE_ARCHIVE
WL-REC-0035,WL-REC-0035,docs/history/owner-inputs/record-20261009/WORK-LAB-HISTORICAL-RECORDS-20261009.zip,originals/WORK-LAB_MASTER_ATLAS_2026-09-29.zip ! WORK-LAB_MASTER_ATLAS_2026-09-29/expanded/WORK-LAB_L7_前端开发规范工程包/state/domain-state-machine.json,sha256:97e3ed9804e48f61c95952a68735902fbce1be8c4450923bd02dd9f9b35560ab,966,97e3ed9804e48f61c95952a68735902fbce1be8c4450923bd02dd9f9b35560ab,3dc66168,PRESERVED_IN_COMPLETE_ARCHIVE
WL-REC-0035,WL-REC-0035,docs/history/owner-inputs/record-20261009/WORK-LAB-HISTORICAL-RECORDS-20261009.zip,originals/WORK-LAB_MASTER_ATLAS_2026-09-29.zip ! WORK-LAB_MASTER_ATLAS_2026-09-29/expanded/WORK-LAB_L7_前端开发规范工程包/theme/tokens.json,sha256:abcb8fc8cfd05992f47980dc6ab26df340ae133da8477a9094bfc19c38a6d95d,293,abcb8fc8cfd05992f47980dc6ab26df340ae133da8477a9094bfc19c38a6d95d,a89aeb47,PRESERVED_IN_COMPLETE_ARCHIVE
WL-REC-0035,WL-REC-0035,docs/history/owner-inputs/record-20261009/WORK-LAB-HISTORICAL-RECORDS-20261009.zip,originals/WORK-LAB_MASTER_ATLAS_2026-09-29.zip ! WORK-LAB_MASTER_ATLAS_2026-09-29/expanded/WORK-LAB_and_ArcheAxis-Knowledge-OS_Config_Governance_TaskPacks_2026-08-13/ArcheAxis-Knowledge-OS_Project_Config_CI_DeDup_TaskPack_2026-08-13.md,sha256:35a256ad3d76e27053561677b58d95b0d585b03248bc914f8e0775d04fc50107,17804,35a256ad3d76e27053561677b58d95b0d585b03248bc914f8e0775d04fc50107,10f09514,PRESERVED_IN_COMPLETE_ARCHIVE
WL-REC-0035,WL-REC-0035,docs/history/owner-inputs/record-20261009/WORK-LAB-HISTORICAL-RECORDS-20261009.zip,originals/WORK-LAB_MASTER_ATLAS_2026-09-29.zip ! WORK-LAB_MASTER_ATLAS_2026-09-29/expanded/WORK-LAB_and_ArcheAxis-Knowledge-OS_Config_Governance_TaskPacks_2026-08-13/WORK-LAB_Global_Config_Governance_DeDup_TaskPack_2026-08-13.md,sha256:ab2bd911e830b2b13464c583f8c1d976822777910efa4c7f527b49a565f46711,15359,ab2bd911e830b2b13464c583f8c1d976822777910efa4c7f527b49a565f46711,c9bcdbcd,PRESERVED_IN_COMPLETE_ARCHIVE
WL-REC-0035,WL-REC-0035,docs/history/owner-inputs/record-20261009/WORK-LAB-HISTORICAL-RECORDS-20261009.zip,originals/WORK-LAB_MASTER_ATLAS_2026-09-29.zip ! WORK-LAB_MASTER_ATLAS_2026-09-29/expanded/Workflow-assistance_Final_HERMES_TaskPack_v1.0/Workflow-assistance_Final_HERMES_TaskPack_v1.0/00_README.md,sha256:c26966b36b0c968f266cb460e6958d5e58da07e18bf7ddb1d4c4401d10c33323,1396,c26966b36b0c968f266cb460e6958d5e58da07e18bf7ddb1d4c4401d10c33323,138d46c0,PRESERVED_IN_COMPLETE_ARCHIVE
WL-REC-0035,WL-REC-0035,docs/history/owner-inputs/record-20261009/WORK-LAB-HISTORICAL-RECORDS-20261009.zip,originals/WORK-LAB_MASTER_ATLAS_2026-09-29.zip ! WORK-LAB_MASTER_ATLAS_2026-09-29/expanded/Workflow-assistance_Final_HERMES_TaskPack_v1.0/Workflow-assistance_Final_HERMES_TaskPack_v1.0/01_MASTER_HERMES_TASKPACK.md,sha256:0794813dd92f4cdfc2edff71677d2c0ee905810d65a9887d34ee57f91ac02c37,27400,0794813dd92f4cdfc2edff71677d2c0ee905810d65a9887d34ee57f91ac02c37,d496ebc6,PRESERVED_IN_COMPLETE_ARCHIVE
WL-REC-0035,WL-REC-0035,docs/history/owner-inputs/record-20261009/WORK-LAB-HISTORICAL-RECORDS-20261009.zip,originals/WORK-LAB_MASTER_ATLAS_2026-09-29.zip ! WORK-LAB_MASTER_ATLAS_2026-09-29/expanded/Workflow-assistance_Final_HERMES_TaskPack_v1.0/Workflow-assistance_Final_HERMES_TaskPack_v1.0/02_TARGET_ARCHITECTURE.md,sha256:cc70558bfccdd4b50ca4ee6bad9ab3070c5309edadad7299ed820900383e5c41,1145,cc70558bfccdd4b50ca4ee6bad9ab3070c5309edadad7299ed820900383e5c41,27619fac,PRESERVED_IN_COMPLETE_ARCHIVE
WL-REC-0035,WL-REC-0035,docs/history/owner-inputs/record-20261009/WORK-LAB-HISTORICAL-RECORDS-20261009.zip,originals/WORK-LAB_MASTER_ATLAS_2026-09-29.zip ! WORK-LAB_MASTER_ATLAS_2026-09-29/expanded/Workflow-assistance_Final_HERMES_TaskPack_v1.0/Workflow-assistance_Final_HERMES_TaskPack_v1.0/03_KNOWN_FINDINGS.md,sha256:738db6700c217a5c964c62aa55582a02aef6cdc1b0c1a73fb72823a223e68c32,1370,738db6700c217a5c964c62aa55582a02aef6cdc1b0c1a73fb72823a223e68c32,903b0267,PRESERVED_IN_COMPLETE_ARCHIVE
WL-REC-0035,WL-REC-0035,docs/history/owner-inputs/record-20261009/WORK-LAB-HISTORICAL-RECORDS-20261009.zip,originals/WORK-LAB_MASTER_ATLAS_2026-09-29.zip ! WORK-LAB_MASTER_ATLAS_2026-09-29/expanded/Workflow-assistance_Final_HERMES_TaskPack_v1.0/Workflow-assistance_Final_HERMES_TaskPack_v1.0/04_TASK_RISK_POLICY.yaml,sha256:020ebac5786d8e8b762026d52ea252c734b2bbbed8e869a5dece2e73a92b7cf0,846,020ebac5786d8e8b762026d52ea252c734b2bbbed8e869a5dece2e73a92b7cf0,bed75317,PRESERVED_IN_COMPLETE_ARCHIVE
WL-REC-0035,WL-REC-0035,docs/history/owner-inputs/record-20261009/WORK-LAB-HISTORICAL-RECORDS-20261009.zip,originals/WORK-LAB_MASTER_ATLAS_2026-09-29.zip ! WORK-LAB_MASTER_ATLAS_2026-09-29/expanded/Workflow-assistance_Final_HERMES_TaskPack_v1.0/Workflow-assistance_Final_HERMES_TaskPack_v1.0/05_APPROVAL_MANIFEST.yaml,sha256:e2a430a1d7c1a741b5e7eddad376ef7d3bc0a103f20b08d7b624c7c7e7de64d8,344,e2a430a1d7c1a741b5e7eddad376ef7d3bc0a103f20b08d7b624c7c7e7de64d8,5f4fd8af,PRESERVED_IN_COMPLETE_ARCHIVE
WL-REC-0035,WL-REC-0035,docs/history/owner-inputs/record-20261009/WORK-LAB-HISTORICAL-RECORDS-20261009.zip,originals/WORK-LAB_MASTER_ATLAS_2026-09-29.zip ! WORK-LAB_MASTER_ATLAS_2026-09-29/expanded/Workflow-assistance_Final_HERMES_TaskPack_v1.0/Workflow-assistance_Final_HERMES_TaskPack_v1.0/06_TASK_TICKET_SCHEMA.yaml,sha256:b5fa50f74ac7fa12ea45125a322ff35cebc1cd438d9a05a77aede7d998d9e1eb,627,b5fa50f74ac7fa12ea45125a322ff35cebc1cd438d9a05a77aede7d998d9e1eb,28fe1018,PRESERVED_IN_COMPLETE_ARCHIVE
WL-REC-0035,WL-REC-0035,docs/history/owner-inputs/record-20261009/WORK-LAB-HISTORICAL-RECORDS-20261009.zip,originals/WORK-LAB_MASTER_ATLAS_2026-09-29.zip ! WORK-LAB_MASTER_ATLAS_2026-09-29/expanded/Workflow-assistance_Final_HERMES_TaskPack_v1.0/Workflow-assistance_Final_HERMES_TaskPack_v1.0/07_GITHUB_CI_POLICY.yaml,sha256:e2f3e43e73ce2dc69de5d5169791b175e87be0efb70f5973fab82eda42391738,542,e2f3e43e73ce2dc69de5d5169791b175e87be0efb70f5973fab82eda42391738,6c47ec69,PRESERVED_IN_COMPLETE_ARCHIVE
WL-REC-0035,WL-REC-0035,docs/history/owner-inputs/record-20261009/WORK-LAB-HISTORICAL-RECORDS-20261009.zip,originals/WORK-LAB_MASTER_ATLAS_2026-09-29.zip ! WORK-LAB_MASTER_ATLAS_2026-09-29/expanded/Workflow-assistance_Final_HERMES_TaskPack_v1.0/Workflow-assistance_Final_HERMES_TaskPack_v1.0/08_DOCTOR_REPORT_SCHEMA.json,sha256:f35da56b726760a31d3bffb0dcb2ade69badd1666d4a1b9ad91d4c245d29722b,2054,f35da56b726760a31d3bffb0dcb2ade69badd1666d4a1b9ad91d4c245d29722b,574b3bfa,PRESERVED_IN_COMPLETE_ARCHIVE
WL-REC-0035,WL-REC-0035,docs/history/owner-inputs/record-20261009/WORK-LAB-HISTORICAL-RECORDS-20261009.zip,originals/WORK-LAB_MASTER_ATLAS_2026-09-29.zip ! WORK-LAB_MASTER_ATLAS_2026-09-29/expanded/Workflow-assistance_Final_HERMES_TaskPack_v1.0/Workflow-assistance_Final_HERMES_TaskPack_v1.0/09_RELEASE_EVIDENCE_SCHEMA.json,sha256:8786beef9a3a7998f5e1e1e07e12c052438684fa5558148b102592ea4e182627,976,8786beef9a3a7998f5e1e1e07e12c052438684fa5558148b102592ea4e182627,7a6ba0d0,PRESERVED_IN_COMPLETE_ARCHIVE
WL-REC-0035,WL-REC-0035,docs/history/owner-inputs/record-20261009/WORK-LAB-HISTORICAL-RECORDS-20261009.zip,originals/WORK-LAB_MASTER_ATLAS_2026-09-29.zip ! WORK-LAB_MASTER_ATLAS_2026-09-29/expanded/Workflow-assistance_Final_HERMES_TaskPack_v1.0/Workflow-assistance_Final_HERMES_TaskPack_v1.0/10_ROLLBACK_DRILL.md,sha256:336bcec7b7278ed84455ee107056f4addbed907eb8db3ef52ee9a3fc3a9a146e,997,336bcec7b7278ed84455ee107056f4addbed907eb8db3ef52ee9a3fc3a9a146e,96a20485,PRESERVED_IN_COMPLETE_ARCHIVE
WL-REC-0035,WL-REC-0035,docs/history/owner-inputs/record-20261009/WORK-LAB-HISTORICAL-RECORDS-20261009.zip,originals/WORK-LAB_MASTER_ATLAS_2026-09-29.zip ! WORK-LAB_MASTER_ATLAS_2026-09-29/expanded/Workflow-assistance_Final_HERMES_TaskPack_v1.0/Workflow-assistance_Final_HERMES_TaskPack_v1.0/11_HERMES_COMMANDS.md,sha256:80892f2eff708e87cf174c17b291214ca66d602b682491c7eb470e1e91c1b4fc,1257,80892f2eff708e87cf174c17b291214ca66d602b682491c7eb470e1e91c1b4fc,1d07b3d0,PRESERVED_IN_COMPLETE_ARCHIVE
WL-REC-0035,WL-REC-0035,docs/history/owner-inputs/record-20261009/WORK-LAB-HISTORICAL-RECORDS-20261009.zip,originals/WORK-LAB_MASTER_ATLAS_2026-09-29.zip ! WORK-LAB_MASTER_ATLAS_2026-09-29/expanded/Workflow-assistance_Final_HERMES_TaskPack_v1.0/Workflow-assistance_Final_HERMES_TaskPack_v1.0/12_ACCEPTANCE_CHECKLIST.md,sha256:e0e0760a7cdd771490cce159992d5e6041af951abc919f0b6fb59559d01bb813,1948,e0e0760a7cdd771490cce159992d5e6041af951abc919f0b6fb59559d01bb813,cadaf45e,PRESERVED_IN_COMPLETE_ARCHIVE
WL-REC-0035,WL-REC-0035,docs/history/owner-inputs/record-20261009/WORK-LAB-HISTORICAL-RECORDS-20261009.zip,originals/WORK-LAB_MASTER_ATLAS_2026-09-29.zip ! WORK-LAB_MASTER_ATLAS_2026-09-29/expanded/Workflow-assistance_Final_HERMES_TaskPack_v1.0/Workflow-assistance_Final_HERMES_TaskPack_v1.0/13_FINAL_REPORT_TEMPLATE.md,sha256:1eaf97e72b7751bbb653dba18c31c3e41433bc34efbe883f8b7114683e4ed4d1,1034,1eaf97e72b7751bbb653dba18c31c3e41433bc34efbe883f8b7114683e4ed4d1,2acbc7d4,PRESERVED_IN_COMPLETE_ARCHIVE
WL-REC-0035,WL-REC-0035,docs/history/owner-inputs/record-20261009/WORK-LAB-HISTORICAL-RECORDS-20261009.zip,originals/WORK-LAB_MASTER_ATLAS_2026-09-29.zip ! WORK-LAB_MASTER_ATLAS_2026-09-29/expanded/Workflow-assistance_Global_Control_Execution_Observability_TaskPack_v3.1/Workflow-assistance_Global_Control_Execution_Observability_TaskPack_v3.1/00_START_HERE.md,sha256:2f062a5926a1229b74d600966f12ec70aabadd37de5fae27f45c9ea427e558c3,2008,2f062a5926a1229b74d600966f12ec70aabadd37de5fae27f45c9ea427e558c3,9ad379fc,PRESERVED_IN_COMPLETE_ARCHIVE
WL-REC-0035,WL-REC-0035,docs/history/owner-inputs/record-20261009/WORK-LAB-HISTORICAL-RECORDS-20261009.zip,originals/WORK-LAB_MASTER_ATLAS_2026-09-29.zip ! WORK-LAB_MASTER_ATLAS_2026-09-29/expanded/Workflow-assistance_Global_Control_Execution_Observability_TaskPack_v3.1/Workflow-assistance_Global_Control_Execution_Observability_TaskPack_v3.1/01_POSITIONING_AND_PRODUCT_MODEL.md,sha256:bbfc25d4f7357564fef2031773c09cff5f549bb4beb0c3e2b67287a5c6726462,3029,bbfc25d4f7357564fef2031773c09cff5f549bb4beb0c3e2b67287a5c6726462,4e502bb4,PRESERVED_IN_COMPLETE_ARCHIVE
WL-REC-0035,WL-REC-0035,docs/history/owner-inputs/record-20261009/WORK-LAB-HISTORICAL-RECORDS-20261009.zip,originals/WORK-LAB_MASTER_ATLAS_2026-09-29.zip ! WORK-LAB_MASTER_ATLAS_2026-09-29/expanded/Workflow-assistance_Global_Control_Execution_Observability_TaskPack_v3.1/Workflow-assistance_Global_Control_Execution_Observability_TaskPack_v3.1/02_CURRENT_CAPABILITY_AND_GAPS.md,sha256:34fb58d6aebc6c445082030613e885524441dbef3d77c20a45d9dbe9dd3511bf,2842,34fb58d6aebc6c445082030613e885524441dbef3d77c20a45d9dbe9dd3511bf,6583cf3f,PRESERVED_IN_COMPLETE_ARCHIVE
WL-REC-0035,WL-REC-0035,docs/history/owner-inputs/record-20261009/WORK-LAB-HISTORICAL-RECORDS-20261009.zip,originals/WORK-LAB_MASTER_ATLAS_2026-09-29.zip ! WORK-LAB_MASTER_ATLAS_2026-09-29/expanded/Workflow-assistance_Global_Control_Execution_Observability_TaskPack_v3.1/Workflow-assistance_Global_Control_Execution_Observability_TaskPack_v3.1/03_TARGET_ARCHITECTURE.md,sha256:394a0dddb709cca5a607bfc7c37793f8338742e7ee7420c0e85a8ba574a5e4ea,2299,394a0dddb709cca5a607bfc7c37793f8338742e7ee7420c0e85a8ba574a5e4ea,61d51c39,PRESERVED_IN_COMPLETE_ARCHIVE
WL-REC-0035,WL-REC-0035,docs/history/owner-inputs/record-20261009/WORK-LAB-HISTORICAL-RECORDS-20261009.zip,originals/WORK-LAB_MASTER_ATLAS_2026-09-29.zip ! WORK-LAB_MASTER_ATLAS_2026-09-29/expanded/Workflow-assistance_Global_Control_Execution_Observability_TaskPack_v3.1/Workflow-assistance_Global_Control_Execution_Observability_TaskPack_v3.1/04_GLOBAL_ASSET_AND_ADAPTERS.md,sha256:d90627609e135d307110c67cdddb1b067923121f9d2f07b8add3e08ae61aba3b,3330,d90627609e135d307110c67cdddb1b067923121f9d2f07b8add3e08ae61aba3b,caac650f,PRESERVED_IN_COMPLETE_ARCHIVE
WL-REC-0035,WL-REC-0035,docs/history/owner-inputs/record-20261009/WORK-LAB-HISTORICAL-RECORDS-20261009.zip,originals/WORK-LAB_MASTER_ATLAS_2026-09-29.zip ! WORK-LAB_MASTER_ATLAS_2026-09-29/expanded/Workflow-assistance_Global_Control_Execution_Observability_TaskPack_v3.1/Workflow-assistance_Global_Control_Execution_Observability_TaskPack_v3.1/05_EXECUTION_STATE_MACHINE.md,sha256:1e4287f5b1cab724586b0bba8b6a15681cfffe6e2b9f4463085938f2dc5b89e6,3497,1e4287f5b1cab724586b0bba8b6a15681cfffe6e2b9f4463085938f2dc5b89e6,b75dc5cc,PRESERVED_IN_COMPLETE_ARCHIVE
WL-REC-0035,WL-REC-0035,docs/history/owner-inputs/record-20261009/WORK-LAB-HISTORICAL-RECORDS-20261009.zip,originals/WORK-LAB_MASTER_ATLAS_2026-09-29.zip ! WORK-LAB_MASTER_ATLAS_2026-09-29/expanded/Workflow-assistance_Global_Control_Execution_Observability_TaskPack_v3.1/Workflow-assistance_Global_Control_Execution_Observability_TaskPack_v3.1/06_EFFICIENCY_AND_TOKEN.md,sha256:3202b0ed28b793b87fcc0f1b05f95e78ecb56bc34167952507f5469b01d8b6f5,2403,3202b0ed28b793b87fcc0f1b05f95e78ecb56bc34167952507f5469b01d8b6f5,83965626,PRESERVED_IN_COMPLETE_ARCHIVE
WL-REC-0035,WL-REC-0035,docs/history/owner-inputs/record-20261009/WORK-LAB-HISTORICAL-RECORDS-20261009.zip,originals/WORK-LAB_MASTER_ATLAS_2026-09-29.zip ! WORK-LAB_MASTER_ATLAS_2026-09-29/expanded/Workflow-assistance_Global_Control_Execution_Observability_TaskPack_v3.1/Workflow-assistance_Global_Control_Execution_Observability_TaskPack_v3.1/07_DELIVERY_NETWORK_TRANSFER.md,sha256:5a9726fb01bf08d923a8e8e76b42a21bec46fc42456d375ace1375bda94ca0ef,2065,5a9726fb01bf08d923a8e8e76b42a21bec46fc42456d375ace1375bda94ca0ef,d18e2c24,PRESERVED_IN_COMPLETE_ARCHIVE
WL-REC-0035,WL-REC-0035,docs/history/owner-inputs/record-20261009/WORK-LAB-HISTORICAL-RECORDS-20261009.zip,originals/WORK-LAB_MASTER_ATLAS_2026-09-29.zip ! WORK-LAB_MASTER_ATLAS_2026-09-29/expanded/Workflow-assistance_Global_Control_Execution_Observability_TaskPack_v3.1/Workflow-assistance_Global_Control_Execution_Observability_TaskPack_v3.1/08_OBSERVABILITY_AND_UI.md,sha256:d2c9b10d6171d66c2610c26d1d652d40179986f99af335b3daefe1bfdbf33052,2403,d2c9b10d6171d66c2610c26d1d652d40179986f99af335b3daefe1bfdbf33052,23b7b06b,PRESERVED_IN_COMPLETE_ARCHIVE
WL-REC-0035,WL-REC-0035,docs/history/owner-inputs/record-20261009/WORK-LAB-HISTORICAL-RECORDS-20261009.zip,originals/WORK-LAB_MASTER_ATLAS_2026-09-29.zip ! WORK-LAB_MASTER_ATLAS_2026-09-29/expanded/Workflow-assistance_Global_Control_Execution_Observability_TaskPack_v3.1/Workflow-assistance_Global_Control_Execution_Observability_TaskPack_v3.1/09_SCOPE_BUDGET_AND_ROADMAP.md,sha256:9907c37b647ffb1b90c51b57a68ae07d2c0f06a2dbf8bfbaaab6b90ac31c70ff,2411,9907c37b647ffb1b90c51b57a68ae07d2c0f06a2dbf8bfbaaab6b90ac31c70ff,3df0f9a3,PRESERVED_IN_COMPLETE_ARCHIVE
WL-REC-0035,WL-REC-0035,docs/history/owner-inputs/record-20261009/WORK-LAB-HISTORICAL-RECORDS-20261009.zip,originals/WORK-LAB_MASTER_ATLAS_2026-09-29.zip ! WORK-LAB_MASTER_ATLAS_2026-09-29/expanded/Workflow-assistance_Global_Control_Execution_Observability_TaskPack_v3.1/Workflow-assistance_Global_Control_Execution_Observability_TaskPack_v3.1/10_MASTER_HERMES_TASKPACK.md,sha256:4e8ab75f74835dc82df652d95c9606aea35c24d5daccb2baab26047c6fb45524,3767,4e8ab75f74835dc82df652d95c9606aea35c24d5daccb2baab26047c6fb45524,27f32254,PRESERVED_IN_COMPLETE_ARCHIVE
WL-REC-0035,WL-REC-0035,docs/history/owner-inputs/record-20261009/WORK-LAB-HISTORICAL-RECORDS-20261009.zip,originals/WORK-LAB_MASTER_ATLAS_2026-09-29.zip ! WORK-LAB_MASTER_ATLAS_2026-09-29/expanded/Workflow-assistance_Global_Control_Execution_Observability_TaskPack_v3.1/Workflow-assistance_Global_Control_Execution_Observability_TaskPack_v3.1/11_ACCEPTANCE_CHECKLIST.md,sha256:265d518fa57d51456b8cb712c569fad24aebe3d43f380043787d760f47f16a8c,2596,265d518fa57d51456b8cb712c569fad24aebe3d43f380043787d760f47f16a8c,6ff4ddd0,PRESERVED_IN_COMPLETE_ARCHIVE
WL-REC-0035,WL-REC-0035,docs/history/owner-inputs/record-20261009/WORK-LAB-HISTORICAL-RECORDS-20261009.zip,originals/WORK-LAB_MASTER_ATLAS_2026-09-29.zip ! WORK-LAB_MASTER_ATLAS_2026-09-29/expanded/Workflow-assistance_Global_Control_Execution_Observability_TaskPack_v3.1/Workflow-assistance_Global_Control_Execution_Observability_TaskPack_v3.1/12_SUPERSESSION_AND_DECISIONS.md,sha256:46c51e269e0d6b29e69a0cc750c1af3ff0c9ad2f610305761f10edf747b2741b,2566,46c51e269e0d6b29e69a0cc750c1af3ff0c9ad2f610305761f10edf747b2741b,b0a2f66d,PRESERVED_IN_COMPLETE_ARCHIVE
WL-REC-0035,WL-REC-0035,docs/history/owner-inputs/record-20261009/WORK-LAB-HISTORICAL-RECORDS-20261009.zip,originals/WORK-LAB_MASTER_ATLAS_2026-09-29.zip ! WORK-LAB_MASTER_ATLAS_2026-09-29/expanded/Workflow-assistance_Global_Control_Execution_Observability_TaskPack_v3.1/Workflow-assistance_Global_Control_Execution_Observability_TaskPack_v3.1/13_HERMES_START_COMMAND.md,sha256:4f0c66c97df14828427bd3b8f81ca04597d92aacb534a42b577defb23581589c,1299,4f0c66c97df14828427bd3b8f81ca04597d92aacb534a42b577defb23581589c,fe3fc5f3,PRESERVED_IN_COMPLETE_ARCHIVE
WL-REC-0035,WL-REC-0035,docs/history/owner-inputs/record-20261009/WORK-LAB-HISTORICAL-RECORDS-20261009.zip,originals/WORK-LAB_MASTER_ATLAS_2026-09-29.zip ! WORK-LAB_MASTER_ATLAS_2026-09-29/expanded/Workflow-assistance_Global_Control_Execution_Observability_TaskPack_v3.1/Workflow-assistance_Global_Control_Execution_Observability_TaskPack_v3.1/14_SOURCES_AND_BASELINE.md,sha256:ba123943b1470ab42b5c68dbb16fa2a1a95f71e63ec3aacd122c308a82e0ab27,3169,ba123943b1470ab42b5c68dbb16fa2a1a95f71e63ec3aacd122c308a82e0ab27,6b5074d6,PRESERVED_IN_COMPLETE_ARCHIVE
WL-REC-0035,WL-REC-0035,docs/history/owner-inputs/record-20261009/WORK-LAB-HISTORICAL-RECORDS-20261009.zip,originals/WORK-LAB_MASTER_ATLAS_2026-09-29.zip ! WORK-LAB_MASTER_ATLAS_2026-09-29/expanded/Workflow-assistance_Global_Control_Execution_Observability_TaskPack_v3.1/Workflow-assistance_Global_Control_Execution_Observability_TaskPack_v3.1/15_VALIDATION_REPORT.md,sha256:04fe789fc9da373b6ce1d269f34eaa32cfdf3b5f23e08c4220eb0dfcf5efe2d8,855,04fe789fc9da373b6ce1d269f34eaa32cfdf3b5f23e08c4220eb0dfcf5efe2d8,cff8f8b0,PRESERVED_IN_COMPLETE_ARCHIVE
WL-REC-0035,WL-REC-0035,docs/history/owner-inputs/record-20261009/WORK-LAB-HISTORICAL-RECORDS-20261009.zip,originals/WORK-LAB_MASTER_ATLAS_2026-09-29.zip ! WORK-LAB_MASTER_ATLAS_2026-09-29/expanded/Workflow-assistance_Global_Control_Execution_Observability_TaskPack_v3.1/Workflow-assistance_Global_Control_Execution_Observability_TaskPack_v3.1/config/adapter-matrix.yaml,sha256:e8ff1e6cbe28cff53e606e70ba1f038a322b1ec6a8ced90544ec70e847b95b9c,1161,e8ff1e6cbe28cff53e606e70ba1f038a322b1ec6a8ced90544ec70e847b95b9c,6e6cbda0,PRESERVED_IN_COMPLETE_ARCHIVE
WL-REC-0035,WL-REC-0035,docs/history/owner-inputs/record-20261009/WORK-LAB-HISTORICAL-RECORDS-20261009.zip,originals/WORK-LAB_MASTER_ATLAS_2026-09-29.zip ! WORK-LAB_MASTER_ATLAS_2026-09-29/expanded/Workflow-assistance_Global_Control_Execution_Observability_TaskPack_v3.1/Workflow-assistance_Global_Control_Execution_Observability_TaskPack_v3.1/config/capability-matrix.yaml,sha256:29b2cea3577e6fb8fb89e25d814e2aeb5ad4b187a1ea7fa3710d8129741dccf0,965,29b2cea3577e6fb8fb89e25d814e2aeb5ad4b187a1ea7fa3710d8129741dccf0,748cdfa4,PRESERVED_IN_COMPLETE_ARCHIVE
WL-REC-0035,WL-REC-0035,docs/history/owner-inputs/record-20261009/WORK-LAB-HISTORICAL-RECORDS-20261009.zip,originals/WORK-LAB_MASTER_ATLAS_2026-09-29.zip ! WORK-LAB_MASTER_ATLAS_2026-09-29/expanded/Workflow-assistance_Global_Control_Execution_Observability_TaskPack_v3.1/Workflow-assistance_Global_Control_Execution_Observability_TaskPack_v3.1/config/error-taxonomy.yaml,sha256:2d2e8cf42b119bb5f17fa156354b7475d4d0426ae988afaff96f09bed6e5ea5c,1006,2d2e8cf42b119bb5f17fa156354b7475d4d0426ae988afaff96f09bed6e5ea5c,644e7602,PRESERVED_IN_COMPLETE_ARCHIVE
WL-REC-0035,WL-REC-0035,docs/history/owner-inputs/record-20261009/WORK-LAB-HISTORICAL-RECORDS-20261009.zip,originals/WORK-LAB_MASTER_ATLAS_2026-09-29.zip ! WORK-LAB_MASTER_ATLAS_2026-09-29/expanded/Workflow-assistance_Global_Control_Execution_Observability_TaskPack_v3.1/Workflow-assistance_Global_Control_Execution_Observability_TaskPack_v3.1/config/execution-defaults.yaml,sha256:dea6754955ffe8f5770f6ce02bf611c1da0d94d8cf70742d849fc78be082bd9f,924,dea6754955ffe8f5770f6ce02bf611c1da0d94d8cf70742d849fc78be082bd9f,8231fc6b,PRESERVED_IN_COMPLETE_ARCHIVE
WL-REC-0035,WL-REC-0035,docs/history/owner-inputs/record-20261009/WORK-LAB-HISTORICAL-RECORDS-20261009.zip,originals/WORK-LAB_MASTER_ATLAS_2026-09-29.zip ! WORK-LAB_MASTER_ATLAS_2026-09-29/expanded/Workflow-assistance_Global_Control_Execution_Observability_TaskPack_v3.1/Workflow-assistance_Global_Control_Execution_Observability_TaskPack_v3.1/config/scope-budget.yaml,sha256:2060bbeec84a3361183f6a953b8c670305a036d6e79ff98fd2bcd758231c82f6,654,2060bbeec84a3361183f6a953b8c670305a036d6e79ff98fd2bcd758231c82f6,47ff5fbb,PRESERVED_IN_COMPLETE_ARCHIVE
WL-REC-0035,WL-REC-0035,docs/history/owner-inputs/record-20261009/WORK-LAB-HISTORICAL-RECORDS-20261009.zip,originals/WORK-LAB_MASTER_ATLAS_2026-09-29.zip ! WORK-LAB_MASTER_ATLAS_2026-09-29/expanded/Workflow-assistance_Global_Control_Execution_Observability_TaskPack_v3.1/Workflow-assistance_Global_Control_Execution_Observability_TaskPack_v3.1/schemas/action-plan.schema.json,sha256:b8e8a9c0b30a4b79ab1b0ddde8f39213715c8af6c9700d4d69e9bcc0f812915a,960,b8e8a9c0b30a4b79ab1b0ddde8f39213715c8af6c9700d4d69e9bcc0f812915a,c0b8be7f,PRESERVED_IN_COMPLETE_ARCHIVE
WL-REC-0035,WL-REC-0035,docs/history/owner-inputs/record-20261009/WORK-LAB-HISTORICAL-RECORDS-20261009.zip,originals/WORK-LAB_MASTER_ATLAS_2026-09-29.zip ! WORK-LAB_MASTER_ATLAS_2026-09-29/expanded/Workflow-assistance_Global_Control_Execution_Observability_TaskPack_v3.1/Workflow-assistance_Global_Control_Execution_Observability_TaskPack_v3.1/schemas/asset-manifest.schema.json,sha256:d2cd4663a0e8fea90e48e6b8169d47905646863663a42ba3ad60796cccd1d06d,1039,d2cd4663a0e8fea90e48e6b8169d47905646863663a42ba3ad60796cccd1d06d,bc600300,PRESERVED_IN_COMPLETE_ARCHIVE
WL-REC-0035,WL-REC-0035,docs/history/owner-inputs/record-20261009/WORK-LAB-HISTORICAL-RECORDS-20261009.zip,originals/WORK-LAB_MASTER_ATLAS_2026-09-29.zip ! WORK-LAB_MASTER_ATLAS_2026-09-29/expanded/Workflow-assistance_Global_Control_Execution_Observability_TaskPack_v3.1/Workflow-assistance_Global_Control_Execution_Observability_TaskPack_v3.1/schemas/client-adapter.schema.json,sha256:d2dd26444c23cceed7499a5c99dd11619c8f81c71ee25e1df81e50d2d10c2ddf,1353,d2dd26444c23cceed7499a5c99dd11619c8f81c71ee25e1df81e50d2d10c2ddf,f4f97828,PRESERVED_IN_COMPLETE_ARCHIVE
WL-REC-0035,WL-REC-0035,docs/history/owner-inputs/record-20261009/WORK-LAB-HISTORICAL-RECORDS-20261009.zip,originals/WORK-LAB_MASTER_ATLAS_2026-09-29.zip ! WORK-LAB_MASTER_ATLAS_2026-09-29/expanded/Workflow-assistance_Global_Control_Execution_Observability_TaskPack_v3.1/Workflow-assistance_Global_Control_Execution_Observability_TaskPack_v3.1/schemas/execution-state.schema.json,sha256:79af3831a2fa86cb0c7881e983f95ec63fe6c431ac0a9a0b66d2d38448229279,1430,79af3831a2fa86cb0c7881e983f95ec63fe6c431ac0a9a0b66d2d38448229279,6f88ca88,PRESERVED_IN_COMPLETE_ARCHIVE
WL-REC-0035,WL-REC-0035,docs/history/owner-inputs/record-20261009/WORK-LAB-HISTORICAL-RECORDS-20261009.zip,originals/WORK-LAB_MASTER_ATLAS_2026-09-29.zip ! WORK-LAB_MASTER_ATLAS_2026-09-29/expanded/Workflow-assistance_Global_Control_Execution_Observability_TaskPack_v3.1/Workflow-assistance_Global_Control_Execution_Observability_TaskPack_v3.1/schemas/observation-event.schema.json,sha256:4f8a27c2f25ed4874cb0121386c38a506e87b785a0dcfb77cd377face4b31d83,1651,4f8a27c2f25ed4874cb0121386c38a506e87b785a0dcfb77cd377face4b31d83,3056d68a,PRESERVED_IN_COMPLETE_ARCHIVE
WL-REC-0035,WL-REC-0035,docs/history/owner-inputs/record-20261009/WORK-LAB-HISTORICAL-RECORDS-20261009.zip,originals/WORK-LAB_MASTER_ATLAS_2026-09-29.zip ! WORK-LAB_MASTER_ATLAS_2026-09-29/expanded/Workflow-assistance_Global_Control_Execution_Observability_TaskPack_v3.1/Workflow-assistance_Global_Control_Execution_Observability_TaskPack_v3.1/schemas/task-cards.schema.json,sha256:6bb1915149d9082bc207726a1f767c69d9ce3f24f4295f449a447dde790d5440,1601,6bb1915149d9082bc207726a1f767c69d9ce3f24f4295f449a447dde790d5440,0935e3d5,PRESERVED_IN_COMPLETE_ARCHIVE
WL-REC-0035,WL-REC-0035,docs/history/owner-inputs/record-20261009/WORK-LAB-HISTORICAL-RECORDS-20261009.zip,originals/WORK-LAB_MASTER_ATLAS_2026-09-29.zip ! WORK-LAB_MASTER_ATLAS_2026-09-29/expanded/Workflow-assistance_Global_Control_Execution_Observability_TaskPack_v3.1/Workflow-assistance_Global_Control_Execution_Observability_TaskPack_v3.1/tasks/task-cards.json,sha256:aa641202d9d4a19d73cae1b86c0eeff7387d757094ee507c9de8b1df9b41a1de,13271,aa641202d9d4a19d73cae1b86c0eeff7387d757094ee507c9de8b1df9b41a1de,1243c72a,PRESERVED_IN_COMPLETE_ARCHIVE
WL-REC-0035,WL-REC-0035,docs/history/owner-inputs/record-20261009/WORK-LAB-HISTORICAL-RECORDS-20261009.zip,originals/WORK-LAB_MASTER_ATLAS_2026-09-29.zip ! WORK-LAB_MASTER_ATLAS_2026-09-29/expanded/Workflow-assistance_Lean_Evidence_Console_TaskPack_v3.0/Workflow-assistance_Lean_Evidence_Console_TaskPack_v3.0/00_START_HERE.md,sha256:32dea4b965abd716537dcd1f3807f80238eb28141385fa60965390c05d881150,2398,32dea4b965abd716537dcd1f3807f80238eb28141385fa60965390c05d881150,1edabf72,PRESERVED_IN_COMPLETE_ARCHIVE
WL-REC-0035,WL-REC-0035,docs/history/owner-inputs/record-20261009/WORK-LAB-HISTORICAL-RECORDS-20261009.zip,originals/WORK-LAB_MASTER_ATLAS_2026-09-29.zip ! WORK-LAB_MASTER_ATLAS_2026-09-29/expanded/Workflow-assistance_Lean_Evidence_Console_TaskPack_v3.0/Workflow-assistance_Lean_Evidence_Console_TaskPack_v3.0/01_MULTI_ROUND_AUDIT.md,sha256:40e1ccdef211459656e21766e9467c010994549a452f09b05eb95cc83fe8d7a3,3591,40e1ccdef211459656e21766e9467c010994549a452f09b05eb95cc83fe8d7a3,00cb78fb,PRESERVED_IN_COMPLETE_ARCHIVE
WL-REC-0035,WL-REC-0035,docs/history/owner-inputs/record-20261009/WORK-LAB-HISTORICAL-RECORDS-20261009.zip,originals/WORK-LAB_MASTER_ATLAS_2026-09-29.zip ! WORK-LAB_MASTER_ATLAS_2026-09-29/expanded/Workflow-assistance_Lean_Evidence_Console_TaskPack_v3.0/Workflow-assistance_Lean_Evidence_Console_TaskPack_v3.0/02_SCOPE_FREEZE.md,sha256:dd7efd0bd04cf964664d341b0f275416646e4b340022a6deda1f90be2925ae61,2452,dd7efd0bd04cf964664d341b0f275416646e4b340022a6deda1f90be2925ae61,874ea140,PRESERVED_IN_COMPLETE_ARCHIVE
WL-REC-0035,WL-REC-0035,docs/history/owner-inputs/record-20261009/WORK-LAB-HISTORICAL-RECORDS-20261009.zip,originals/WORK-LAB_MASTER_ATLAS_2026-09-29.zip ! WORK-LAB_MASTER_ATLAS_2026-09-29/expanded/Workflow-assistance_Lean_Evidence_Console_TaskPack_v3.0/Workflow-assistance_Lean_Evidence_Console_TaskPack_v3.0/03_PRODUCT_AND_UI_SPEC.md,sha256:5722653495ef252b2253980e62be417bcd4c84128314794264e6ded2da74e34d,2777,5722653495ef252b2253980e62be417bcd4c84128314794264e6ded2da74e34d,b2eebe88,PRESERVED_IN_COMPLETE_ARCHIVE
WL-REC-0035,WL-REC-0035,docs/history/owner-inputs/record-20261009/WORK-LAB-HISTORICAL-RECORDS-20261009.zip,originals/WORK-LAB_MASTER_ATLAS_2026-09-29.zip ! WORK-LAB_MASTER_ATLAS_2026-09-29/expanded/Workflow-assistance_Lean_Evidence_Console_TaskPack_v3.0/Workflow-assistance_Lean_Evidence_Console_TaskPack_v3.0/04_LEAN_ARCHITECTURE.md,sha256:d7c6cdf40c1082ffc8988564492018b820269ae83e3b02bf1f644bd4dc65f794,2580,d7c6cdf40c1082ffc8988564492018b820269ae83e3b02bf1f644bd4dc65f794,73ca6432,PRESERVED_IN_COMPLETE_ARCHIVE
WL-REC-0035,WL-REC-0035,docs/history/owner-inputs/record-20261009/WORK-LAB-HISTORICAL-RECORDS-20261009.zip,originals/WORK-LAB_MASTER_ATLAS_2026-09-29.zip ! WORK-LAB_MASTER_ATLAS_2026-09-29/expanded/Workflow-assistance_Lean_Evidence_Console_TaskPack_v3.0/Workflow-assistance_Lean_Evidence_Console_TaskPack_v3.0/05_REFACTOR_AND_ADAPTER_PLAN.md,sha256:ebc6f65f9656de83f4b588313167cf065145f352eb08f3f529272157fee6f983,2994,ebc6f65f9656de83f4b588313167cf065145f352eb08f3f529272157fee6f983,208ef6b0,PRESERVED_IN_COMPLETE_ARCHIVE
WL-REC-0035,WL-REC-0035,docs/history/owner-inputs/record-20261009/WORK-LAB-HISTORICAL-RECORDS-20261009.zip,originals/WORK-LAB_MASTER_ATLAS_2026-09-29.zip ! WORK-LAB_MASTER_ATLAS_2026-09-29/expanded/Workflow-assistance_Lean_Evidence_Console_TaskPack_v3.0/Workflow-assistance_Lean_Evidence_Console_TaskPack_v3.0/06_SECURITY_AND_EVIDENCE.md,sha256:9c9f9ee5cd2134ad9ce81e4e74ecec07b64a1bb412dc747f4053f1e6efded0b1,3033,9c9f9ee5cd2134ad9ce81e4e74ecec07b64a1bb412dc747f4053f1e6efded0b1,6f894a3a,PRESERVED_IN_COMPLETE_ARCHIVE
WL-REC-0035,WL-REC-0035,docs/history/owner-inputs/record-20261009/WORK-LAB-HISTORICAL-RECORDS-20261009.zip,originals/WORK-LAB_MASTER_ATLAS_2026-09-29.zip ! WORK-LAB_MASTER_ATLAS_2026-09-29/expanded/Workflow-assistance_Lean_Evidence_Console_TaskPack_v3.0/Workflow-assistance_Lean_Evidence_Console_TaskPack_v3.0/07_IMPLEMENTATION_ROADMAP.md,sha256:1dcedef6bab28d132babb22c19679372587e9320760d94b68d843a95a8f60918,1884,1dcedef6bab28d132babb22c19679372587e9320760d94b68d843a95a8f60918,30f18625,PRESERVED_IN_COMPLETE_ARCHIVE
WL-REC-0035,WL-REC-0035,docs/history/owner-inputs/record-20261009/WORK-LAB-HISTORICAL-RECORDS-20261009.zip,originals/WORK-LAB_MASTER_ATLAS_2026-09-29.zip ! WORK-LAB_MASTER_ATLAS_2026-09-29/expanded/Workflow-assistance_Lean_Evidence_Console_TaskPack_v3.0/Workflow-assistance_Lean_Evidence_Console_TaskPack_v3.0/08_MASTER_HERMES_TASKPACK.md,sha256:4e79693e8ca8d949a29fb8e61266dde979fc925fc9a800afc56a83b2eec6c180,5496,4e79693e8ca8d949a29fb8e61266dde979fc925fc9a800afc56a83b2eec6c180,06d1713e,PRESERVED_IN_COMPLETE_ARCHIVE
WL-REC-0035,WL-REC-0035,docs/history/owner-inputs/record-20261009/WORK-LAB-HISTORICAL-RECORDS-20261009.zip,originals/WORK-LAB_MASTER_ATLAS_2026-09-29.zip ! WORK-LAB_MASTER_ATLAS_2026-09-29/expanded/Workflow-assistance_Lean_Evidence_Console_TaskPack_v3.0/Workflow-assistance_Lean_Evidence_Console_TaskPack_v3.0/09_ACCEPTANCE_CHECKLIST.md,sha256:6a5c3d2b34885ee1fd144ae0a1602692b2f5fccc1c0d65769108abd81857d592,2707,6a5c3d2b34885ee1fd144ae0a1602692b2f5fccc1c0d65769108abd81857d592,42e2f691,PRESERVED_IN_COMPLETE_ARCHIVE
WL-REC-0035,WL-REC-0035,docs/history/owner-inputs/record-20261009/WORK-LAB-HISTORICAL-RECORDS-20261009.zip,originals/WORK-LAB_MASTER_ATLAS_2026-09-29.zip ! WORK-LAB_MASTER_ATLAS_2026-09-29/expanded/Workflow-assistance_Lean_Evidence_Console_TaskPack_v3.0/Workflow-assistance_Lean_Evidence_Console_TaskPack_v3.0/10_SUPERSESSION_AND_DECISIONS.md,sha256:05546b81c1030b5be3b89ef99c21e537c9df79e4dba4181bdc4c6560cdb0d6e4,1644,05546b81c1030b5be3b89ef99c21e537c9df79e4dba4181bdc4c6560cdb0d6e4,96d84064,PRESERVED_IN_COMPLETE_ARCHIVE
WL-REC-0035,WL-REC-0035,docs/history/owner-inputs/record-20261009/WORK-LAB-HISTORICAL-RECORDS-20261009.zip,originals/WORK-LAB_MASTER_ATLAS_2026-09-29.zip ! WORK-LAB_MASTER_ATLAS_2026-09-29/expanded/Workflow-assistance_Lean_Evidence_Console_TaskPack_v3.0/Workflow-assistance_Lean_Evidence_Console_TaskPack_v3.0/11_HERMES_START_COMMAND.md,sha256:2b414ec9ad98da0f29ddc7dfc8691a7b6a87da461514ada77f4b0b33ad5e3e53,1263,2b414ec9ad98da0f29ddc7dfc8691a7b6a87da461514ada77f4b0b33ad5e3e53,2599a1a8,PRESERVED_IN_COMPLETE_ARCHIVE
WL-REC-0035,WL-REC-0035,docs/history/owner-inputs/record-20261009/WORK-LAB-HISTORICAL-RECORDS-20261009.zip,originals/WORK-LAB_MASTER_ATLAS_2026-09-29.zip ! WORK-LAB_MASTER_ATLAS_2026-09-29/expanded/Workflow-assistance_Lean_Evidence_Console_TaskPack_v3.0/Workflow-assistance_Lean_Evidence_Console_TaskPack_v3.0/12_SOURCES_AND_BASELINE.md,sha256:0f446a196cea93c8f747e3cfff454eed283991b3a10f2825d34630f8fdc554fa,1750,0f446a196cea93c8f747e3cfff454eed283991b3a10f2825d34630f8fdc554fa,81d34f80,PRESERVED_IN_COMPLETE_ARCHIVE
WL-REC-0035,WL-REC-0035,docs/history/owner-inputs/record-20261009/WORK-LAB-HISTORICAL-RECORDS-20261009.zip,originals/WORK-LAB_MASTER_ATLAS_2026-09-29.zip ! WORK-LAB_MASTER_ATLAS_2026-09-29/expanded/Workflow-assistance_Lean_Evidence_Console_TaskPack_v3.0/Workflow-assistance_Lean_Evidence_Console_TaskPack_v3.0/config/adapter-matrix.yaml,sha256:2ec98d5ee05cf74018c47a402b32af4a289ba0753a5aa370ad4cf7c0ea000d70,1488,2ec98d5ee05cf74018c47a402b32af4a289ba0753a5aa370ad4cf7c0ea000d70,52de0f6d,PRESERVED_IN_COMPLETE_ARCHIVE
WL-REC-0035,WL-REC-0035,docs/history/owner-inputs/record-20261009/WORK-LAB-HISTORICAL-RECORDS-20261009.zip,originals/WORK-LAB_MASTER_ATLAS_2026-09-29.zip ! WORK-LAB_MASTER_ATLAS_2026-09-29/expanded/Workflow-assistance_Lean_Evidence_Console_TaskPack_v3.0/Workflow-assistance_Lean_Evidence_Console_TaskPack_v3.0/config/execution-defaults.yaml,sha256:47dfc197b987cf7f60810361ad96da9c26da4215eb9131bcd23ccca7af2e0310,1077,47dfc197b987cf7f60810361ad96da9c26da4215eb9131bcd23ccca7af2e0310,5b5bfcfd,PRESERVED_IN_COMPLETE_ARCHIVE
WL-REC-0035,WL-REC-0035,docs/history/owner-inputs/record-20261009/WORK-LAB-HISTORICAL-RECORDS-20261009.zip,originals/WORK-LAB_MASTER_ATLAS_2026-09-29.zip ! WORK-LAB_MASTER_ATLAS_2026-09-29/expanded/Workflow-assistance_Lean_Evidence_Console_TaskPack_v3.0/Workflow-assistance_Lean_Evidence_Console_TaskPack_v3.0/config/scope-budget.yaml,sha256:3e34c1c1434e9f24799b1391f246433402b1ed75e3869eef1f0eaa4634ba41d8,924,3e34c1c1434e9f24799b1391f246433402b1ed75e3869eef1f0eaa4634ba41d8,159058f3,PRESERVED_IN_COMPLETE_ARCHIVE
WL-REC-0035,WL-REC-0035,docs/history/owner-inputs/record-20261009/WORK-LAB-HISTORICAL-RECORDS-20261009.zip,originals/WORK-LAB_MASTER_ATLAS_2026-09-29.zip ! WORK-LAB_MASTER_ATLAS_2026-09-29/expanded/Workflow-assistance_Lean_Evidence_Console_TaskPack_v3.0/Workflow-assistance_Lean_Evidence_Console_TaskPack_v3.0/schemas/architecture-exception.schema.json,sha256:aab48c2e1a67521481f9f978b1c164df3bfc95a61c1a5a8cd34cccf845e593e0,1210,aab48c2e1a67521481f9f978b1c164df3bfc95a61c1a5a8cd34cccf845e593e0,62bad583,PRESERVED_IN_COMPLETE_ARCHIVE
WL-REC-0035,WL-REC-0035,docs/history/owner-inputs/record-20261009/WORK-LAB-HISTORICAL-RECORDS-20261009.zip,originals/WORK-LAB_MASTER_ATLAS_2026-09-29.zip ! WORK-LAB_MASTER_ATLAS_2026-09-29/expanded/Workflow-assistance_Lean_Evidence_Console_TaskPack_v3.0/Workflow-assistance_Lean_Evidence_Console_TaskPack_v3.0/schemas/event-lite.schema.json,sha256:a659e29b67027954dab193229550fbb4245fa42f70e859adb5fa4803286fb4df,2341,a659e29b67027954dab193229550fbb4245fa42f70e859adb5fa4803286fb4df,33416b87,PRESERVED_IN_COMPLETE_ARCHIVE
WL-REC-0035,WL-REC-0035,docs/history/owner-inputs/record-20261009/WORK-LAB-HISTORICAL-RECORDS-20261009.zip,originals/WORK-LAB_MASTER_ATLAS_2026-09-29.zip ! WORK-LAB_MASTER_ATLAS_2026-09-29/expanded/Workflow-assistance_Lean_Evidence_Console_TaskPack_v3.0/Workflow-assistance_Lean_Evidence_Console_TaskPack_v3.0/schemas/task-cards.schema.json,sha256:5bebdf4f879b971badf848749519069a7668e8dec2ce2a2446f74f33cdfb6b5b,2212,5bebdf4f879b971badf848749519069a7668e8dec2ce2a2446f74f33cdfb6b5b,d76ea9a5,PRESERVED_IN_COMPLETE_ARCHIVE
WL-REC-0035,WL-REC-0035,docs/history/owner-inputs/record-20261009/WORK-LAB-HISTORICAL-RECORDS-20261009.zip,originals/WORK-LAB_MASTER_ATLAS_2026-09-29.zip ! WORK-LAB_MASTER_ATLAS_2026-09-29/expanded/Workflow-assistance_Lean_Evidence_Console_TaskPack_v3.0/Workflow-assistance_Lean_Evidence_Console_TaskPack_v3.0/tasks/task-cards.json,sha256:7856b737ed91cf872aa8e63ef8120c44f56837a7d5dc8eaeb06a61823c0d2983,8907,7856b737ed91cf872aa8e63ef8120c44f56837a7d5dc8eaeb06a61823c0d2983,6f910cca,PRESERVED_IN_COMPLETE_ARCHIVE
WL-REC-0035,WL-REC-0035,docs/history/owner-inputs/record-20261009/WORK-LAB-HISTORICAL-RECORDS-20261009.zip,originals/WORK-LAB_MASTER_ATLAS_2026-09-29.zip ! WORK-LAB_MASTER_ATLAS_2026-09-29/expanded/Workflow-assistance_Visualization_Audit_TaskPack_v2.0/Workflow-assistance_Visualization_Audit_TaskPack_v2.0/00_README.md,sha256:93ade9402ab481a70a65a673c773390ea95a56bddf75c9d2919913677f20f472,2810,93ade9402ab481a70a65a673c773390ea95a56bddf75c9d2919913677f20f472,a68e15cb,PRESERVED_IN_COMPLETE_ARCHIVE
WL-REC-0035,WL-REC-0035,docs/history/owner-inputs/record-20261009/WORK-LAB-HISTORICAL-RECORDS-20261009.zip,originals/WORK-LAB_MASTER_ATLAS_2026-09-29.zip ! WORK-LAB_MASTER_ATLAS_2026-09-29/expanded/Workflow-assistance_Visualization_Audit_TaskPack_v2.0/Workflow-assistance_Visualization_Audit_TaskPack_v2.0/01_CONVERSATION_AND_DECISIONS.md,sha256:f7f14c9ad7d05a8e5d6e0cfda6da014e56e0c27824206bcab260ab9f45024e1f,3676,f7f14c9ad7d05a8e5d6e0cfda6da014e56e0c27824206bcab260ab9f45024e1f,5fc0dea4,PRESERVED_IN_COMPLETE_ARCHIVE
WL-REC-0035,WL-REC-0035,docs/history/owner-inputs/record-20261009/WORK-LAB-HISTORICAL-RECORDS-20261009.zip,originals/WORK-LAB_MASTER_ATLAS_2026-09-29.zip ! WORK-LAB_MASTER_ATLAS_2026-09-29/expanded/Workflow-assistance_Visualization_Audit_TaskPack_v2.0/Workflow-assistance_Visualization_Audit_TaskPack_v2.0/02_COMPETITOR_AUDIT.md,sha256:a16fa434f0d767d240a1fc459d88bf85436a3d78f7156a9bbfbd6ae79557c8d8,4043,a16fa434f0d767d240a1fc459d88bf85436a3d78f7156a9bbfbd6ae79557c8d8,a250423a,PRESERVED_IN_COMPLETE_ARCHIVE
WL-REC-0035,WL-REC-0035,docs/history/owner-inputs/record-20261009/WORK-LAB-HISTORICAL-RECORDS-20261009.zip,originals/WORK-LAB_MASTER_ATLAS_2026-09-29.zip ! WORK-LAB_MASTER_ATLAS_2026-09-29/expanded/Workflow-assistance_Visualization_Audit_TaskPack_v2.0/Workflow-assistance_Visualization_Audit_TaskPack_v2.0/03_PRODUCT_DEFINITION.md,sha256:6f9848e7f24e70206138c1b12ab55cdbfdf46734abc5ebb939c3054aefd40969,3990,6f9848e7f24e70206138c1b12ab55cdbfdf46734abc5ebb939c3054aefd40969,91a77d09,PRESERVED_IN_COMPLETE_ARCHIVE
WL-REC-0035,WL-REC-0035,docs/history/owner-inputs/record-20261009/WORK-LAB-HISTORICAL-RECORDS-20261009.zip,originals/WORK-LAB_MASTER_ATLAS_2026-09-29.zip ! WORK-LAB_MASTER_ATLAS_2026-09-29/expanded/Workflow-assistance_Visualization_Audit_TaskPack_v2.0/Workflow-assistance_Visualization_Audit_TaskPack_v2.0/04_REUSE_AND_LICENSE_PLAN.md,sha256:bdc9f3c450d1a53a68631fc2ecd4427d016175bd0bf55a57cbb82b1ee2e3492f,3398,bdc9f3c450d1a53a68631fc2ecd4427d016175bd0bf55a57cbb82b1ee2e3492f,373d356b,PRESERVED_IN_COMPLETE_ARCHIVE
WL-REC-0035,WL-REC-0035,docs/history/owner-inputs/record-20261009/WORK-LAB-HISTORICAL-RECORDS-20261009.zip,originals/WORK-LAB_MASTER_ATLAS_2026-09-29.zip ! WORK-LAB_MASTER_ATLAS_2026-09-29/expanded/Workflow-assistance_Visualization_Audit_TaskPack_v2.0/Workflow-assistance_Visualization_Audit_TaskPack_v2.0/05_TARGET_ARCHITECTURE.md,sha256:f969562c46d9fe2377e5fcc8ad9646e0ec6b8cc2721d54ea960f499f3517ae21,3709,f969562c46d9fe2377e5fcc8ad9646e0ec6b8cc2721d54ea960f499f3517ae21,2063c940,PRESERVED_IN_COMPLETE_ARCHIVE
WL-REC-0035,WL-REC-0035,docs/history/owner-inputs/record-20261009/WORK-LAB-HISTORICAL-RECORDS-20261009.zip,originals/WORK-LAB_MASTER_ATLAS_2026-09-29.zip ! WORK-LAB_MASTER_ATLAS_2026-09-29/expanded/Workflow-assistance_Visualization_Audit_TaskPack_v2.0/Workflow-assistance_Visualization_Audit_TaskPack_v2.0/06_IMPLEMENTATION_ROADMAP.md,sha256:82e567a14b6ec3f329454ae556c0bff1bd133b4881c647676a33b87cacded1c3,4106,82e567a14b6ec3f329454ae556c0bff1bd133b4881c647676a33b87cacded1c3,5ee4448b,PRESERVED_IN_COMPLETE_ARCHIVE
WL-REC-0035,WL-REC-0035,docs/history/owner-inputs/record-20261009/WORK-LAB-HISTORICAL-RECORDS-20261009.zip,originals/WORK-LAB_MASTER_ATLAS_2026-09-29.zip ! WORK-LAB_MASTER_ATLAS_2026-09-29/expanded/Workflow-assistance_Visualization_Audit_TaskPack_v2.0/Workflow-assistance_Visualization_Audit_TaskPack_v2.0/07_MASTER_HERMES_TASKPACK_V2.md,sha256:4be9d7e0012ef2a755f970e96fd9eaffb39697f5780605d59d8c5969de436533,9285,4be9d7e0012ef2a755f970e96fd9eaffb39697f5780605d59d8c5969de436533,e2e7efe4,PRESERVED_IN_COMPLETE_ARCHIVE
WL-REC-0035,WL-REC-0035,docs/history/owner-inputs/record-20261009/WORK-LAB-HISTORICAL-RECORDS-20261009.zip,originals/WORK-LAB_MASTER_ATLAS_2026-09-29.zip ! WORK-LAB_MASTER_ATLAS_2026-09-29/expanded/Workflow-assistance_Visualization_Audit_TaskPack_v2.0/Workflow-assistance_Visualization_Audit_TaskPack_v2.0/08_ACCEPTANCE_CHECKLIST.md,sha256:85c51ca2e374a513f032948944c74df0cc8adc311f57a61c6c6c178e6a29ab8a,3181,85c51ca2e374a513f032948944c74df0cc8adc311f57a61c6c6c178e6a29ab8a,192dba4a,PRESERVED_IN_COMPLETE_ARCHIVE
WL-REC-0035,WL-REC-0035,docs/history/owner-inputs/record-20261009/WORK-LAB-HISTORICAL-RECORDS-20261009.zip,originals/WORK-LAB_MASTER_ATLAS_2026-09-29.zip ! WORK-LAB_MASTER_ATLAS_2026-09-29/expanded/Workflow-assistance_Visualization_Audit_TaskPack_v2.0/Workflow-assistance_Visualization_Audit_TaskPack_v2.0/09_SOURCES.md,sha256:6dfd9804d83a5f980e698d5a7b8b2ed1bc873e66cfcba0187121defd971eeb89,2062,6dfd9804d83a5f980e698d5a7b8b2ed1bc873e66cfcba0187121defd971eeb89,f6df4534,PRESERVED_IN_COMPLETE_ARCHIVE
WL-REC-0035,WL-REC-0035,docs/history/owner-inputs/record-20261009/WORK-LAB-HISTORICAL-RECORDS-20261009.zip,originals/WORK-LAB_MASTER_ATLAS_2026-09-29.zip ! WORK-LAB_MASTER_ATLAS_2026-09-29/expanded/Workflow-assistance_Visualization_Audit_TaskPack_v2.0/Workflow-assistance_Visualization_Audit_TaskPack_v2.0/config/adapter-matrix.yaml,sha256:73ed5fddfc0f7415ccd8e97f03fa900f213d4d1cc645507c3fcdfb4a5367facd,2551,73ed5fddfc0f7415ccd8e97f03fa900f213d4d1cc645507c3fcdfb4a5367facd,f671b69d,PRESERVED_IN_COMPLETE_ARCHIVE
WL-REC-0035,WL-REC-0035,docs/history/owner-inputs/record-20261009/WORK-LAB-HISTORICAL-RECORDS-20261009.zip,originals/WORK-LAB_MASTER_ATLAS_2026-09-29.zip ! WORK-LAB_MASTER_ATLAS_2026-09-29/expanded/Workflow-assistance_Visualization_Audit_TaskPack_v2.0/Workflow-assistance_Visualization_Audit_TaskPack_v2.0/config/safety-policy.yaml,sha256:f4b56e685b7cd49a9ab65ba1247d45deca60f46edf11942583e2302279ad3ec0,1086,f4b56e685b7cd49a9ab65ba1247d45deca60f46edf11942583e2302279ad3ec0,4319f3fa,PRESERVED_IN_COMPLETE_ARCHIVE
WL-REC-0035,WL-REC-0035,docs/history/owner-inputs/record-20261009/WORK-LAB-HISTORICAL-RECORDS-20261009.zip,originals/WORK-LAB_MASTER_ATLAS_2026-09-29.zip ! WORK-LAB_MASTER_ATLAS_2026-09-29/expanded/Workflow-assistance_Visualization_Audit_TaskPack_v2.0/Workflow-assistance_Visualization_Audit_TaskPack_v2.0/schemas/canonical-event.schema.json,sha256:a90018bb2d34329d444364e84ee96bcc0c7510c010fcc2db5f3b0c1c5181eae5,3083,a90018bb2d34329d444364e84ee96bcc0c7510c010fcc2db5f3b0c1c5181eae5,361013f5,PRESERVED_IN_COMPLETE_ARCHIVE
WL-REC-0035,WL-REC-0035,docs/history/owner-inputs/record-20261009/WORK-LAB-HISTORICAL-RECORDS-20261009.zip,originals/WORK-LAB_MASTER_ATLAS_2026-09-29.zip ! WORK-LAB_MASTER_ATLAS_2026-09-29/expanded/Workflow-assistance_Visualization_Audit_TaskPack_v2.0/Workflow-assistance_Visualization_Audit_TaskPack_v2.0/tasks/task-cards.json,sha256:959725e0e0c8987f975297da5bbd86a5cb932a4ab1bb63717c4199c8fff900d2,9127,959725e0e0c8987f975297da5bbd86a5cb932a4ab1bb63717c4199c8fff900d2,3464797c,PRESERVED_IN_COMPLETE_ARCHIVE
WL-REC-0035,WL-REC-0035,docs/history/owner-inputs/record-20261009/WORK-LAB-HISTORICAL-RECORDS-20261009.zip,originals/WORK-LAB_MASTER_ATLAS_2026-09-29.zip ! WORK-LAB_MASTER_ATLAS_2026-09-29/expanded/work-lab_L8_React_TypeScript_可运行原型/VISUAL_GOVERNANCE.md,sha256:04a3397dc11dff798a01c8f7246de15f973694616fe66c30ec7216b4e0d478db,274,04a3397dc11dff798a01c8f7246de15f973694616fe66c30ec7216b4e0d478db,762b0bfc,PRESERVED_IN_COMPLETE_ARCHIVE
WL-REC-0035,WL-REC-0035,docs/history/owner-inputs/record-20261009/WORK-LAB-HISTORICAL-RECORDS-20261009.zip,originals/WORK-LAB_MASTER_ATLAS_2026-09-29.zip ! WORK-LAB_MASTER_ATLAS_2026-09-29/expanded/work-lab_L8_React_TypeScript_可运行原型/app/README.md,sha256:5f200820be7cdadf0a36df1e44d364fa1972bbb7a76a15050f6f224c969d8a83,223,5f200820be7cdadf0a36df1e44d364fa1972bbb7a76a15050f6f224c969d8a83,fba181d2,PRESERVED_IN_COMPLETE_ARCHIVE
WL-REC-0035,WL-REC-0035,docs/history/owner-inputs/record-20261009/WORK-LAB-HISTORICAL-RECORDS-20261009.zip,originals/WORK-LAB_MASTER_ATLAS_2026-09-29.zip ! WORK-LAB_MASTER_ATLAS_2026-09-29/expanded/work-lab_L8_React_TypeScript_可运行原型/app/package.json,sha256:457debdbfaf05c15dd29499f2d5e59083c757e5af741fa75d171b02ff916fb83,479,457debdbfaf05c15dd29499f2d5e59083c757e5af741fa75d171b02ff916fb83,3c08d53d,PRESERVED_IN_COMPLETE_ARCHIVE
WL-REC-0035,WL-REC-0035,docs/history/owner-inputs/record-20261009/WORK-LAB-HISTORICAL-RECORDS-20261009.zip,originals/WORK-LAB_MASTER_ATLAS_2026-09-29.zip ! WORK-LAB_MASTER_ATLAS_2026-09-29/expanded/work-lab_L8_React_TypeScript_可运行原型/app/tsconfig.json,sha256:f7bc931f6bcc67723247a6a8524471e33c7bb1ac826083d9617ca582a4da0d39,467,f7bc931f6bcc67723247a6a8524471e33c7bb1ac826083d9617ca582a4da0d39,b870da3f,PRESERVED_IN_COMPLETE_ARCHIVE
WL-REC-0035,WL-REC-0035,docs/history/owner-inputs/record-20261009/WORK-LAB-HISTORICAL-RECORDS-20261009.zip,originals/WORK-LAB_MASTER_ATLAS_2026-09-29.zip ! WORK-LAB_MASTER_ATLAS_2026-09-29/expanded/work-lab_L8_React_TypeScript_可运行原型/packages/ui-core/package.json,sha256:b6d39f5ff36c3af9b30136eeea8a541065092fc62648b9ddcb51a2315577d0bb,117,b6d39f5ff36c3af9b30136eeea8a541065092fc62648b9ddcb51a2315577d0bb,ab125f82,PRESERVED_IN_COMPLETE_ARCHIVE
WL-REC-0035,WL-REC-0035,docs/history/owner-inputs/record-20261009/WORK-LAB-HISTORICAL-RECORDS-20261009.zip,originals/WORK-LAB_MASTER_ATLAS_2026-09-29.zip ! WORK-LAB_MASTER_ATLAS_2026-09-29/expanded/work-lab_L9_交互式真实Demo/README.md,sha256:8794287d89ebc2905e5566f48e60c71a6258b9de9063c440a5f638143a8551ee,405,8794287d89ebc2905e5566f48e60c71a6258b9de9063c440a5f638143a8551ee,c2c11683,PRESERVED_IN_COMPLETE_ARCHIVE
WL-REC-0035,WL-REC-0035,docs/history/owner-inputs/record-20261009/WORK-LAB-HISTORICAL-RECORDS-20261009.zip,originals/WORK-LAB_MASTER_ATLAS_2026-09-29.zip ! WORK-LAB_MASTER_ATLAS_2026-09-29/repo/.github/workflows/work-lab-gate.yml,sha256:df20522806d7214b8f2a9772ef402e1598fd0957fe05f6edf1681363df524b29,18397,df20522806d7214b8f2a9772ef402e1598fd0957fe05f6edf1681363df524b29,0b01474c,PRESERVED_IN_COMPLETE_ARCHIVE
WL-REC-0035,WL-REC-0035,docs/history/owner-inputs/record-20261009/WORK-LAB-HISTORICAL-RECORDS-20261009.zip,originals/WORK-LAB_MASTER_ATLAS_2026-09-29.zip ! WORK-LAB_MASTER_ATLAS_2026-09-29/repo/.project/governance/archeaxis-local-ai-pipeline-matrix.json,sha256:1ce37119cfe8ad8a2ea4a72628cb793bd8a5ef04bdd841066a1f784c36c0f024,4606,1ce37119cfe8ad8a2ea4a72628cb793bd8a5ef04bdd841066a1f784c36c0f024,a4d017b6,PRESERVED_IN_COMPLETE_ARCHIVE
WL-REC-0035,WL-REC-0035,docs/history/owner-inputs/record-20261009/WORK-LAB-HISTORICAL-RECORDS-20261009.zip,originals/WORK-LAB_MASTER_ATLAS_2026-09-29.zip ! WORK-LAB_MASTER_ATLAS_2026-09-29/repo/.project/governance/boundary-migration-manifest.json,sha256:90e13d4a0999d6cf8a092cc7537815acc46b20247e12f41a4b2e174be3bcfce1,6009,90e13d4a0999d6cf8a092cc7537815acc46b20247e12f41a4b2e174be3bcfce1,7200ccc3,PRESERVED_IN_COMPLETE_ARCHIVE
WL-REC-0035,WL-REC-0035,docs/history/owner-inputs/record-20261009/WORK-LAB-HISTORICAL-RECORDS-20261009.zip,originals/WORK-LAB_MASTER_ATLAS_2026-09-29.zip ! WORK-LAB_MASTER_ATLAS_2026-09-29/repo/.project/governance/config-authority-index.json,sha256:c26c8055c978de56a30848784274d049b90ac7997b3d164274027dbf79aa0591,6526,c26c8055c978de56a30848784274d049b90ac7997b3d164274027dbf79aa0591,502bd99f,PRESERVED_IN_COMPLETE_ARCHIVE
WL-REC-0035,WL-REC-0035,docs/history/owner-inputs/record-20261009/WORK-LAB-HISTORICAL-RECORDS-20261009.zip,originals/WORK-LAB_MASTER_ATLAS_2026-09-29.zip ! WORK-LAB_MASTER_ATLAS_2026-09-29/repo/.project/governance/cross-module-source-index.json,sha256:914ceb84f8799c45f5c8717c43eafefbcd9b111df419b15461f7261306127523,26392,914ceb84f8799c45f5c8717c43eafefbcd9b111df419b15461f7261306127523,a6cb443b,PRESERVED_IN_COMPLETE_ARCHIVE
WL-REC-0035,WL-REC-0035,docs/history/owner-inputs/record-20261009/WORK-LAB-HISTORICAL-RECORDS-20261009.zip,originals/WORK-LAB_MASTER_ATLAS_2026-09-29.zip ! WORK-LAB_MASTER_ATLAS_2026-09-29/repo/.project/governance/external-libraries-index.json,sha256:14a0ff3f87ae006fd9fd19543f79863a649c6100ae79cd5189ce3abf24888101,5103,14a0ff3f87ae006fd9fd19543f79863a649c6100ae79cd5189ce3abf24888101,893af089,PRESERVED_IN_COMPLETE_ARCHIVE
WL-REC-0035,WL-REC-0035,docs/history/owner-inputs/record-20261009/WORK-LAB-HISTORICAL-RECORDS-20261009.zip,originals/WORK-LAB_MASTER_ATLAS_2026-09-29.zip ! WORK-LAB_MASTER_ATLAS_2026-09-29/repo/.project/governance/future-candidate-registry.json,sha256:9bbb0552019d20314e7b6627e42e479612b868351390171616ae6009f9685f4b,13787,9bbb0552019d20314e7b6627e42e479612b868351390171616ae6009f9685f4b,4b0794b0,PRESERVED_IN_COMPLETE_ARCHIVE
WL-REC-0035,WL-REC-0035,docs/history/owner-inputs/record-20261009/WORK-LAB-HISTORICAL-RECORDS-20261009.zip,originals/WORK-LAB_MASTER_ATLAS_2026-09-29.zip ! WORK-LAB_MASTER_ATLAS_2026-09-29/repo/.project/governance/migration-status.json,sha256:7e165ff2642b0c12a02caec384e0398631ca128b824a4de592b9f1b781402d09,3099,7e165ff2642b0c12a02caec384e0398631ca128b824a4de592b9f1b781402d09,3ff6c4a3,PRESERVED_IN_COMPLETE_ARCHIVE
WL-REC-0035,WL-REC-0035,docs/history/owner-inputs/record-20261009/WORK-LAB-HISTORICAL-RECORDS-20261009.zip,originals/WORK-LAB_MASTER_ATLAS_2026-09-29.zip ! WORK-LAB_MASTER_ATLAS_2026-09-29/repo/.project/governance/model-benchmark-record.json,sha256:003fbcfc247819e171a2bbb4e3575793c375275e03c24afb72e1c922adba6eff,7839,003fbcfc247819e171a2bbb4e3575793c375275e03c24afb72e1c922adba6eff,3412c974,PRESERVED_IN_COMPLETE_ARCHIVE
WL-REC-0035,WL-REC-0035,docs/history/owner-inputs/record-20261009/WORK-LAB-HISTORICAL-RECORDS-20261009.zip,originals/WORK-LAB_MASTER_ATLAS_2026-09-29.zip ! WORK-LAB_MASTER_ATLAS_2026-09-29/repo/.project/governance/model-capability-matrix.json,sha256:eb69dc74f1f854f2953e84737b392e86ffd8c453c9adea730826fe67ba24c658,4908,eb69dc74f1f854f2953e84737b392e86ffd8c453c9adea730826fe67ba24c658,c9994acb,PRESERVED_IN_COMPLETE_ARCHIVE
WL-REC-0035,WL-REC-0035,docs/history/owner-inputs/record-20261009/WORK-LAB-HISTORICAL-RECORDS-20261009.zip,originals/WORK-LAB_MASTER_ATLAS_2026-09-29.zip ! WORK-LAB_MASTER_ATLAS_2026-09-29/repo/.project/governance/model-download-policy.json,sha256:a7c0d63cdd9f5710ee5373302e744c8c0ead33e03a5f75c1acc14a4b31bd4c60,6207,a7c0d63cdd9f5710ee5373302e744c8c0ead33e03a5f75c1acc14a4b31bd4c60,ce6801cb,PRESERVED_IN_COMPLETE_ARCHIVE
WL-REC-0035,WL-REC-0035,docs/history/owner-inputs/record-20261009/WORK-LAB-HISTORICAL-RECORDS-20261009.zip,originals/WORK-LAB_MASTER_ATLAS_2026-09-29.zip ! WORK-LAB_MASTER_ATLAS_2026-09-29/repo/.project/governance/model-project-permission-matrix.json,sha256:adf4a5e04335ac5da62d180784fdd02515274d0d3c95d8c73db533e60964643b,4901,adf4a5e04335ac5da62d180784fdd02515274d0d3c95d8c73db533e60964643b,6bb2b29f,PRESERVED_IN_COMPLETE_ARCHIVE
WL-REC-0035,WL-REC-0035,docs/history/owner-inputs/record-20261009/WORK-LAB-HISTORICAL-RECORDS-20261009.zip,originals/WORK-LAB_MASTER_ATLAS_2026-09-29.zip ! WORK-LAB_MASTER_ATLAS_2026-09-29/repo/.project/governance/model-registry.json,sha256:c4d4ddc30cd7c827b30b50997214c568988b87856e15a5d8e7b03895d87a6493,24410,c4d4ddc30cd7c827b30b50997214c568988b87856e15a5d8e7b03895d87a6493,d2a5332e,PRESERVED_IN_COMPLETE_ARCHIVE
WL-REC-0035,WL-REC-0035,docs/history/owner-inputs/record-20261009/WORK-LAB-HISTORICAL-RECORDS-20261009.zip,originals/WORK-LAB_MASTER_ATLAS_2026-09-29.zip ! WORK-LAB_MASTER_ATLAS_2026-09-29/repo/.project/governance/module-dependencies.json,sha256:1a920ab5ed70f0503294a9d6f4af8be981142d04f8f33ac86a326a478a40b27e,725,1a920ab5ed70f0503294a9d6f4af8be981142d04f8f33ac86a326a478a40b27e,8b1b427f,PRESERVED_IN_COMPLETE_ARCHIVE
WL-REC-0035,WL-REC-0035,docs/history/owner-inputs/record-20261009/WORK-LAB-HISTORICAL-RECORDS-20261009.zip,originals/WORK-LAB_MASTER_ATLAS_2026-09-29.zip ! WORK-LAB_MASTER_ATLAS_2026-09-29/repo/.project/governance/module-ownership.json,sha256:ed196a1ef945dbc1761d89f15fd3654193d89b779608f937ff304173c6795d8b,523,ed196a1ef945dbc1761d89f15fd3654193d89b779608f937ff304173c6795d8b,5cead5c8,PRESERVED_IN_COMPLETE_ARCHIVE
WL-REC-0035,WL-REC-0035,docs/history/owner-inputs/record-20261009/WORK-LAB-HISTORICAL-RECORDS-20261009.zip,originals/WORK-LAB_MASTER_ATLAS_2026-09-29.zip ! WORK-LAB_MASTER_ATLAS_2026-09-29/repo/.project/governance/pr123-final-audit.json,sha256:6f358d0edfd1cc40912e3b646d076b2de7cb35cf454f1e48f1e0880254f56e8c,4995,6f358d0edfd1cc40912e3b646d076b2de7cb35cf454f1e48f1e0880254f56e8c,da519919,PRESERVED_IN_COMPLETE_ARCHIVE
WL-REC-0035,WL-REC-0035,docs/history/owner-inputs/record-20261009/WORK-LAB-HISTORICAL-RECORDS-20261009.zip,originals/WORK-LAB_MASTER_ATLAS_2026-09-29.zip ! WORK-LAB_MASTER_ATLAS_2026-09-29/repo/.project/governance/project-authority-index.json,sha256:87050f1a96dafdd902dce93d2cdf3944151a3b22dc8c70b20ef64c218a83520c,2335,87050f1a96dafdd902dce93d2cdf3944151a3b22dc8c70b20ef64c218a83520c,bbed1ef0,PRESERVED_IN_COMPLETE_ARCHIVE
WL-REC-0035,WL-REC-0035,docs/history/owner-inputs/record-20261009/WORK-LAB-HISTORICAL-RECORDS-20261009.zip,originals/WORK-LAB_MASTER_ATLAS_2026-09-29.zip ! WORK-LAB_MASTER_ATLAS_2026-09-29/repo/.project/governance/project-data-boundary.json,sha256:266b531c7a350cdcd0790aa37cae7b7eb9cbe2bda494df2bd79158351e0ff423,3204,266b531c7a350cdcd0790aa37cae7b7eb9cbe2bda494df2bd79158351e0ff423,2eb59007,PRESERVED_IN_COMPLETE_ARCHIVE
WL-REC-0035,WL-REC-0035,docs/history/owner-inputs/record-20261009/WORK-LAB-HISTORICAL-RECORDS-20261009.zip,originals/WORK-LAB_MASTER_ATLAS_2026-09-29.zip ! WORK-LAB_MASTER_ATLAS_2026-09-29/repo/.project/governance/projects.json,sha256:c97c4be408e4069250abe7dc65ea6d9d86ea65600df666bc91c1b17c645e6a6d,1200,c97c4be408e4069250abe7dc65ea6d9d86ea65600df666bc91c1b17c645e6a6d,fb11ad3f,PRESERVED_IN_COMPLETE_ARCHIVE
WL-REC-0035,WL-REC-0035,docs/history/owner-inputs/record-20261009/WORK-LAB-HISTORICAL-RECORDS-20261009.zip,originals/WORK-LAB_MASTER_ATLAS_2026-09-29.zip ! WORK-LAB_MASTER_ATLAS_2026-09-29/repo/.project/governance/provider-registry.json,sha256:ca57983466a6ec1f18a5bad9e8e94e235e2e8a63e7135017d63b5cae6ba31a4e,19033,ca57983466a6ec1f18a5bad9e8e94e235e2e8a63e7135017d63b5cae6ba31a4e,85d6def2,PRESERVED_IN_COMPLETE_ARCHIVE
WL-REC-0035,WL-REC-0035,docs/history/owner-inputs/record-20261009/WORK-LAB-HISTORICAL-RECORDS-20261009.zip,originals/WORK-LAB_MASTER_ATLAS_2026-09-29.zip ! WORK-LAB_MASTER_ATLAS_2026-09-29/repo/.project/governance/runtime-registry.json,sha256:5749f7f1e76886c157181ec730309b429c06442d5718ce8af69a9f452c0af81d,22658,5749f7f1e76886c157181ec730309b429c06442d5718ce8af69a9f452c0af81d,cfc2ece1,PRESERVED_IN_COMPLETE_ARCHIVE
WL-REC-0035,WL-REC-0035,docs/history/owner-inputs/record-20261009/WORK-LAB-HISTORICAL-RECORDS-20261009.zip,originals/WORK-LAB_MASTER_ATLAS_2026-09-29.zip ! WORK-LAB_MASTER_ATLAS_2026-09-29/repo/.project/governance/source-ledger.json,sha256:aa353c15ab6a4f7ca5c90319182c2007a2f4bfd5089dd86002521defa9de5797,16962,aa353c15ab6a4f7ca5c90319182c2007a2f4bfd5089dd86002521defa9de5797,49b7c753,PRESERVED_IN_COMPLETE_ARCHIVE
WL-REC-0035,WL-REC-0035,docs/history/owner-inputs/record-20261009/WORK-LAB-HISTORICAL-RECORDS-20261009.zip,originals/WORK-LAB_MASTER_ATLAS_2026-09-29.zip ! WORK-LAB_MASTER_ATLAS_2026-09-29/repo/.project/governance/taskpack-authority-index.json,sha256:d053462875260297314aa5bb231941e8435b7ab0d6b2d1f30e6fdf95d99a5dec,13999,d053462875260297314aa5bb231941e8435b7ab0d6b2d1f30e6fdf95d99a5dec,80f4f876,PRESERVED_IN_COMPLETE_ARCHIVE
WL-REC-0035,WL-REC-0035,docs/history/owner-inputs/record-20261009/WORK-LAB-HISTORICAL-RECORDS-20261009.zip,originals/WORK-LAB_MASTER_ATLAS_2026-09-29.zip ! WORK-LAB_MASTER_ATLAS_2026-09-29/repo/.project/governance/three-project-boundary.json,sha256:5febe0a83b154bfed6d0c651c9106e0051bc93573caddd724e2386b57ab08c71,6445,5febe0a83b154bfed6d0c651c9106e0051bc93573caddd724e2386b57ab08c71,cee0ad78,PRESERVED_IN_COMPLETE_ARCHIVE
WL-REC-0035,WL-REC-0035,docs/history/owner-inputs/record-20261009/WORK-LAB-HISTORICAL-RECORDS-20261009.zip,originals/WORK-LAB_MASTER_ATLAS_2026-09-29.zip ! WORK-LAB_MASTER_ATLAS_2026-09-29/repo/AGENTS.md,sha256:a796272bee25cb4c9433bda60bf7269174a4e283a76736812a76796c9448ae49,9880,a796272bee25cb4c9433bda60bf7269174a4e283a76736812a76796c9448ae49,94d9527d,PRESERVED_IN_COMPLETE_ARCHIVE
WL-REC-0035,WL-REC-0035,docs/history/owner-inputs/record-20261009/WORK-LAB-HISTORICAL-RECORDS-20261009.zip,originals/WORK-LAB_MASTER_ATLAS_2026-09-29.zip ! WORK-LAB_MASTER_ATLAS_2026-09-29/repo/README.md,sha256:cc7a94f7b9641907b168af9c36bba4d41107e3be7eb3ed67aae3eb9a97537b36,5687,cc7a94f7b9641907b168af9c36bba4d41107e3be7eb3ed67aae3eb9a97537b36,e10f83ad,PRESERVED_IN_COMPLETE_ARCHIVE
WL-REC-0035,WL-REC-0035,docs/history/owner-inputs/record-20261009/WORK-LAB-HISTORICAL-RECORDS-20261009.zip,originals/WORK-LAB_MASTER_ATLAS_2026-09-29.zip ! WORK-LAB_MASTER_ATLAS_2026-09-29/repo/WORK-LAB-AUTHORITY.md,sha256:e0f4f02a6f80b05a7a9761ac1fb8ccce8e6f55ae42bef2989316897dce36876a,10778,e0f4f02a6f80b05a7a9761ac1fb8ccce8e6f55ae42bef2989316897dce36876a,3f30c717,PRESERVED_IN_COMPLETE_ARCHIVE
WL-REC-0035,WL-REC-0035,docs/history/owner-inputs/record-20261009/WORK-LAB-HISTORICAL-RECORDS-20261009.zip,originals/WORK-LAB_MASTER_ATLAS_2026-09-29.zip ! WORK-LAB_MASTER_ATLAS_2026-09-29/repo/apps/observer/frontend/src/App.behavior.test.tsx,sha256:f1a8a169346c1d7466846d414f66d5ce125d8b54c9263ea301cac0353a3b23ea,5374,f1a8a169346c1d7466846d414f66d5ce125d8b54c9263ea301cac0353a3b23ea,83474dd5,PRESERVED_IN_COMPLETE_ARCHIVE
WL-REC-0035,WL-REC-0035,docs/history/owner-inputs/record-20261009/WORK-LAB-HISTORICAL-RECORDS-20261009.zip,originals/WORK-LAB_MASTER_ATLAS_2026-09-29.zip ! WORK-LAB_MASTER_ATLAS_2026-09-29/repo/apps/observer/frontend/src/App.smoke.test.tsx,sha256:0b3c2cfa825351692db36df872d0fd4c1526065274af753c751d95ccd81ecf37,3526,0b3c2cfa825351692db36df872d0fd4c1526065274af753c751d95ccd81ecf37,37f9ed7e,PRESERVED_IN_COMPLETE_ARCHIVE
WL-REC-0035,WL-REC-0035,docs/history/owner-inputs/record-20261009/WORK-LAB-HISTORICAL-RECORDS-20261009.zip,originals/WORK-LAB_MASTER_ATLAS_2026-09-29.zip ! WORK-LAB_MASTER_ATLAS_2026-09-29/repo/apps/observer/frontend/src/App.tsx,sha256:37e9db36fb198b831cc548f6a495256512e3f0b0995636cd9f5d152ec6d30acf,13310,37e9db36fb198b831cc548f6a495256512e3f0b0995636cd9f5d152ec6d30acf,09997ee4,PRESERVED_IN_COMPLETE_ARCHIVE
WL-REC-0035,WL-REC-0035,docs/history/owner-inputs/record-20261009/WORK-LAB-HISTORICAL-RECORDS-20261009.zip,originals/WORK-LAB_MASTER_ATLAS_2026-09-29.zip ! WORK-LAB_MASTER_ATLAS_2026-09-29/repo/apps/observer/frontend/src/lib/viewRegistry.ts,sha256:c5a7c33b8d95fb3a551c077bcda1f54cdfea2069bc0b34f0d5bf03ca78887892,6822,c5a7c33b8d95fb3a551c077bcda1f54cdfea2069bc0b34f0d5bf03ca78887892,ee614c6c,PRESERVED_IN_COMPLETE_ARCHIVE
WL-REC-0035,WL-REC-0035,docs/history/owner-inputs/record-20261009/WORK-LAB-HISTORICAL-RECORDS-20261009.zip,originals/WORK-LAB_MASTER_ATLAS_2026-09-29.zip ! WORK-LAB_MASTER_ATLAS_2026-09-29/repo/apps/observer/frontend/src/views/WorkView.tsx,sha256:d17d2fba9c67f877eeae58754c181024e8ebc210a85e6b3f28152108a81e08a0,11806,d17d2fba9c67f877eeae58754c181024e8ebc210a85e6b3f28152108a81e08a0,fff97a0e,PRESERVED_IN_COMPLETE_ARCHIVE
WL-REC-0035,WL-REC-0035,docs/history/owner-inputs/record-20261009/WORK-LAB-HISTORICAL-RECORDS-20261009.zip,originals/WORK-LAB_MASTER_ATLAS_2026-09-29.zip ! WORK-LAB_MASTER_ATLAS_2026-09-29/repo/apps/observer/parity-matrix-u03.md,sha256:6842a92226c1b625a5128e69d8806302c310d00f7cace9c76facc7258a433051,4559,6842a92226c1b625a5128e69d8806302c310d00f7cace9c76facc7258a433051,b2387f1b,PRESERVED_IN_COMPLETE_ARCHIVE
WL-REC-0035,WL-REC-0035,docs/history/owner-inputs/record-20261009/WORK-LAB-HISTORICAL-RECORDS-20261009.zip,originals/WORK-LAB_MASTER_ATLAS_2026-09-29.zip ! WORK-LAB_MASTER_ATLAS_2026-09-29/repo/config/adapter-registry.json,sha256:95a047b7fc678293dff9f48efdd52ebc20fa30992abaa188104e2edff27e9266,24344,95a047b7fc678293dff9f48efdd52ebc20fa30992abaa188104e2edff27e9266,b2216e66,PRESERVED_IN_COMPLETE_ARCHIVE
WL-REC-0035,WL-REC-0035,docs/history/owner-inputs/record-20261009/WORK-LAB-HISTORICAL-RECORDS-20261009.zip,originals/WORK-LAB_MASTER_ATLAS_2026-09-29.zip ! WORK-LAB_MASTER_ATLAS_2026-09-29/repo/config/config-ownership.json,sha256:5b59689ea20a949ccd1849035f2fda8b825d46e92f9072f33f3bdfe156fbfbc3,21536,5b59689ea20a949ccd1849035f2fda8b825d46e92f9072f33f3bdfe156fbfbc3,9f1f2a3a,PRESERVED_IN_COMPLETE_ARCHIVE
WL-REC-0035,WL-REC-0035,docs/history/owner-inputs/record-20261009/WORK-LAB-HISTORICAL-RECORDS-20261009.zip,originals/WORK-LAB_MASTER_ATLAS_2026-09-29.zip ! WORK-LAB_MASTER_ATLAS_2026-09-29/repo/config/models-registry.json,sha256:634b15c4c1e4b9dcdb670c35ec9c56f4528f49803e8d130bf2724e99fb3c54d4,7663,634b15c4c1e4b9dcdb670c35ec9c56f4528f49803e8d130bf2724e99fb3c54d4,a0245180,PRESERVED_IN_COMPLETE_ARCHIVE
WL-REC-0035,WL-REC-0035,docs/history/owner-inputs/record-20261009/WORK-LAB-HISTORICAL-RECORDS-20261009.zip,originals/WORK-LAB_MASTER_ATLAS_2026-09-29.zip ! WORK-LAB_MASTER_ATLAS_2026-09-29/repo/config/plugin-inventory.json,sha256:a16c7ceb9de88175392b9e4a4906aa698c2da712184ed583659ae18c19155140,2418,a16c7ceb9de88175392b9e4a4906aa698c2da712184ed583659ae18c19155140,b46208ea,PRESERVED_IN_COMPLETE_ARCHIVE
WL-REC-0035,WL-REC-0035,docs/history/owner-inputs/record-20261009/WORK-LAB-HISTORICAL-RECORDS-20261009.zip,originals/WORK-LAB_MASTER_ATLAS_2026-09-29.zip ! WORK-LAB_MASTER_ATLAS_2026-09-29/repo/config/skills-inventory.json,sha256:5e2e5725a7ee65ed93c6fd48b1b49ff101650a8513c3c2b0ce4aa3ed88e50f65,3728,5e2e5725a7ee65ed93c6fd48b1b49ff101650a8513c3c2b0ce4aa3ed88e50f65,1409dcdd,PRESERVED_IN_COMPLETE_ARCHIVE
WL-REC-0035,WL-REC-0035,docs/history/owner-inputs/record-20261009/WORK-LAB-HISTORICAL-RECORDS-20261009.zip,originals/WORK-LAB_MASTER_ATLAS_2026-09-29.zip ! WORK-LAB_MASTER_ATLAS_2026-09-29/repo/config/software-registry.json,sha256:c92e77607648ae3781305a3cfe56e3fec0321dcae148cad984d88dff16746de9,4704,c92e77607648ae3781305a3cfe56e3fec0321dcae148cad984d88dff16746de9,abbfe42d,PRESERVED_IN_COMPLETE_ARCHIVE
WL-REC-0035,WL-REC-0035,docs/history/owner-inputs/record-20261009/WORK-LAB-HISTORICAL-RECORDS-20261009.zip,originals/WORK-LAB_MASTER_ATLAS_2026-09-29.zip ! WORK-LAB_MASTER_ATLAS_2026-09-29/repo/docs/current/workflow-assistance/absorption/open-source-workflow-absorption.md,sha256:2b79aac159598df6f9094550a253a854a690c9d2340da4c9a42de61b96ad3801,5691,2b79aac159598df6f9094550a253a854a690c9d2340da4c9a42de61b96ad3801,3745c96e,PRESERVED_IN_COMPLETE_ARCHIVE
WL-REC-0035,WL-REC-0035,docs/history/owner-inputs/record-20261009/WORK-LAB-HISTORICAL-RECORDS-20261009.zip,originals/WORK-LAB_MASTER_ATLAS_2026-09-29.zip ! WORK-LAB_MASTER_ATLAS_2026-09-29/repo/docs/decisions/ARCHEAXIS_API_CONTRACT_SURVEY.md,sha256:fcbffef85439eba094f7652f46fc111b0222228009c8e19e50a7928d5355199b,2538,fcbffef85439eba094f7652f46fc111b0222228009c8e19e50a7928d5355199b,23959a09,PRESERVED_IN_COMPLETE_ARCHIVE
WL-REC-0035,WL-REC-0035,docs/history/owner-inputs/record-20261009/WORK-LAB-HISTORICAL-RECORDS-20261009.zip,originals/WORK-LAB_MASTER_ATLAS_2026-09-29.zip ! WORK-LAB_MASTER_ATLAS_2026-09-29/repo/docs/decisions/CONTROL_PLANE_CONVERGENCE.md,sha256:700bbb8571f4dfd7dce9f1f1b74be94f49521c673da2d97b85a3a02461ba4517,6654,700bbb8571f4dfd7dce9f1f1b74be94f49521c673da2d97b85a3a02461ba4517,dcb5e7e6,PRESERVED_IN_COMPLETE_ARCHIVE
WL-REC-0035,WL-REC-0035,docs/history/owner-inputs/record-20261009/WORK-LAB-HISTORICAL-RECORDS-20261009.zip,originals/WORK-LAB_MASTER_ATLAS_2026-09-29.zip ! WORK-LAB_MASTER_ATLAS_2026-09-29/repo/docs/decisions/DSH_PLUGIN_EVALUATION.md,sha256:3525e8458212d4f986f23522350e61a8e6b55da7ecbab936c7fe6ab63773f976,2924,3525e8458212d4f986f23522350e61a8e6b55da7ecbab936c7fe6ab63773f976,1b9c791d,PRESERVED_IN_COMPLETE_ARCHIVE
WL-REC-0035,WL-REC-0035,docs/history/owner-inputs/record-20261009/WORK-LAB-HISTORICAL-RECORDS-20261009.zip,originals/WORK-LAB_MASTER_ATLAS_2026-09-29.zip ! WORK-LAB_MASTER_ATLAS_2026-09-29/repo/docs/decisions/ECOSYSTEM_AUDIT_COMPARISON.md,sha256:c667d76958ed3eebf02c9772bcb894e50121f43dddbb80d515d1aec6d0a6115c,5049,c667d76958ed3eebf02c9772bcb894e50121f43dddbb80d515d1aec6d0a6115c,48314b39,PRESERVED_IN_COMPLETE_ARCHIVE
WL-REC-0035,WL-REC-0035,docs/history/owner-inputs/record-20261009/WORK-LAB-HISTORICAL-RECORDS-20261009.zip,originals/WORK-LAB_MASTER_ATLAS_2026-09-29.zip ! WORK-LAB_MASTER_ATLAS_2026-09-29/repo/docs/decisions/LESSONS_LEARNED.md,sha256:5a755071917e85dacd90da2e0c44d3558a13116cc52ed2e465710b6b5db19440,6113,5a755071917e85dacd90da2e0c44d3558a13116cc52ed2e465710b6b5db19440,46fbcb79,PRESERVED_IN_COMPLETE_ARCHIVE
WL-REC-0035,WL-REC-0035,docs/history/owner-inputs/record-20261009/WORK-LAB-HISTORICAL-RECORDS-20261009.zip,originals/WORK-LAB_MASTER_ATLAS_2026-09-29.zip ! WORK-LAB_MASTER_ATLAS_2026-09-29/repo/docs/decisions/PROJECT_POSITIONING.md,sha256:aa0b889a7bb2589a735499972ef2973e76b591694c031f681774026c535b3f39,5244,aa0b889a7bb2589a735499972ef2973e76b591694c031f681774026c535b3f39,bae4601d,PRESERVED_IN_COMPLETE_ARCHIVE
WL-REC-0035,WL-REC-0035,docs/history/owner-inputs/record-20261009/WORK-LAB-HISTORICAL-RECORDS-20261009.zip,originals/WORK-LAB_MASTER_ATLAS_2026-09-29.zip ! WORK-LAB_MASTER_ATLAS_2026-09-29/repo/docs/decisions/README.md,sha256:2dab4c33bf0ab8b9c98a99b05f06d2ea0ea4c106852b730ae07592229c5da283,248,2dab4c33bf0ab8b9c98a99b05f06d2ea0ea4c106852b730ae07592229c5da283,675983b9,PRESERVED_IN_COMPLETE_ARCHIVE
WL-REC-0035,WL-REC-0035,docs/history/owner-inputs/record-20261009/WORK-LAB-HISTORICAL-RECORDS-20261009.zip,originals/WORK-LAB_MASTER_ATLAS_2026-09-29.zip ! WORK-LAB_MASTER_ATLAS_2026-09-29/repo/docs/decisions/REVERSE_ARCHIVE_TEMPLATE.md,sha256:9f276e0106ef960c3442053881c18632028d5fa9fa53093eb8aa67bb24fb8f20,2191,9f276e0106ef960c3442053881c18632028d5fa9fa53093eb8aa67bb24fb8f20,6b4cf089,PRESERVED_IN_COMPLETE_ARCHIVE
WL-REC-0035,WL-REC-0035,docs/history/owner-inputs/record-20261009/WORK-LAB-HISTORICAL-RECORDS-20261009.zip,originals/WORK-LAB_MASTER_ATLAS_2026-09-29.zip ! WORK-LAB_MASTER_ATLAS_2026-09-29/repo/docs/decisions/SUBTRACTION_AUDIT_2026-08-18.md,sha256:0c338c180cf1ebf76496ef7cd299ee6575e13454ac6cf481cc6452df84e06d43,2330,0c338c180cf1ebf76496ef7cd299ee6575e13454ac6cf481cc6452df84e06d43,2b88cff2,PRESERVED_IN_COMPLETE_ARCHIVE
WL-REC-0035,WL-REC-0035,docs/history/owner-inputs/record-20261009/WORK-LAB-HISTORICAL-RECORDS-20261009.zip,originals/WORK-LAB_MASTER_ATLAS_2026-09-29.zip ! WORK-LAB_MASTER_ATLAS_2026-09-29/repo/docs/decisions/THREE_PROJECT_FEDERATION_CONTRACT.md,sha256:77acfd9fe3262c4f7f0a59b0995879f0b9e410c3e8134bafcbf5f1effe782fb6,1866,77acfd9fe3262c4f7f0a59b0995879f0b9e410c3e8134bafcbf5f1effe782fb6,ee1a03ca,PRESERVED_IN_COMPLETE_ARCHIVE
WL-REC-0035,WL-REC-0035,docs/history/owner-inputs/record-20261009/WORK-LAB-HISTORICAL-RECORDS-20261009.zip,originals/WORK-LAB_MASTER_ATLAS_2026-09-29.zip ! WORK-LAB_MASTER_ATLAS_2026-09-29/repo/docs/decisions/THREE_PROJECT_FUTURE_BLUEPRINT_ANALYSIS.md,sha256:a002da50a4055ecdddb5ed579dbf74126a2f19901ba1ab2008ebb196acecb1e7,4784,a002da50a4055ecdddb5ed579dbf74126a2f19901ba1ab2008ebb196acecb1e7,7fbdd049,PRESERVED_IN_COMPLETE_ARCHIVE
WL-REC-0035,WL-REC-0035,docs/history/owner-inputs/record-20261009/WORK-LAB-HISTORICAL-RECORDS-20261009.zip,originals/WORK-LAB_MASTER_ATLAS_2026-09-29.zip ! WORK-LAB_MASTER_ATLAS_2026-09-29/repo/docs/decisions/THREE_PROJECT_LAYERING_AUDIT.md,sha256:3fc6c678224c979c0d12cb8a36350816939afebdc72f8389da4886f859394ce8,7933,3fc6c678224c979c0d12cb8a36350816939afebdc72f8389da4886f859394ce8,c66b1c97,PRESERVED_IN_COMPLETE_ARCHIVE
WL-REC-0035,WL-REC-0035,docs/history/owner-inputs/record-20261009/WORK-LAB-HISTORICAL-RECORDS-20261009.zip,originals/WORK-LAB_MASTER_ATLAS_2026-09-29.zip ! WORK-LAB_MASTER_ATLAS_2026-09-29/repo/docs/decisions/THREE_PROJECT_LAYERING_DECISION.md,sha256:5ca5f31357401b064b78748347a06585c08bc24f48cd2e44f986d2c1aebb7f63,4738,5ca5f31357401b064b78748347a06585c08bc24f48cd2e44f986d2c1aebb7f63,4d629ec2,PRESERVED_IN_COMPLETE_ARCHIVE
WL-REC-0035,WL-REC-0035,docs/history/owner-inputs/record-20261009/WORK-LAB-HISTORICAL-RECORDS-20261009.zip,originals/WORK-LAB_MASTER_ATLAS_2026-09-29.zip ! WORK-LAB_MASTER_ATLAS_2026-09-29/repo/docs/decisions/TP_20260819_FEDERATION_ANALYSIS.md,sha256:bad392008b61c65b0c952211247042294e967d61a49bde3c0c8253cabdc701b7,3577,bad392008b61c65b0c952211247042294e967d61a49bde3c0c8253cabdc701b7,de5369e7,PRESERVED_IN_COMPLETE_ARCHIVE
WL-REC-0035,WL-REC-0035,docs/history/owner-inputs/record-20261009/WORK-LAB-HISTORICAL-RECORDS-20261009.zip,originals/WORK-LAB_MASTER_ATLAS_2026-09-29.zip ! WORK-LAB_MASTER_ATLAS_2026-09-29/repo/docs/decisions/WORK-LAB-LITE-AND-PARALLEL-WORKSPACE-ARCHITECTURE.md,sha256:33eab2a99a75d9e763873a8cbaf18dbb629cd2b2d12b99730a7f9e7f090cccce,8439,33eab2a99a75d9e763873a8cbaf18dbb629cd2b2d12b99730a7f9e7f090cccce,50e7c9cc,PRESERVED_IN_COMPLETE_ARCHIVE
WL-REC-0035,WL-REC-0035,docs/history/owner-inputs/record-20261009/WORK-LAB-HISTORICAL-RECORDS-20261009.zip,originals/WORK-LAB_MASTER_ATLAS_2026-09-29.zip ! WORK-LAB_MASTER_ATLAS_2026-09-29/repo/docs/decisions/global-execution-standard.md,sha256:5b148b5c740fc8f6054e7f1530590494e1631b69346161c0df8dd70e627c17ce,6321,5b148b5c740fc8f6054e7f1530590494e1631b69346161c0df8dd70e627c17ce,60b8c5e9,PRESERVED_IN_COMPLETE_ARCHIVE
WL-REC-0035,WL-REC-0035,docs/history/owner-inputs/record-20261009/WORK-LAB-HISTORICAL-RECORDS-20261009.zip,originals/WORK-LAB_MASTER_ATLAS_2026-09-29.zip ! WORK-LAB_MASTER_ATLAS_2026-09-29/repo/docs/decisions/instruction-precedence.md,sha256:5a0e07fdc5dc4822dd13f23175c0df8bbfdd49cb456c3699dab841f71d1e347f,669,5a0e07fdc5dc4822dd13f23175c0df8bbfdd49cb456c3699dab841f71d1e347f,d4d222cc,PRESERVED_IN_COMPLETE_ARCHIVE
WL-REC-0035,WL-REC-0035,docs/history/owner-inputs/record-20261009/WORK-LAB-HISTORICAL-RECORDS-20261009.zip,originals/WORK-LAB_MASTER_ATLAS_2026-09-29.zip ! WORK-LAB_MASTER_ATLAS_2026-09-29/repo/docs/decisions/language-architecture.md,sha256:0a179f8d3cddaa1aafb7f3c90a7a9b794cf8a5c86a0fcd964b4ce23f1f5d5b5b,4364,0a179f8d3cddaa1aafb7f3c90a7a9b794cf8a5c86a0fcd964b4ce23f1f5d5b5b,15d7d60b,PRESERVED_IN_COMPLETE_ARCHIVE
WL-REC-0035,WL-REC-0035,docs/history/owner-inputs/record-20261009/WORK-LAB-HISTORICAL-RECORDS-20261009.zip,originals/WORK-LAB_MASTER_ATLAS_2026-09-29.zip ! WORK-LAB_MASTER_ATLAS_2026-09-29/repo/docs/history/archive/workflow-assistance/audit/model-neutral-agent-harness-absorption-2026-07.md,sha256:33f21d8866777c40fe335d052bc2df7488094b3bc54bb60a0a6b8e98fad1ac60,3555,33f21d8866777c40fe335d052bc2df7488094b3bc54bb60a0a6b8e98fad1ac60,c4f07543,PRESERVED_IN_COMPLETE_ARCHIVE
WL-REC-0035,WL-REC-0035,docs/history/owner-inputs/record-20261009/WORK-LAB-HISTORICAL-RECORDS-20261009.zip,originals/WORK-LAB_MASTER_ATLAS_2026-09-29.zip ! WORK-LAB_MASTER_ATLAS_2026-09-29/repo/docs/history/archive/workflow-assistance/audit/model-neutral-agent-harness-absorption-2026-07.yaml,sha256:8779e057ec73abdde37c8cf7350df7c2a35a2bcc14ef16191fa64cb56f8218fc,2624,8779e057ec73abdde37c8cf7350df7c2a35a2bcc14ef16191fa64cb56f8218fc,186c0a6d,PRESERVED_IN_COMPLETE_ARCHIVE
WL-REC-0035,WL-REC-0035,docs/history/owner-inputs/record-20261009/WORK-LAB-HISTORICAL-RECORDS-20261009.zip,originals/WORK-LAB_MASTER_ATLAS_2026-09-29.zip ! WORK-LAB_MASTER_ATLAS_2026-09-29/repo/docs/history/archive/workflow-assistance/audit/workflow-absorption-audit-2026-07.md,sha256:6803f20e90f5c9858d5ceffe86454ba7da24561712a0e47aa8685813c7ea4962,1682,6803f20e90f5c9858d5ceffe86454ba7da24561712a0e47aa8685813c7ea4962,c74c8ccf,PRESERVED_IN_COMPLETE_ARCHIVE
WL-REC-0035,WL-REC-0035,docs/history/owner-inputs/record-20261009/WORK-LAB-HISTORICAL-RECORDS-20261009.zip,originals/WORK-LAB_MASTER_ATLAS_2026-09-29.zip ! WORK-LAB_MASTER_ATLAS_2026-09-29/repo/packages/client-neutral-core/scripts/build_context_pack.py,sha256:72d5f629491820b78f6b878d2073b1bedb5b73614fff06f830514073eeef925e,23518,72d5f629491820b78f6b878d2073b1bedb5b73614fff06f830514073eeef925e,888e5ea0,PRESERVED_IN_COMPLETE_ARCHIVE
WL-REC-0035,WL-REC-0035,docs/history/owner-inputs/record-20261009/WORK-LAB-HISTORICAL-RECORDS-20261009.zip,originals/WORK-LAB_MASTER_ATLAS_2026-09-29.zip ! WORK-LAB_MASTER_ATLAS_2026-09-29/repo/packages/client-neutral-core/scripts/model_capability_resolver.py,sha256:528105c920b6d55f9650881f89087b3a5f9e8431061f2345ec188f217920bfe0,8848,528105c920b6d55f9650881f89087b3a5f9e8431061f2345ec188f217920bfe0,cc137de1,PRESERVED_IN_COMPLETE_ARCHIVE
WL-REC-0035,WL-REC-0035,docs/history/owner-inputs/record-20261009/WORK-LAB-HISTORICAL-RECORDS-20261009.zip,originals/WORK-LAB_MASTER_ATLAS_2026-09-29.zip ! WORK-LAB_MASTER_ATLAS_2026-09-29/repo/packages/client-neutral-core/scripts/model_router.py,sha256:5217c7523805b283637e7eb0fa6e27c5ebb491b6c31b60a103a399433bddcc13,4760,5217c7523805b283637e7eb0fa6e27c5ebb491b6c31b60a103a399433bddcc13,198c74ca,PRESERVED_IN_COMPLETE_ARCHIVE
WL-REC-0035,WL-REC-0035,docs/history/owner-inputs/record-20261009/WORK-LAB-HISTORICAL-RECORDS-20261009.zip,originals/WORK-LAB_MASTER_ATLAS_2026-09-29.zip ! WORK-LAB_MASTER_ATLAS_2026-09-29/repo/packages/client-neutral-core/scripts/model_task_bridge.py,sha256:6a01d417328786c8f091d22b5692f3041aa854f30ec5628ed5ce0edd254ab594,4977,6a01d417328786c8f091d22b5692f3041aa854f30ec5628ed5ce0edd254ab594,2453f263,PRESERVED_IN_COMPLETE_ARCHIVE
WL-REC-0035,WL-REC-0035,docs/history/owner-inputs/record-20261009/WORK-LAB-HISTORICAL-RECORDS-20261009.zip,originals/WORK-LAB_MASTER_ATLAS_2026-09-29.zip ! WORK-LAB_MASTER_ATLAS_2026-09-29/repo/packages/client-neutral-core/scripts/real_adapters.py,sha256:00355615f631871dbb46737015cf2116cc876cee150029cfa2c683501375686c,8088,00355615f631871dbb46737015cf2116cc876cee150029cfa2c683501375686c,f130a351,PRESERVED_IN_COMPLETE_ARCHIVE
WL-REC-0035,WL-REC-0035,docs/history/owner-inputs/record-20261009/WORK-LAB-HISTORICAL-RECORDS-20261009.zip,originals/WORK-LAB_MASTER_ATLAS_2026-09-29.zip ! WORK-LAB_MASTER_ATLAS_2026-09-29/repo/packages/client-neutral-core/skills/software-development/agent-workflow-fortress/references/absorption-rules.md,sha256:63a563f4431e8a988362ad777d4c0c584b6f5928a0b73d0d3dd5b9079467b3d1,5425,63a563f4431e8a988362ad777d4c0c584b6f5928a0b73d0d3dd5b9079467b3d1,125ad095,PRESERVED_IN_COMPLETE_ARCHIVE
WL-REC-0035,WL-REC-0035,docs/history/owner-inputs/record-20261009/WORK-LAB-HISTORICAL-RECORDS-20261009.zip,originals/WORK-LAB_MASTER_ATLAS_2026-09-29.zip ! WORK-LAB_MASTER_ATLAS_2026-09-29/repo/packages/client-neutral-core/skills/software-development/agent-workflow-fortress/references/free-local-agent-harness-absorption.md,sha256:340a09146ba81b93c74424ee3a065f2cae1ea65eff80d68699ed7afc0aad960e,3668,340a09146ba81b93c74424ee3a065f2cae1ea65eff80d68699ed7afc0aad960e,884abe4e,PRESERVED_IN_COMPLETE_ARCHIVE
WL-REC-0035,WL-REC-0035,docs/history/owner-inputs/record-20261009/WORK-LAB-HISTORICAL-RECORDS-20261009.zip,originals/WORK-LAB_MASTER_ATLAS_2026-09-29.zip ! WORK-LAB_MASTER_ATLAS_2026-09-29/repo/packages/client-neutral-core/skills/software-development/agent-workflow-fortress/references/ui-skin-absorption.md,sha256:cfb4b9561d4e6a7c7433006b83b7a38312b9d4b6833a199196c21bc0b64834a4,1583,cfb4b9561d4e6a7c7433006b83b7a38312b9d4b6833a199196c21bc0b64834a4,7b0e7a50,PRESERVED_IN_COMPLETE_ARCHIVE
WL-REC-0035,WL-REC-0035,docs/history/owner-inputs/record-20261009/WORK-LAB-HISTORICAL-RECORDS-20261009.zip,originals/WORK-LAB_MASTER_ATLAS_2026-09-29.zip ! WORK-LAB_MASTER_ATLAS_2026-09-29/repo/packages/client-neutral-core/skills/software-development/agent-workflow-fortress/references/workflow-absorption-2026-07.md,sha256:a278f75c61b35c7a6da7fd4a221deb65f20a66b61f555f06e04c6ef928dd6f3f,2613,a278f75c61b35c7a6da7fd4a221deb65f20a66b61f555f06e04c6ef928dd6f3f,cb08ff83,PRESERVED_IN_COMPLETE_ARCHIVE
WL-REC-0035,WL-REC-0035,docs/history/owner-inputs/record-20261009/WORK-LAB-HISTORICAL-RECORDS-20261009.zip,originals/WORK-LAB_MASTER_ATLAS_2026-09-29.zip ! WORK-LAB_MASTER_ATLAS_2026-09-29/repo/packages/client-neutral-core/workflow-manifest.yaml,sha256:fcb42a0198f6ad2afd15aca84972c71d9ff441de91c1b98952c5c966a8ef9bd5,3878,fcb42a0198f6ad2afd15aca84972c71d9ff441de91c1b98952c5c966a8ef9bd5,9c9db93f,PRESERVED_IN_COMPLETE_ARCHIVE
WL-REC-0035,WL-REC-0035,docs/history/owner-inputs/record-20261009/WORK-LAB-HISTORICAL-RECORDS-20261009.zip,originals/WORK-LAB_MASTER_ATLAS_2026-09-29.zip ! WORK-LAB_MASTER_ATLAS_2026-09-29/repo/reports/FRONTEND-AUDIT-20260926.md,sha256:af363227c59acc87e7aa7a1d998d0260014bda9e6793e2b10819c0b5e7a304ed,9385,af363227c59acc87e7aa7a1d998d0260014bda9e6793e2b10819c0b5e7a304ed,d55b8581,PRESERVED_IN_COMPLETE_ARCHIVE
WL-REC-0035,WL-REC-0035,docs/history/owner-inputs/record-20261009/WORK-LAB-HISTORICAL-RECORDS-20261009.zip,originals/WORK-LAB_MASTER_ATLAS_2026-09-29.zip ! WORK-LAB_MASTER_ATLAS_2026-09-29/repo/reports/MODEL-RUNTIME-MIGRATION-OLLAMA-TO-LMSTUDIO-20260929.md,sha256:6544370566a3149d1617dff93baf0fa43cf9fa107c20660787443e9d29268b92,10718,6544370566a3149d1617dff93baf0fa43cf9fa107c20660787443e9d29268b92,a3aafd8e,PRESERVED_IN_COMPLETE_ARCHIVE
WL-REC-0035,WL-REC-0035,docs/history/owner-inputs/record-20261009/WORK-LAB-HISTORICAL-RECORDS-20261009.zip,originals/WORK-LAB_MASTER_ATLAS_2026-09-29.zip ! WORK-LAB_MASTER_ATLAS_2026-09-29/repo/scripts/ci/required_groups.json,sha256:1660c32565decea50250f8d861a9233264a00e4fe25174980a401ea4cdfa326a,2002,1660c32565decea50250f8d861a9233264a00e4fe25174980a401ea4cdfa326a,573933b6,PRESERVED_IN_COMPLETE_ARCHIVE
WL-REC-0035,WL-REC-0035,docs/history/owner-inputs/record-20261009/WORK-LAB-HISTORICAL-RECORDS-20261009.zip,originals/WORK-LAB_MASTER_ATLAS_2026-09-29.zip ! WORK-LAB_MASTER_ATLAS_2026-09-29/repo/services/execution-federation/acp_adapter.py,sha256:bde6885ae6ab7b4067f6db43095dd065115f264eb685bc795cad87984df006f2,9602,bde6885ae6ab7b4067f6db43095dd065115f264eb685bc795cad87984df006f2,ff8849d2,PRESERVED_IN_COMPLETE_ARCHIVE
WL-REC-0035,WL-REC-0035,docs/history/owner-inputs/record-20261009/WORK-LAB-HISTORICAL-RECORDS-20261009.zip,originals/WORK-LAB_MASTER_ATLAS_2026-09-29.zip ! WORK-LAB_MASTER_ATLAS_2026-09-29/repo/services/execution-federation/codex_adapter.py,sha256:1efe391596dd4dc6fb6a03ecb2fa29866cd135b87ee73d24ecd66013cf3a697b,3685,1efe391596dd4dc6fb6a03ecb2fa29866cd135b87ee73d24ecd66013cf3a697b,54ed0f90,PRESERVED_IN_COMPLETE_ARCHIVE
WL-REC-0035,WL-REC-0035,docs/history/owner-inputs/record-20261009/WORK-LAB-HISTORICAL-RECORDS-20261009.zip,originals/WORK-LAB_MASTER_ATLAS_2026-09-29.zip ! WORK-LAB_MASTER_ATLAS_2026-09-29/repo/services/execution-federation/dsh_adapter.py,sha256:0571980262ea39ad2db647aa3364a384916228aa57a79b812ef7a9205b71fe9d,3375,0571980262ea39ad2db647aa3364a384916228aa57a79b812ef7a9205b71fe9d,7bb0c7d1,PRESERVED_IN_COMPLETE_ARCHIVE
WL-REC-0035,WL-REC-0035,docs/history/owner-inputs/record-20261009/WORK-LAB-HISTORICAL-RECORDS-20261009.zip,originals/WORK-LAB_MASTER_ATLAS_2026-09-29.zip ! WORK-LAB_MASTER_ATLAS_2026-09-29/repo/services/execution-federation/federation.py,sha256:424ea51b832401f387c25d31e7941daf6519cac9496bbf59e173023293ff4d86,7652,424ea51b832401f387c25d31e7941daf6519cac9496bbf59e173023293ff4d86,37f6e7ae,PRESERVED_IN_COMPLETE_ARCHIVE
WL-REC-0035,WL-REC-0035,docs/history/owner-inputs/record-20261009/WORK-LAB-HISTORICAL-RECORDS-20261009.zip,originals/WORK-LAB_MASTER_ATLAS_2026-09-29.zip ! WORK-LAB_MASTER_ATLAS_2026-09-29/repo/services/execution-federation/hermes_adapter.py,sha256:81c0273ce88c0f84f12f5799c0d590c971e5188e490b5819b0e4cbae13847d47,5223,81c0273ce88c0f84f12f5799c0d590c971e5188e490b5819b0e4cbae13847d47,a763c661,PRESERVED_IN_COMPLETE_ARCHIVE
WL-REC-0035,WL-REC-0035,docs/history/owner-inputs/record-20261009/WORK-LAB-HISTORICAL-RECORDS-20261009.zip,originals/WORK-LAB_MASTER_ATLAS_2026-09-29.zip ! WORK-LAB_MASTER_ATLAS_2026-09-29/repo/services/execution-federation/parallel_dispatch.py,sha256:1a1dee1416f10978f337015b852c6a31f6b6edd203b73da4d7ddc2ea2d448759,26661,1a1dee1416f10978f337015b852c6a31f6b6edd203b73da4d7ddc2ea2d448759,4bb8c0aa,PRESERVED_IN_COMPLETE_ARCHIVE
WL-REC-0035,WL-REC-0035,docs/history/owner-inputs/record-20261009/WORK-LAB-HISTORICAL-RECORDS-20261009.zip,originals/WORK-LAB_MASTER_ATLAS_2026-09-29.zip ! WORK-LAB_MASTER_ATLAS_2026-09-29/repo/services/orchestration/sidecar.py,sha256:6e93676a47a9cf8c722696cad53b8f46888374e3033ca3179a8c6c554cfa4dde,30404,6e93676a47a9cf8c722696cad53b8f46888374e3033ca3179a8c6c554cfa4dde,87fdc8f6,PRESERVED_IN_COMPLETE_ARCHIVE
WL-REC-0035,WL-REC-0035,docs/history/owner-inputs/record-20261009/WORK-LAB-HISTORICAL-RECORDS-20261009.zip,originals/WORK-LAB_MASTER_ATLAS_2026-09-29.zip ! WORK-LAB_MASTER_ATLAS_2026-09-29/repo/services/policy/config_control_plane.py,sha256:9550e9c7ad3a78c38cb4617f02852d4979eff2b2535953a42c78b35892987189,16162,9550e9c7ad3a78c38cb4617f02852d4979eff2b2535953a42c78b35892987189,29aa08b9,PRESERVED_IN_COMPLETE_ARCHIVE
WL-REC-0035,WL-REC-0035,docs/history/owner-inputs/record-20261009/WORK-LAB-HISTORICAL-RECORDS-20261009.zip,originals/WORK-LAB_MASTER_ATLAS_2026-09-29.zip ! WORK-LAB_MASTER_ATLAS_2026-09-29/repo/services/receipts/production_evidence.py,sha256:85e42e03f73e52f3404d110253139ea20d1363d84f9675177297b26cfaf27eaa,4621,85e42e03f73e52f3404d110253139ea20d1363d84f9675177297b26cfaf27eaa,b1c38bd1,PRESERVED_IN_COMPLETE_ARCHIVE
WL-REC-0035,WL-REC-0035,docs/history/owner-inputs/record-20261009/WORK-LAB-HISTORICAL-RECORDS-20261009.zip,originals/WORK-LAB_MASTER_ATLAS_2026-09-29.zip ! WORK-LAB_MASTER_ATLAS_2026-09-29/repo/services/session-federation/registry.py,sha256:869aad4d11507d179757c4f9925c1146b15c44317e1b2d353d484caa22bc5797,13105,869aad4d11507d179757c4f9925c1146b15c44317e1b2d353d484caa22bc5797,2042847d,PRESERVED_IN_COMPLETE_ARCHIVE
WL-REC-0035,WL-REC-0035,docs/history/owner-inputs/record-20261009/WORK-LAB-HISTORICAL-RECORDS-20261009.zip,originals/WORK-LAB_MASTER_ATLAS_2026-09-29.zip ! WORK-LAB_MASTER_ATLAS_2026-09-29/repo/services/task-governance/completion_authority.py,sha256:cf1a55c6712a3142c754896b74fc0390a8f1277255e9ab25fb589cb92feb3073,8885,cf1a55c6712a3142c754896b74fc0390a8f1277255e9ab25fb589cb92feb3073,c7af638a,PRESERVED_IN_COMPLETE_ARCHIVE
WL-REC-0035,WL-REC-0035,docs/history/owner-inputs/record-20261009/WORK-LAB-HISTORICAL-RECORDS-20261009.zip,originals/WORK-LAB_MASTER_ATLAS_2026-09-29.zip ! WORK-LAB_MASTER_ATLAS_2026-09-29/repo/services/task-governance/permission_gate.py,sha256:66dcc700cb76c96fd84533637ae1d897661ab49a04f26e25ca8902e7b9c3b580,9938,66dcc700cb76c96fd84533637ae1d897661ab49a04f26e25ca8902e7b9c3b580,1dfca79a,PRESERVED_IN_COMPLETE_ARCHIVE
WL-REC-0035,WL-REC-0035,docs/history/owner-inputs/record-20261009/WORK-LAB-HISTORICAL-RECORDS-20261009.zip,originals/WORK-LAB_MASTER_ATLAS_2026-09-29.zip ! WORK-LAB_MASTER_ATLAS_2026-09-29/repo/taskpacks/current/BRANCH-CONVERGENCE-ANTI-REGRESSION-20260917.md,sha256:bbcb2bf4bd03ab73075ff63e69ed066d719884edad576142af483b19daff76a9,5834,bbcb2bf4bd03ab73075ff63e69ed066d719884edad576142af483b19daff76a9,b6a630ef,PRESERVED_IN_COMPLETE_ARCHIVE
WL-REC-0035,WL-REC-0035,docs/history/owner-inputs/record-20261009/WORK-LAB-HISTORICAL-RECORDS-20261009.zip,originals/WORK-LAB_MASTER_ATLAS_2026-09-29.zip ! WORK-LAB_MASTER_ATLAS_2026-09-29/repo/taskpacks/current/BRANCH-RETIREMENT-LEDGER-20260917.json,sha256:13f440f8aa978d81c09eea3c7a0ada9da03fcc88f2f90750d9cf36e4a635f836,30932,13f440f8aa978d81c09eea3c7a0ada9da03fcc88f2f90750d9cf36e4a635f836,f52ca5e3,PRESERVED_IN_COMPLETE_ARCHIVE
WL-REC-0035,WL-REC-0035,docs/history/owner-inputs/record-20261009/WORK-LAB-HISTORICAL-RECORDS-20261009.zip,originals/WORK-LAB_MASTER_ATLAS_2026-09-29.zip ! WORK-LAB_MASTER_ATLAS_2026-09-29/repo/taskpacks/current/HERMES-EXECUTION-AUDIT-20260927.md,sha256:9045abcdeb3d21c44b0e7d5bb95e7c09c93211f5f144888c730b9d9e823d0c98,22784,9045abcdeb3d21c44b0e7d5bb95e7c09c93211f5f144888c730b9d9e823d0c98,f5b60901,PRESERVED_IN_COMPLETE_ARCHIVE
WL-REC-0035,WL-REC-0035,docs/history/owner-inputs/record-20261009/WORK-LAB-HISTORICAL-RECORDS-20261009.zip,originals/WORK-LAB_MASTER_ATLAS_2026-09-29.zip ! WORK-LAB_MASTER_ATLAS_2026-09-29/repo/taskpacks/current/HERMES-UPDATE-AND-FIXES-20260917.md,sha256:6ed1a78cdb9f29eefad086fe3b2c703ae86c3b343d802525be29390277ed801c,11218,6ed1a78cdb9f29eefad086fe3b2c703ae86c3b343d802525be29390277ed801c,d3726330,PRESERVED_IN_COMPLETE_ARCHIVE
WL-REC-0035,WL-REC-0035,docs/history/owner-inputs/record-20261009/WORK-LAB-HISTORICAL-RECORDS-20261009.zip,originals/WORK-LAB_MASTER_ATLAS_2026-09-29.zip ! WORK-LAB_MASTER_ATLAS_2026-09-29/repo/taskpacks/current/HERMES-UPDATE-AND-MAINTENANCE-20260927.md,sha256:2ea92ad236552d99d5d9bec1c869d6ac451be2a810c0efb3f518a938c6839499,19007,2ea92ad236552d99d5d9bec1c869d6ac451be2a810c0efb3f518a938c6839499,cfa5a4be,PRESERVED_IN_COMPLETE_ARCHIVE
WL-REC-0035,WL-REC-0035,docs/history/owner-inputs/record-20261009/WORK-LAB-HISTORICAL-RECORDS-20261009.zip,originals/WORK-LAB_MASTER_ATLAS_2026-09-29.zip ! WORK-LAB_MASTER_ATLAS_2026-09-29/repo/taskpacks/current/HERMES-UPDATE-HANDOFF-20260927.md,sha256:a588a0ac861339640853a5083564c5edec3ca118caa7c7c6a49a724edbde6949,8049,a588a0ac861339640853a5083564c5edec3ca118caa7c7c6a49a724edbde6949,41173591,PRESERVED_IN_COMPLETE_ARCHIVE
WL-REC-0035,WL-REC-0035,docs/history/owner-inputs/record-20261009/WORK-LAB-HISTORICAL-RECORDS-20261009.zip,originals/WORK-LAB_MASTER_ATLAS_2026-09-29.zip ! WORK-LAB_MASTER_ATLAS_2026-09-29/repo/taskpacks/current/MODEL-GOVERNANCE-HANDOFF-20260928.md,sha256:df1b773167ac1ece99e1271dbcdddd6077f2da320adb4431b2fb811f57391988,7695,df1b773167ac1ece99e1271dbcdddd6077f2da320adb4431b2fb811f57391988,75bdc40c,PRESERVED_IN_COMPLETE_ARCHIVE
WL-REC-0035,WL-REC-0035,docs/history/owner-inputs/record-20261009/WORK-LAB-HISTORICAL-RECORDS-20261009.zip,originals/WORK-LAB_MASTER_ATLAS_2026-09-29.zip ! WORK-LAB_MASTER_ATLAS_2026-09-29/repo/taskpacks/current/MODEL-RUNTIME-HANDOFF-20260929.md,sha256:eb28eb3626682fda4f464583d200cfacab0ec6170d96df87700ebed62665680a,9944,eb28eb3626682fda4f464583d200cfacab0ec6170d96df87700ebed62665680a,2d31f4f7,PRESERVED_IN_COMPLETE_ARCHIVE
WL-REC-0035,WL-REC-0035,docs/history/owner-inputs/record-20261009/WORK-LAB-HISTORICAL-RECORDS-20261009.zip,originals/WORK-LAB_MASTER_ATLAS_2026-09-29.zip ! WORK-LAB_MASTER_ATLAS_2026-09-29/repo/taskpacks/current/OPEN-TASK-REGISTER.md,sha256:ee0ac462bee72c7b7b6dfd5dcfa94e34a20728e484ecdae544df9bcb0e9dc70f,31327,ee0ac462bee72c7b7b6dfd5dcfa94e34a20728e484ecdae544df9bcb0e9dc70f,5159c241,PRESERVED_IN_COMPLETE_ARCHIVE
WL-REC-0035,WL-REC-0035,docs/history/owner-inputs/record-20261009/WORK-LAB-HISTORICAL-RECORDS-20261009.zip,originals/WORK-LAB_MASTER_ATLAS_2026-09-29.zip ! WORK-LAB_MASTER_ATLAS_2026-09-29/repo/taskpacks/current/ORCA-PILOT-TASK-CARD-20260925.md,sha256:8123d0d21f210c6c0f8ff2c3de78e9eaf6d461487b79127739ca5bca5db3e6c3,3021,8123d0d21f210c6c0f8ff2c3de78e9eaf6d461487b79127739ca5bca5db3e6c3,a2d8c55a,PRESERVED_IN_COMPLETE_ARCHIVE
WL-REC-0035,WL-REC-0035,docs/history/owner-inputs/record-20261009/WORK-LAB-HISTORICAL-RECORDS-20261009.zip,originals/WORK-LAB_MASTER_ATLAS_2026-09-29.zip ! WORK-LAB_MASTER_ATLAS_2026-09-29/repo/taskpacks/current/README.md,sha256:7be18b517e863013446c653238f2fd46e8e0bddc0e7ae902cea1cdb835f3370d,2952,7be18b517e863013446c653238f2fd46e8e0bddc0e7ae902cea1cdb835f3370d,92ddd75c,PRESERVED_IN_COMPLETE_ARCHIVE
WL-REC-0035,WL-REC-0035,docs/history/owner-inputs/record-20261009/WORK-LAB-HISTORICAL-RECORDS-20261009.zip,originals/WORK-LAB_MASTER_ATLAS_2026-09-29.zip ! WORK-LAB_MASTER_ATLAS_2026-09-29/repo/taskpacks/current/U19-HEADLESS-REQUALIFICATION-HANDOFF-20260923.md,sha256:96d7d25a10ed1f80322b9e2b99721ba0e6b7ce7bd9a466b5886ca1a5e6acee97,8756,96d7d25a10ed1f80322b9e2b99721ba0e6b7ce7bd9a466b5886ca1a5e6acee97,5abb2bc6,PRESERVED_IN_COMPLETE_ARCHIVE
WL-REC-0035,WL-REC-0035,docs/history/owner-inputs/record-20261009/WORK-LAB-HISTORICAL-RECORDS-20261009.zip,originals/WORK-LAB_MASTER_ATLAS_2026-09-29.zip ! WORK-LAB_MASTER_ATLAS_2026-09-29/repo/taskpacks/current/WORK-LAB-HERMES-TASKPACK-RECONCILIATION.json,sha256:ac14f1d43ab987bcf9ddb0985e9e8b756adbba619b01eb4e67712b1995dc5411,5091,ac14f1d43ab987bcf9ddb0985e9e8b756adbba619b01eb4e67712b1995dc5411,6fe65d88,PRESERVED_IN_COMPLETE_ARCHIVE
WL-REC-0035,WL-REC-0035,docs/history/owner-inputs/record-20261009/WORK-LAB-HISTORICAL-RECORDS-20261009.zip,originals/WORK-LAB_MASTER_ATLAS_2026-09-29.zip ! WORK-LAB_MASTER_ATLAS_2026-09-29/repo/taskpacks/current/WORK-LAB-MASTER-2.0-APPROVAL-PACKAGE.md,sha256:c0b197dd295c131c946464dcd7955f07b550576f2a1015d06893df432acff0d4,7701,c0b197dd295c131c946464dcd7955f07b550576f2a1015d06893df432acff0d4,925a2088,PRESERVED_IN_COMPLETE_ARCHIVE
WL-REC-0035,WL-REC-0035,docs/history/owner-inputs/record-20261009/WORK-LAB-HISTORICAL-RECORDS-20261009.zip,originals/WORK-LAB_MASTER_ATLAS_2026-09-29.zip ! WORK-LAB_MASTER_ATLAS_2026-09-29/repo/taskpacks/current/WORK-LAB-PRODUCT-UI-CONTROL-SURFACE-TASKCARD-20260925.md,sha256:48da3e749114c5dee9476c301e3f38b378dc6197da1569b9215ac45ac3263cdc,4411,48da3e749114c5dee9476c301e3f38b378dc6197da1569b9215ac45ac3263cdc,95538815,PRESERVED_IN_COMPLETE_ARCHIVE
WL-REC-0035,WL-REC-0035,docs/history/owner-inputs/record-20261009/WORK-LAB-HISTORICAL-RECORDS-20261009.zip,originals/WORK-LAB_MASTER_ATLAS_2026-09-29.zip ! WORK-LAB_MASTER_ATLAS_2026-09-29/repo/taskpacks/current/WORK-LAB-UNIFIED-PRODUCT-CONVERGENCE-TASKPACK-20260918.md,sha256:33e40ca4094ee9e7571ee2b418630c1b29558993ce487e8a21dcf5940cb97bbc,9527,33e40ca4094ee9e7571ee2b418630c1b29558993ce487e8a21dcf5940cb97bbc,e889460c,PRESERVED_IN_COMPLETE_ARCHIVE
WL-REC-0035,WL-REC-0035,docs/history/owner-inputs/record-20261009/WORK-LAB-HISTORICAL-RECORDS-20261009.zip,originals/WORK-LAB_MASTER_ATLAS_2026-09-29.zip ! WORK-LAB_MASTER_ATLAS_2026-09-29/repo/taskpacks/current/WORK-LAB-UNIVERSAL-WORKFLOW-TASKPACK-20260916/CLOSEOUT-HANDOFF-20260916.md,sha256:40c1039b856df2f92ddd97c108c30b9a01c846017930581838b3e9bc20985800,8426,40c1039b856df2f92ddd97c108c30b9a01c846017930581838b3e9bc20985800,a858a485,PRESERVED_IN_COMPLETE_ARCHIVE
WL-REC-0035,WL-REC-0035,docs/history/owner-inputs/record-20261009/WORK-LAB-HISTORICAL-RECORDS-20261009.zip,originals/WORK-LAB_MASTER_ATLAS_2026-09-29.zip ! WORK-LAB_MASTER_ATLAS_2026-09-29/repo/taskpacks/current/WORK-LAB-UNIVERSAL-WORKFLOW-TASKPACK-20260916/EXECUTION_STATUS_LOG.md,sha256:9f7ae871007b223fc9d5cc455b8b8c4a06c3407ebad87cb8814350979fb28d53,22592,9f7ae871007b223fc9d5cc455b8b8c4a06c3407ebad87cb8814350979fb28d53,5fada8f2,PRESERVED_IN_COMPLETE_ARCHIVE
WL-REC-0035,WL-REC-0035,docs/history/owner-inputs/record-20261009/WORK-LAB-HISTORICAL-RECORDS-20261009.zip,originals/WORK-LAB_MASTER_ATLAS_2026-09-29.zip ! WORK-LAB_MASTER_ATLAS_2026-09-29/repo/taskpacks/current/WORK-LAB-UNIVERSAL-WORKFLOW-TASKPACK-20260916/MANIFEST.json,sha256:1b5e4828c1e8078f483d17cfed43d2bc87a2be4c127996d2891036131df79937,1573,1b5e4828c1e8078f483d17cfed43d2bc87a2be4c127996d2891036131df79937,d1614042,PRESERVED_IN_COMPLETE_ARCHIVE
WL-REC-0035,WL-REC-0035,docs/history/owner-inputs/record-20261009/WORK-LAB-HISTORICAL-RECORDS-20261009.zip,originals/WORK-LAB_MASTER_ATLAS_2026-09-29.zip ! WORK-LAB_MASTER_ATLAS_2026-09-29/repo/taskpacks/current/WORK-LAB-UNIVERSAL-WORKFLOW-TASKPACK-20260916/MANIFEST.md,sha256:b9eff92b7d4011263027d107688e3b3327e3b4352dddfcbaf3f12d34a4d96f33,1864,b9eff92b7d4011263027d107688e3b3327e3b4352dddfcbaf3f12d34a4d96f33,62976075,PRESERVED_IN_COMPLETE_ARCHIVE
WL-REC-0035,WL-REC-0035,docs/history/owner-inputs/record-20261009/WORK-LAB-HISTORICAL-RECORDS-20261009.zip,originals/WORK-LAB_MASTER_ATLAS_2026-09-29.zip ! WORK-LAB_MASTER_ATLAS_2026-09-29/repo/taskpacks/current/WORK-LAB-UNIVERSAL-WORKFLOW-TASKPACK-20260916/START-ANY-AGENT.md,sha256:25eb74e4611af76e71a79d3dc4dfe8a52a8915cc0184751974d13be7ba13de78,2920,25eb74e4611af76e71a79d3dc4dfe8a52a8915cc0184751974d13be7ba13de78,97ddaf29,PRESERVED_IN_COMPLETE_ARCHIVE
WL-REC-0035,WL-REC-0035,docs/history/owner-inputs/record-20261009/WORK-LAB-HISTORICAL-RECORDS-20261009.zip,originals/WORK-LAB_MASTER_ATLAS_2026-09-29.zip ! WORK-LAB_MASTER_ATLAS_2026-09-29/repo/taskpacks/current/WORK-LAB-UNIVERSAL-WORKFLOW-TASKPACK-20260916/TASKPACK.md,sha256:dbd5afa14791d83afea1f9655661aa13953fcda38a666ef8ff85c0ea17c097e7,48556,dbd5afa14791d83afea1f9655661aa13953fcda38a666ef8ff85c0ea17c097e7,31724f68,PRESERVED_IN_COMPLETE_ARCHIVE
WL-REC-0035,WL-REC-0035,docs/history/owner-inputs/record-20261009/WORK-LAB-HISTORICAL-RECORDS-20261009.zip,originals/WORK-LAB_MASTER_ATLAS_2026-09-29.zip ! WORK-LAB_MASTER_ATLAS_2026-09-29/repo/taskpacks/current/WORK-LAB-UNIVERSAL-WORKFLOW-TASKPACK-20260916/TASKS.json,sha256:55936880e10a160e98202804571cecee5e51a70f79e0979c7bb5b58f0784d519,98243,55936880e10a160e98202804571cecee5e51a70f79e0979c7bb5b58f0784d519,a4e076d3,PRESERVED_IN_COMPLETE_ARCHIVE
WL-REC-0035,WL-REC-0035,docs/history/owner-inputs/record-20261009/WORK-LAB-HISTORICAL-RECORDS-20261009.zip,originals/WORK-LAB_MASTER_ATLAS_2026-09-29.zip ! WORK-LAB_MASTER_ATLAS_2026-09-29/repo/taskpacks/current/WORK-LAB-UNIVERSAL-WORKFLOW-TASKPACK-20260916/WORK-LAB-FULL-PROJECT-SCOPE-20260916.md,sha256:40dad6fd135d6471dcc25434c8952e09ed4c8be4815ef6f994bdd88125611049,13400,40dad6fd135d6471dcc25434c8952e09ed4c8be4815ef6f994bdd88125611049,2169c7cb,PRESERVED_IN_COMPLETE_ARCHIVE
WL-REC-0035,WL-REC-0035,docs/history/owner-inputs/record-20261009/WORK-LAB-HISTORICAL-RECORDS-20261009.zip,originals/WORK-LAB_MASTER_ATLAS_2026-09-29.zip ! WORK-LAB_MASTER_ATLAS_2026-09-29/repo/taskpacks/current/error-ledger.json,sha256:1052f6f357b93272b7eddb009baced71669183fd675489353012429faabfb269,165229,1052f6f357b93272b7eddb009baced71669183fd675489353012429faabfb269,d3062849,PRESERVED_IN_COMPLETE_ARCHIVE
WL-REC-0035,WL-REC-0035,docs/history/owner-inputs/record-20261009/WORK-LAB-HISTORICAL-RECORDS-20261009.zip,originals/WORK-LAB_MASTER_ATLAS_2026-09-29.zip ! WORK-LAB_MASTER_ATLAS_2026-09-29/reproducibility/build_atlas.py,sha256:843ae0eee30af7bfafd4fde599e08dfbd08d57de8642b683c0c5d337f2788234,90644,843ae0eee30af7bfafd4fde599e08dfbd08d57de8642b683c0c5d337f2788234,d919f322,PRESERVED_IN_COMPLETE_ARCHIVE
WL-REC-0035,WL-REC-0035,docs/history/owner-inputs/record-20261009/WORK-LAB-HISTORICAL-RECORDS-20261009.zip,originals/WORK-LAB_MASTER_ATLAS_2026-09-29.zip ! WORK-LAB_MASTER_ATLAS_2026-09-29/reproducibility/finalize_atlas.py,sha256:5d0975a8e11543d0ed275425169706bc5f32ea73c330fb655154973371afb596,6621,5d0975a8e11543d0ed275425169706bc5f32ea73c330fb655154973371afb596,df72f024,PRESERVED_IN_COMPLETE_ARCHIVE
WL-REC-0035,WL-REC-0035,docs/history/owner-inputs/record-20261009/WORK-LAB-HISTORICAL-RECORDS-20261009.zip,originals/WORK-LAB_MASTER_ATLAS_2026-09-29.zip ! WORK-LAB_MASTER_ATLAS_2026-09-29/research_text/AI Agent 时代基础设施地图：WORK-LAB 与 ArcheAxis Workspace 可执行深度研究报告.md,sha256:373abd4df6624057dfed7885f5ccde33edeeb4b173ff1a9578510641aa5d5e41,62301,373abd4df6624057dfed7885f5ccde33edeeb4b173ff1a9578510641aa5d5e41,dac1488d,PRESERVED_IN_COMPLETE_ARCHIVE
WL-REC-0035,WL-REC-0035,docs/history/owner-inputs/record-20261009/WORK-LAB-HISTORICAL-RECORDS-20261009.zip,originals/WORK-LAB_MASTER_ATLAS_2026-09-29.zip ! WORK-LAB_MASTER_ATLAS_2026-09-29/research_text/WORK-LAB 云端 `main` 全量治理审计报告.md,sha256:927c9c461a83e47db763c6ff22ed1eccf359b481770f9956e1705bca643d9841,50650,927c9c461a83e47db763c6ff22ed1eccf359b481770f9956e1705bca643d9841,2490cc17,PRESERVED_IN_COMPLETE_ARCHIVE
WL-REC-0035,WL-REC-0035,docs/history/owner-inputs/record-20261009/WORK-LAB-HISTORICAL-RECORDS-20261009.zip,originals/WORK-LAB_MASTER_ATLAS_2026-09-29.zip ! WORK-LAB_MASTER_ATLAS_2026-09-29/research_text/WORK-LAB 云端审计与 Observer 全量重构架构报告.md,sha256:5813056e50cb54f3c5e6830414bc625768c10ca11a9b5cffdbdbf3ff7c16a168,68745,5813056e50cb54f3c5e6830414bc625768c10ca11a9b5cffdbdbf3ff7c16a168,9cfb5ed7,PRESERVED_IN_COMPLETE_ARCHIVE
WL-REC-0035,WL-REC-0035,docs/history/owner-inputs/record-20261009/WORK-LAB-HISTORICAL-RECORDS-20261009.zip,originals/WORK-LAB_MASTER_ATLAS_2026-09-29.zip ! WORK-LAB_MASTER_ATLAS_2026-09-29/research_text/WORK-LAB 全套全局配置与成熟 AI 开发工作流研究报告.md,sha256:d06a9ad143f09bb2cedd99b89599ac01380f3aa5c662921c0347fcaf706627ce,49903,d06a9ad143f09bb2cedd99b89599ac01380f3aa5c662921c0347fcaf706627ce,7db9d289,PRESERVED_IN_COMPLETE_ARCHIVE
WL-REC-0035,WL-REC-0035,docs/history/owner-inputs/record-20261009/WORK-LAB-HISTORICAL-RECORDS-20261009.zip,originals/WORK-LAB_MASTER_ATLAS_2026-09-29.zip ! WORK-LAB_MASTER_ATLAS_2026-09-29/research_text/WORK-LAB 项目最终方案.md,sha256:d11357f5d07fd8e4379ca8b3101f7779758f27873e914f0c2507469af8818d69,24564,d11357f5d07fd8e4379ca8b3101f7779758f27873e914f0c2507469af8818d69,f9b784fd,PRESERVED_IN_COMPLETE_ARCHIVE
WL-REC-0035,WL-REC-0035,docs/history/owner-inputs/record-20261009/WORK-LAB-HISTORICAL-RECORDS-20261009.zip,originals/WORK-LAB_MASTER_ATLAS_2026-09-29.zip ! WORK-LAB_MASTER_ATLAS_2026-09-29/research_text/三项目 AI 原生桌面工作台与运行闭环研究报告.md,sha256:4c63d391907803a8c402c2c1ea7718648cd98b35b7eccefad81713ddbb93cb77,52631,4c63d391907803a8c402c2c1ea7718648cd98b35b7eccefad81713ddbb93cb77,795c57ea,PRESERVED_IN_COMPLETE_ARCHIVE
WL-REC-0035,WL-REC-0035,docs/history/owner-inputs/record-20261009/WORK-LAB-HISTORICAL-RECORDS-20261009.zip,originals/WORK-LAB_MASTER_ATLAS_2026-09-29.zip ! WORK-LAB_MASTER_ATLAS_2026-09-29/research_text/三项目定位、总体蓝图与 DSH 闭环架构研究报告.md,sha256:54f63228fb7782550e6919c8acec54b192ac4cbd8c9ca8145e0b5d73e7a8235f,24936,54f63228fb7782550e6919c8acec54b192ac4cbd8c9ca8145e0b5d73e7a8235f,35f9d769,PRESERVED_IN_COMPLETE_ARCHIVE
WL-REC-0035,WL-REC-0035,docs/history/owner-inputs/record-20261009/WORK-LAB-HISTORICAL-RECORDS-20261009.zip,originals/WORK-LAB_MASTER_ATLAS_2026-09-29.zip ! WORK-LAB_MASTER_ATLAS_2026-09-29/sources/01-WORK-LAB-DEEPENED-TASKPACK.md,sha256:695e50417602ea21fd23585720259a5e4cfa2dfbd636c1ae8822b3683eca21df,11493,695e50417602ea21fd23585720259a5e4cfa2dfbd636c1ae8822b3683eca21df,200984ec,PRESERVED_IN_COMPLETE_ARCHIVE
WL-REC-0035,WL-REC-0035,docs/history/owner-inputs/record-20261009/WORK-LAB-HISTORICAL-RECORDS-20261009.zip,originals/WORK-LAB_MASTER_ATLAS_2026-09-29.zip ! WORK-LAB_MASTER_ATLAS_2026-09-29/sources/01_WORK-LAB_UI开发提示词_CODEX.md,sha256:bb2d878acced290db3540e452d3d42652235f5bfb29a75cd92dc7ac9f12f7360,8085,bb2d878acced290db3540e452d3d42652235f5bfb29a75cd92dc7ac9f12f7360,c96b0058,PRESERVED_IN_COMPLETE_ARCHIVE
WL-REC-0035,WL-REC-0035,docs/history/owner-inputs/record-20261009/WORK-LAB-HISTORICAL-RECORDS-20261009.zip,originals/WORK-LAB_MASTER_ATLAS_2026-09-29.zip ! WORK-LAB_MASTER_ATLAS_2026-09-29/sources/07_WORK-LAB_工作区接入交接.md,sha256:b1c47df063472b87953e039c5d562363cbed3b23064c28290c05f04643277a20,4003,b1c47df063472b87953e039c5d562363cbed3b23064c28290c05f04643277a20,3d1e1875,PRESERVED_IN_COMPLETE_ARCHIVE
WL-REC-0035,WL-REC-0035,docs/history/owner-inputs/record-20261009/WORK-LAB-HISTORICAL-RECORDS-20261009.zip,originals/WORK-LAB_MASTER_ATLAS_2026-09-29.zip ! WORK-LAB_MASTER_ATLAS_2026-09-29/sources/AI Agent 时代基础设施地图：WORK-LAB 与 ArcheAxis Workspace 可执行深度研究报告,sha256:de776c0f3cee8df8760865eceb78d28a23d10dcaef2abb604b608ad4552bd52a,455735,de776c0f3cee8df8760865eceb78d28a23d10dcaef2abb604b608ad4552bd52a,a217635f,PRESERVED_IN_COMPLETE_ARCHIVE
WL-REC-0035,WL-REC-0035,docs/history/owner-inputs/record-20261009/WORK-LAB-HISTORICAL-RECORDS-20261009.zip,originals/WORK-LAB_MASTER_ATLAS_2026-09-29.zip ! WORK-LAB_MASTER_ATLAS_2026-09-29/sources/ArcheAxis/粘贴的文本 (1)(1).txt,sha256:c0efaef05c3ecab947a0ac833617dfb8b155ee3ec92db9769fc997d816e47be2,35595,c0efaef05c3ecab947a0ac833617dfb8b155ee3ec92db9769fc997d816e47be2,c82c6e3f,PRESERVED_IN_COMPLETE_ARCHIVE
WL-REC-0035,WL-REC-0035,docs/history/owner-inputs/record-20261009/WORK-LAB-HISTORICAL-RECORDS-20261009.zip,originals/WORK-LAB_MASTER_ATLAS_2026-09-29.zip ! WORK-LAB_MASTER_ATLAS_2026-09-29/sources/ArcheAxis_WORK-LAB_DESIGN-LAB_研究生态汇总包_2026-09-15.zip,sha256:7b994ceb68bac09016efd779946f1756782265a6874891c5630106395ef6f61f,131351,7b994ceb68bac09016efd779946f1756782265a6874891c5630106395ef6f61f,79e6d2a1,PRESERVED_IN_COMPLETE_ARCHIVE
WL-REC-0035,WL-REC-0035,docs/history/owner-inputs/record-20261009/WORK-LAB-HISTORICAL-RECORDS-20261009.zip,originals/WORK-LAB_MASTER_ATLAS_2026-09-29.zip ! WORK-LAB_MASTER_ATLAS_2026-09-29/sources/ArcheAxis_WORK-LAB_DESIGN-LAB_研究生态汇总包_2026-09-15.zip ! ArcheAxis_WORK-LAB_DESIGN-LAB_研究生态汇总包_2026-09-15/00_先读说明.md,sha256:734f45ec7a8558825ee66210c47b89bb7541c8032605bc77ba5604860275203d,3542,734f45ec7a8558825ee66210c47b89bb7541c8032605bc77ba5604860275203d,13541add,PRESERVED_IN_COMPLETE_ARCHIVE
WL-REC-0035,WL-REC-0035,docs/history/owner-inputs/record-20261009/WORK-LAB-HISTORICAL-RECORDS-20261009.zip,originals/WORK-LAB_MASTER_ATLAS_2026-09-29.zip ! WORK-LAB_MASTER_ATLAS_2026-09-29/sources/ArcheAxis_WORK-LAB_DESIGN-LAB_研究生态汇总包_2026-09-15.zip ! ArcheAxis_WORK-LAB_DESIGN-LAB_研究生态汇总包_2026-09-15/01_证据与候选/事实复核与更正.md,sha256:3f028011f202c8743702d2b2dd49d6cf984886c57299f80f82860bb53e3e88e4,4062,3f028011f202c8743702d2b2dd49d6cf984886c57299f80f82860bb53e3e88e4,4ffcc4bd,PRESERVED_IN_COMPLETE_ARCHIVE
WL-REC-0035,WL-REC-0035,docs/history/owner-inputs/record-20261009/WORK-LAB-HISTORICAL-RECORDS-20261009.zip,originals/WORK-LAB_MASTER_ATLAS_2026-09-29.zip ! WORK-LAB_MASTER_ATLAS_2026-09-29/sources/ArcheAxis_WORK-LAB_DESIGN-LAB_研究生态汇总包_2026-09-15.zip ! ArcheAxis_WORK-LAB_DESIGN-LAB_研究生态汇总包_2026-09-15/01_证据与候选/候选台账.json,sha256:7c0ef6883594aa429316180dcd234ce7f11c692bf612b53c0ee2eb120c950010,16956,7c0ef6883594aa429316180dcd234ce7f11c692bf612b53c0ee2eb120c950010,eb8b7c06,PRESERVED_IN_COMPLETE_ARCHIVE
WL-REC-0035,WL-REC-0035,docs/history/owner-inputs/record-20261009/WORK-LAB-HISTORICAL-RECORDS-20261009.zip,originals/WORK-LAB_MASTER_ATLAS_2026-09-29.zip ! WORK-LAB_MASTER_ATLAS_2026-09-29/sources/ArcheAxis_WORK-LAB_DESIGN-LAB_研究生态汇总包_2026-09-15.zip ! ArcheAxis_WORK-LAB_DESIGN-LAB_研究生态汇总包_2026-09-15/01_证据与候选/候选总表.md,sha256:4367cd83aad9a4d60f272419a970367379577e23ff58dff1f6086cbb919605c8,10719,4367cd83aad9a4d60f272419a970367379577e23ff58dff1f6086cbb919605c8,62c87077,PRESERVED_IN_COMPLETE_ARCHIVE
WL-REC-0035,WL-REC-0035,docs/history/owner-inputs/record-20261009/WORK-LAB-HISTORICAL-RECORDS-20261009.zip,originals/WORK-LAB_MASTER_ATLAS_2026-09-29.zip ! WORK-LAB_MASTER_ATLAS_2026-09-29/sources/ArcheAxis_WORK-LAB_DESIGN-LAB_研究生态汇总包_2026-09-15.zip ! ArcheAxis_WORK-LAB_DESIGN-LAB_研究生态汇总包_2026-09-15/01_证据与候选/更正台账.json,sha256:a627da160c76b66de7ffcc977ab2fae75fde716a5d71942f55ed6e4b803c892b,5652,a627da160c76b66de7ffcc977ab2fae75fde716a5d71942f55ed6e4b803c892b,261b4562,PRESERVED_IN_COMPLETE_ARCHIVE
WL-REC-0035,WL-REC-0035,docs/history/owner-inputs/record-20261009/WORK-LAB-HISTORICAL-RECORDS-20261009.zip,originals/WORK-LAB_MASTER_ATLAS_2026-09-29.zip ! WORK-LAB_MASTER_ATLAS_2026-09-29/sources/ArcheAxis_WORK-LAB_DESIGN-LAB_研究生态汇总包_2026-09-15.zip ! ArcheAxis_WORK-LAB_DESIGN-LAB_研究生态汇总包_2026-09-15/01_证据与候选/来源索引.json,sha256:dd567553f99595fbef2033bbbcb3a0975e59652319f66233ae6ed1fa69483c14,18081,dd567553f99595fbef2033bbbcb3a0975e59652319f66233ae6ed1fa69483c14,2aa7d0e0,PRESERVED_IN_COMPLETE_ARCHIVE
WL-REC-0035,WL-REC-0035,docs/history/owner-inputs/record-20261009/WORK-LAB-HISTORICAL-RECORDS-20261009.zip,originals/WORK-LAB_MASTER_ATLAS_2026-09-29.zip ! WORK-LAB_MASTER_ATLAS_2026-09-29/sources/ArcheAxis_WORK-LAB_DESIGN-LAB_研究生态汇总包_2026-09-15.zip ! ArcheAxis_WORK-LAB_DESIGN-LAB_研究生态汇总包_2026-09-15/01_证据与候选/来源索引.md,sha256:ae22a09ff49572c717adb066183273ca922a2ea06e045dd0bae6840d358144e9,13209,ae22a09ff49572c717adb066183273ca922a2ea06e045dd0bae6840d358144e9,b7a6ccef,PRESERVED_IN_COMPLETE_ARCHIVE
WL-REC-0035,WL-REC-0035,docs/history/owner-inputs/record-20261009/WORK-LAB-HISTORICAL-RECORDS-20261009.zip,originals/WORK-LAB_MASTER_ATLAS_2026-09-29.zip ! WORK-LAB_MASTER_ATLAS_2026-09-29/sources/ArcheAxis_WORK-LAB_DESIGN-LAB_研究生态汇总包_2026-09-15.zip ! ArcheAxis_WORK-LAB_DESIGN-LAB_研究生态汇总包_2026-09-15/01_证据与候选/标准协议基线.json,sha256:1111c4f20fb669cd0193f9f3c04446f7c3ca2d94c7ae7d49308d5e736d59a252,3835,1111c4f20fb669cd0193f9f3c04446f7c3ca2d94c7ae7d49308d5e736d59a252,00af578d,PRESERVED_IN_COMPLETE_ARCHIVE
WL-REC-0035,WL-REC-0035,docs/history/owner-inputs/record-20261009/WORK-LAB-HISTORICAL-RECORDS-20261009.zip,originals/WORK-LAB_MASTER_ATLAS_2026-09-29.zip ! WORK-LAB_MASTER_ATLAS_2026-09-29/sources/ArcheAxis_WORK-LAB_DESIGN-LAB_研究生态汇总包_2026-09-15.zip ! ArcheAxis_WORK-LAB_DESIGN-LAB_研究生态汇总包_2026-09-15/01_证据与候选/标准协议基线.md,sha256:bf779c0e845621c6f641097ef34c6ab7bb050cde69d94c3e049ba0db62817566,4532,bf779c0e845621c6f641097ef34c6ab7bb050cde69d94c3e049ba0db62817566,9d4ba953,PRESERVED_IN_COMPLETE_ARCHIVE
WL-REC-0035,WL-REC-0035,docs/history/owner-inputs/record-20261009/WORK-LAB-HISTORICAL-RECORDS-20261009.zip,originals/WORK-LAB_MASTER_ATLAS_2026-09-29.zip ! WORK-LAB_MASTER_ATLAS_2026-09-29/sources/ArcheAxis_WORK-LAB_DESIGN-LAB_研究生态汇总包_2026-09-15.zip ! ArcheAxis_WORK-LAB_DESIGN-LAB_研究生态汇总包_2026-09-15/01_证据与候选/趋势信号.md,sha256:5d94b14789bb421414f4907aaa0ed1e27727c1056b9f73d3044bff750c517554,2585,5d94b14789bb421414f4907aaa0ed1e27727c1056b9f73d3044bff750c517554,2c787333,PRESERVED_IN_COMPLETE_ARCHIVE
WL-REC-0035,WL-REC-0035,docs/history/owner-inputs/record-20261009/WORK-LAB-HISTORICAL-RECORDS-20261009.zip,originals/WORK-LAB_MASTER_ATLAS_2026-09-29.zip ! WORK-LAB_MASTER_ATLAS_2026-09-29/sources/ArcheAxis_WORK-LAB_DESIGN-LAB_研究生态汇总包_2026-09-15.zip ! ArcheAxis_WORK-LAB_DESIGN-LAB_研究生态汇总包_2026-09-15/01_证据与候选/趋势台账.json,sha256:7802327d1fb2d0323d7b9ac089cf0a27565282da28b6fbddc7bc71765ca97b37,2739,7802327d1fb2d0323d7b9ac089cf0a27565282da28b6fbddc7bc71765ca97b37,b85504e3,PRESERVED_IN_COMPLETE_ARCHIVE
WL-REC-0035,WL-REC-0035,docs/history/owner-inputs/record-20261009/WORK-LAB-HISTORICAL-RECORDS-20261009.zip,originals/WORK-LAB_MASTER_ATLAS_2026-09-29.zip ! WORK-LAB_MASTER_ATLAS_2026-09-29/sources/ArcheAxis_WORK-LAB_DESIGN-LAB_研究生态汇总包_2026-09-15.zip ! ArcheAxis_WORK-LAB_DESIGN-LAB_研究生态汇总包_2026-09-15/02_项目任务包/ArcheAxis/TASKS.json,sha256:f8abb199028a64b2ceb6e6834412c59c35da9ecf9ec75e64184253a893d6054a,13421,f8abb199028a64b2ceb6e6834412c59c35da9ecf9ec75e64184253a893d6054a,3b3acb8f,PRESERVED_IN_COMPLETE_ARCHIVE
WL-REC-0035,WL-REC-0035,docs/history/owner-inputs/record-20261009/WORK-LAB-HISTORICAL-RECORDS-20261009.zip,originals/WORK-LAB_MASTER_ATLAS_2026-09-29.zip ! WORK-LAB_MASTER_ATLAS_2026-09-29/sources/ArcheAxis_WORK-LAB_DESIGN-LAB_研究生态汇总包_2026-09-15.zip ! ArcheAxis_WORK-LAB_DESIGN-LAB_研究生态汇总包_2026-09-15/02_项目任务包/ArcheAxis/TaskPack.md,sha256:e3efd51ce76d02c63666f90d3a8d1e7294be268ef5de6d51477b60d50f8a0c40,10169,e3efd51ce76d02c63666f90d3a8d1e7294be268ef5de6d51477b60d50f8a0c40,d8b3a6c1,PRESERVED_IN_COMPLETE_ARCHIVE
WL-REC-0035,WL-REC-0035,docs/history/owner-inputs/record-20261009/WORK-LAB-HISTORICAL-RECORDS-20261009.zip,originals/WORK-LAB_MASTER_ATLAS_2026-09-29.zip ! WORK-LAB_MASTER_ATLAS_2026-09-29/sources/ArcheAxis_WORK-LAB_DESIGN-LAB_研究生态汇总包_2026-09-15.zip ! ArcheAxis_WORK-LAB_DESIGN-LAB_研究生态汇总包_2026-09-15/02_项目任务包/ArcheAxis/交接提示词.md,sha256:e042fd18b3af5840532ae965f069f39c47732c30ec9ba79a4f66794a7a0afed1,1536,e042fd18b3af5840532ae965f069f39c47732c30ec9ba79a4f66794a7a0afed1,84c77ed4,PRESERVED_IN_COMPLETE_ARCHIVE
WL-REC-0035,WL-REC-0035,docs/history/owner-inputs/record-20261009/WORK-LAB-HISTORICAL-RECORDS-20261009.zip,originals/WORK-LAB_MASTER_ATLAS_2026-09-29.zip ! WORK-LAB_MASTER_ATLAS_2026-09-29/sources/ArcheAxis_WORK-LAB_DESIGN-LAB_研究生态汇总包_2026-09-15.zip ! ArcheAxis_WORK-LAB_DESIGN-LAB_研究生态汇总包_2026-09-15/02_项目任务包/DESIGN-LAB/TASKS.json,sha256:aa49ff325c4f8b5dc8536f241808932096bf6db009c706239160e4ab7038a1a4,11263,aa49ff325c4f8b5dc8536f241808932096bf6db009c706239160e4ab7038a1a4,a94850ab,PRESERVED_IN_COMPLETE_ARCHIVE
WL-REC-0035,WL-REC-0035,docs/history/owner-inputs/record-20261009/WORK-LAB-HISTORICAL-RECORDS-20261009.zip,originals/WORK-LAB_MASTER_ATLAS_2026-09-29.zip ! WORK-LAB_MASTER_ATLAS_2026-09-29/sources/ArcheAxis_WORK-LAB_DESIGN-LAB_研究生态汇总包_2026-09-15.zip ! ArcheAxis_WORK-LAB_DESIGN-LAB_研究生态汇总包_2026-09-15/02_项目任务包/DESIGN-LAB/TaskPack.md,sha256:c2e903f6275ee86e5bf9c1f24787206f8d4888cab2201bb23f30ed6d84f32752,8657,c2e903f6275ee86e5bf9c1f24787206f8d4888cab2201bb23f30ed6d84f32752,28c3799a,PRESERVED_IN_COMPLETE_ARCHIVE
WL-REC-0035,WL-REC-0035,docs/history/owner-inputs/record-20261009/WORK-LAB-HISTORICAL-RECORDS-20261009.zip,originals/WORK-LAB_MASTER_ATLAS_2026-09-29.zip ! WORK-LAB_MASTER_ATLAS_2026-09-29/sources/ArcheAxis_WORK-LAB_DESIGN-LAB_研究生态汇总包_2026-09-15.zip ! ArcheAxis_WORK-LAB_DESIGN-LAB_研究生态汇总包_2026-09-15/02_项目任务包/DESIGN-LAB/交接提示词.md,sha256:f3f7fe182ebb421617fb945308da40d3d104ab1e742fd66414b813439021814b,1539,f3f7fe182ebb421617fb945308da40d3d104ab1e742fd66414b813439021814b,6d811682,PRESERVED_IN_COMPLETE_ARCHIVE
WL-REC-0035,WL-REC-0035,docs/history/owner-inputs/record-20261009/WORK-LAB-HISTORICAL-RECORDS-20261009.zip,originals/WORK-LAB_MASTER_ATLAS_2026-09-29.zip ! WORK-LAB_MASTER_ATLAS_2026-09-29/sources/ArcheAxis_WORK-LAB_DESIGN-LAB_研究生态汇总包_2026-09-15.zip ! ArcheAxis_WORK-LAB_DESIGN-LAB_研究生态汇总包_2026-09-15/02_项目任务包/WORK-LAB/TASKS.json,sha256:bfc11f99b216fa3a19c3b9bb3a6f3722d7c144eab932c1f9a7aa04f36ab74c76,19376,bfc11f99b216fa3a19c3b9bb3a6f3722d7c144eab932c1f9a7aa04f36ab74c76,a453cfce,PRESERVED_IN_COMPLETE_ARCHIVE
WL-REC-0035,WL-REC-0035,docs/history/owner-inputs/record-20261009/WORK-LAB-HISTORICAL-RECORDS-20261009.zip,originals/WORK-LAB_MASTER_ATLAS_2026-09-29.zip ! WORK-LAB_MASTER_ATLAS_2026-09-29/sources/ArcheAxis_WORK-LAB_DESIGN-LAB_研究生态汇总包_2026-09-15.zip ! ArcheAxis_WORK-LAB_DESIGN-LAB_研究生态汇总包_2026-09-15/02_项目任务包/WORK-LAB/TaskPack.md,sha256:00b154a7a428f4bd36eec2c93169525dabf14f335bcab15d724c3ae70a93b835,14145,00b154a7a428f4bd36eec2c93169525dabf14f335bcab15d724c3ae70a93b835,c79dbcc5,PRESERVED_IN_COMPLETE_ARCHIVE
WL-REC-0035,WL-REC-0035,docs/history/owner-inputs/record-20261009/WORK-LAB-HISTORICAL-RECORDS-20261009.zip,originals/WORK-LAB_MASTER_ATLAS_2026-09-29.zip ! WORK-LAB_MASTER_ATLAS_2026-09-29/sources/ArcheAxis_WORK-LAB_DESIGN-LAB_研究生态汇总包_2026-09-15.zip ! ArcheAxis_WORK-LAB_DESIGN-LAB_研究生态汇总包_2026-09-15/02_项目任务包/WORK-LAB/交接提示词.md,sha256:e54e267f48941c50eb7a4d7e6e3ebebade84ebdd9843605101b8239324ad7f45,1533,e54e267f48941c50eb7a4d7e6e3ebebade84ebdd9843605101b8239324ad7f45,0106bb0e,PRESERVED_IN_COMPLETE_ARCHIVE
WL-REC-0035,WL-REC-0035,docs/history/owner-inputs/record-20261009/WORK-LAB-HISTORICAL-RECORDS-20261009.zip,originals/WORK-LAB_MASTER_ATLAS_2026-09-29.zip ! WORK-LAB_MASTER_ATLAS_2026-09-29/sources/ArcheAxis_WORK-LAB_DESIGN-LAB_研究生态汇总包_2026-09-15.zip ! ArcheAxis_WORK-LAB_DESIGN-LAB_研究生态汇总包_2026-09-15/02_项目任务包/总任务索引.json,sha256:9011275f73f6689f4662fa4f307c307906f045de634f0199a06e6e0180ad8756,43540,9011275f73f6689f4662fa4f307c307906f045de634f0199a06e6e0180ad8756,27de5329,PRESERVED_IN_COMPLETE_ARCHIVE
WL-REC-0035,WL-REC-0035,docs/history/owner-inputs/record-20261009/WORK-LAB-HISTORICAL-RECORDS-20261009.zip,originals/WORK-LAB_MASTER_ATLAS_2026-09-29.zip ! WORK-LAB_MASTER_ATLAS_2026-09-29/sources/ArcheAxis_WORK-LAB_DESIGN-LAB_研究生态汇总包_2026-09-15.zip ! ArcheAxis_WORK-LAB_DESIGN-LAB_研究生态汇总包_2026-09-15/03_执行与验收/候选晋级模板.json,sha256:25e78c8f6b85ff5a093b9f1293ccb2635dfc71a45bd68bef9e94c4323b7c6136,481,25e78c8f6b85ff5a093b9f1293ccb2635dfc71a45bd68bef9e94c4323b7c6136,b5018b46,PRESERVED_IN_COMPLETE_ARCHIVE
WL-REC-0035,WL-REC-0035,docs/history/owner-inputs/record-20261009/WORK-LAB-HISTORICAL-RECORDS-20261009.zip,originals/WORK-LAB_MASTER_ATLAS_2026-09-29.zip ! WORK-LAB_MASTER_ATLAS_2026-09-29/sources/ArcheAxis_WORK-LAB_DESIGN-LAB_研究生态汇总包_2026-09-15.zip ! ArcheAxis_WORK-LAB_DESIGN-LAB_研究生态汇总包_2026-09-15/03_执行与验收/执行门禁与项目边界.md,sha256:171df6e0d3424bf954c795efa38aa257099a1bdfeff3bded35c8f5dcacf0c859,3547,171df6e0d3424bf954c795efa38aa257099a1bdfeff3bded35c8f5dcacf0c859,f19878c0,PRESERVED_IN_COMPLETE_ARCHIVE
WL-REC-0035,WL-REC-0035,docs/history/owner-inputs/record-20261009/WORK-LAB-HISTORICAL-RECORDS-20261009.zip,originals/WORK-LAB_MASTER_ATLAS_2026-09-29.zip ! WORK-LAB_MASTER_ATLAS_2026-09-29/sources/ArcheAxis_WORK-LAB_DESIGN-LAB_研究生态汇总包_2026-09-15.zip ! ArcheAxis_WORK-LAB_DESIGN-LAB_研究生态汇总包_2026-09-15/03_执行与验收/概念验证与验收设计.md,sha256:d6707c6e5fd661cef9b462470b6af19583419f5ce463bc014328a96eebd37228,6823,d6707c6e5fd661cef9b462470b6af19583419f5ce463bc014328a96eebd37228,8b0f5a0e,PRESERVED_IN_COMPLETE_ARCHIVE
WL-REC-0035,WL-REC-0035,docs/history/owner-inputs/record-20261009/WORK-LAB-HISTORICAL-RECORDS-20261009.zip,originals/WORK-LAB_MASTER_ATLAS_2026-09-29.zip ! WORK-LAB_MASTER_ATLAS_2026-09-29/sources/ArcheAxis_WORK-LAB_DESIGN-LAB_研究生态汇总包_2026-09-15.zip ! ArcheAxis_WORK-LAB_DESIGN-LAB_研究生态汇总包_2026-09-15/03_执行与验收/运行证据模板.json,sha256:640b3a53574f7f2eee25659039af078eeb0b32f08f3693aef5faf64b2572b093,992,640b3a53574f7f2eee25659039af078eeb0b32f08f3693aef5faf64b2572b093,6d78c5db,PRESERVED_IN_COMPLETE_ARCHIVE
WL-REC-0035,WL-REC-0035,docs/history/owner-inputs/record-20261009/WORK-LAB-HISTORICAL-RECORDS-20261009.zip,originals/WORK-LAB_MASTER_ATLAS_2026-09-29.zip ! WORK-LAB_MASTER_ATLAS_2026-09-29/sources/ArcheAxis_WORK-LAB_DESIGN-LAB_研究生态汇总包_2026-09-15.zip ! ArcheAxis_WORK-LAB_DESIGN-LAB_研究生态汇总包_2026-09-15/04_监控规则/中文监控规约.md,sha256:6728b09fa62e928f8bb08651464011ed7c748d1781b7dcd841b0c6cfecfa7fd6,3846,6728b09fa62e928f8bb08651464011ed7c748d1781b7dcd841b0c6cfecfa7fd6,f1172081,PRESERVED_IN_COMPLETE_ARCHIVE
WL-REC-0035,WL-REC-0035,docs/history/owner-inputs/record-20261009/WORK-LAB-HISTORICAL-RECORDS-20261009.zip,originals/WORK-LAB_MASTER_ATLAS_2026-09-29.zip ! WORK-LAB_MASTER_ATLAS_2026-09-29/sources/ArcheAxis_WORK-LAB_DESIGN-LAB_研究生态汇总包_2026-09-15.zip ! ArcheAxis_WORK-LAB_DESIGN-LAB_研究生态汇总包_2026-09-15/04_监控规则/历史差分基线.json,sha256:69ae20f1b61d473af91b2401981ce7064e06495eca65685107dd1b53ad8ddb22,6449,69ae20f1b61d473af91b2401981ce7064e06495eca65685107dd1b53ad8ddb22,2e93918d,PRESERVED_IN_COMPLETE_ARCHIVE
WL-REC-0035,WL-REC-0035,docs/history/owner-inputs/record-20261009/WORK-LAB-HISTORICAL-RECORDS-20261009.zip,originals/WORK-LAB_MASTER_ATLAS_2026-09-29.zip ! WORK-LAB_MASTER_ATLAS_2026-09-29/sources/ArcheAxis_WORK-LAB_DESIGN-LAB_研究生态汇总包_2026-09-15.zip ! ArcheAxis_WORK-LAB_DESIGN-LAB_研究生态汇总包_2026-09-15/04_监控规则/来源范围与覆盖缺口.md,sha256:d7f5f8c68b11617114d6e78e81c94ffec16c30e59817e88553197e444cfc95e0,4097,d7f5f8c68b11617114d6e78e81c94ffec16c30e59817e88553197e444cfc95e0,97e81961,PRESERVED_IN_COMPLETE_ARCHIVE
WL-REC-0035,WL-REC-0035,docs/history/owner-inputs/record-20261009/WORK-LAB-HISTORICAL-RECORDS-20261009.zip,originals/WORK-LAB_MASTER_ATLAS_2026-09-29.zip ! WORK-LAB_MASTER_ATLAS_2026-09-29/sources/ArcheAxis_WORK-LAB_DESIGN-LAB_研究生态汇总包_2026-09-15.zip ! ArcheAxis_WORK-LAB_DESIGN-LAB_研究生态汇总包_2026-09-15/04_监控规则/覆盖队列.json,sha256:9773963f35f24e6acca3e0a79b38700be9873a8c9a984517853d4dcd42520db8,3942,9773963f35f24e6acca3e0a79b38700be9873a8c9a984517853d4dcd42520db8,e38c8c9d,PRESERVED_IN_COMPLETE_ARCHIVE
WL-REC-0035,WL-REC-0035,docs/history/owner-inputs/record-20261009/WORK-LAB-HISTORICAL-RECORDS-20261009.zip,originals/WORK-LAB_MASTER_ATLAS_2026-09-29.zip ! WORK-LAB_MASTER_ATLAS_2026-09-29/sources/ArcheAxis_WORK-LAB_DESIGN-LAB_研究生态汇总包_2026-09-15.zip ! ArcheAxis_WORK-LAB_DESIGN-LAB_研究生态汇总包_2026-09-15/05_校验/verify_package.py,sha256:dff950302e1b66347a53d259adf933d7e2ae308bae0e018c6bc3518b13d42b5c,7985,dff950302e1b66347a53d259adf933d7e2ae308bae0e018c6bc3518b13d42b5c,636b4975,PRESERVED_IN_COMPLETE_ARCHIVE
WL-REC-0035,WL-REC-0035,docs/history/owner-inputs/record-20261009/WORK-LAB-HISTORICAL-RECORDS-20261009.zip,originals/WORK-LAB_MASTER_ATLAS_2026-09-29.zip ! WORK-LAB_MASTER_ATLAS_2026-09-29/sources/ArcheAxis_WORK-LAB_DESIGN-LAB_研究生态汇总包_2026-09-15.zip ! ArcheAxis_WORK-LAB_DESIGN-LAB_研究生态汇总包_2026-09-15/05_校验/使用说明.md,sha256:8a0d45bcffb63ff40f7a320c7afc1404c0834e6a25ee2e40039411ac257db175,1116,8a0d45bcffb63ff40f7a320c7afc1404c0834e6a25ee2e40039411ac257db175,32488f99,PRESERVED_IN_COMPLETE_ARCHIVE
WL-REC-0035,WL-REC-0035,docs/history/owner-inputs/record-20261009/WORK-LAB-HISTORICAL-RECORDS-20261009.zip,originals/WORK-LAB_MASTER_ATLAS_2026-09-29.zip ! WORK-LAB_MASTER_ATLAS_2026-09-29/sources/ArcheAxis_WORK-LAB_DESIGN-LAB_研究生态汇总包_2026-09-15.zip ! ArcheAxis_WORK-LAB_DESIGN-LAB_研究生态汇总包_2026-09-15/05_校验/校验报告.md,sha256:dc670bcb956e75fc421376ec01d5f3c3a1c63264889f71bcc4a76e6439abb0bf,941,dc670bcb956e75fc421376ec01d5f3c3a1c63264889f71bcc4a76e6439abb0bf,7e14e63a,PRESERVED_IN_COMPLETE_ARCHIVE
WL-REC-0035,WL-REC-0035,docs/history/owner-inputs/record-20261009/WORK-LAB-HISTORICAL-RECORDS-20261009.zip,originals/WORK-LAB_MASTER_ATLAS_2026-09-29.zip ! WORK-LAB_MASTER_ATLAS_2026-09-29/sources/ArcheAxis_WORK-LAB_DESIGN-LAB_研究生态汇总包_2026-09-15.zip ! ArcheAxis_WORK-LAB_DESIGN-LAB_研究生态汇总包_2026-09-15/总览.html,sha256:42f1ff69180316567fc291f1bc6cb9a231272fd3606b6f0fa6efd905b7417b91,58444,42f1ff69180316567fc291f1bc6cb9a231272fd3606b6f0fa6efd905b7417b91,332f5430,PRESERVED_IN_COMPLETE_ARCHIVE
WL-REC-0035,WL-REC-0035,docs/history/owner-inputs/record-20261009/WORK-LAB-HISTORICAL-RECORDS-20261009.zip,originals/WORK-LAB_MASTER_ATLAS_2026-09-29.zip ! WORK-LAB_MASTER_ATLAS_2026-09-29/sources/ArcheAxis_WORK-LAB_DESIGN-LAB_研究生态汇总包_2026-09-15.zip ! ArcheAxis_WORK-LAB_DESIGN-LAB_研究生态汇总包_2026-09-15/文件清单.json,sha256:fbe3477fca38a5df8a4b0e2a75a061ee2985e9a8b1f9e76019edc37551c66d96,6343,fbe3477fca38a5df8a4b0e2a75a061ee2985e9a8b1f9e76019edc37551c66d96,d03ae730,PRESERVED_IN_COMPLETE_ARCHIVE
WL-REC-0035,WL-REC-0035,docs/history/owner-inputs/record-20261009/WORK-LAB-HISTORICAL-RECORDS-20261009.zip,originals/WORK-LAB_MASTER_ATLAS_2026-09-29.zip ! WORK-LAB_MASTER_ATLAS_2026-09-29/sources/ArcheAxis_WORK-LAB_DESIGN-LAB_研究生态汇总包_2026-09-15.zip ! ArcheAxis_WORK-LAB_DESIGN-LAB_研究生态汇总包_2026-09-15/汇总报告.md,sha256:87013dc5da7652c3dbcea17373596804a3384589cde6776cd16b43c33d65501c,10786,87013dc5da7652c3dbcea17373596804a3384589cde6776cd16b43c33d65501c,63a16c73,PRESERVED_IN_COMPLETE_ARCHIVE
WL-REC-0035,WL-REC-0035,docs/history/owner-inputs/record-20261009/WORK-LAB-HISTORICAL-RECORDS-20261009.zip,originals/WORK-LAB_MASTER_ATLAS_2026-09-29.zip ! WORK-LAB_MASTER_ATLAS_2026-09-29/sources/CODEX-UNIVERSAL-RULES-AND-HISTORY-CONSOLIDATION-2026-09-06.md,sha256:24f51e36b4ac59b74393b5de0b3a4dbd2cfdc54d0bf1a7eea448c19c07cc60d8,13747,24f51e36b4ac59b74393b5de0b3a4dbd2cfdc54d0bf1a7eea448c19c07cc60d8,6d6dcedd,PRESERVED_IN_COMPLETE_ARCHIVE
WL-REC-0035,WL-REC-0035,docs/history/owner-inputs/record-20261009/WORK-LAB-HISTORICAL-RECORDS-20261009.zip,originals/WORK-LAB_MASTER_ATLAS_2026-09-29.zip ! WORK-LAB_MASTER_ATLAS_2026-09-29/sources/Tri_Project_Full_Audit_2026-08-24.md,sha256:57244b298032b3d0381bafcad985b58c85cda086b9d290cb840ee05a9385f58b,140850,57244b298032b3d0381bafcad985b58c85cda086b9d290cb840ee05a9385f58b,5b6afae5,PRESERVED_IN_COMPLETE_ARCHIVE
WL-REC-0035,WL-REC-0035,docs/history/owner-inputs/record-20261009/WORK-LAB-HISTORICAL-RECORDS-20261009.zip,originals/WORK-LAB_MASTER_ATLAS_2026-09-29.zip ! WORK-LAB_MASTER_ATLAS_2026-09-29/sources/WORK-LAB/WORK-LAB-AUTHORITY(1).md,sha256:0938ff2452da5c5a5eef08673e25009d4f558ad5199a700aab8d7e2e56d6221c,10777,0938ff2452da5c5a5eef08673e25009d4f558ad5199a700aab8d7e2e56d6221c,8aabba8a,PRESERVED_IN_COMPLETE_ARCHIVE
WL-REC-0035,WL-REC-0035,docs/history/owner-inputs/record-20261009/WORK-LAB-HISTORICAL-RECORDS-20261009.zip,originals/WORK-LAB_MASTER_ATLAS_2026-09-29.zip ! WORK-LAB_MASTER_ATLAS_2026-09-29/sources/WORK-LAB/WORK-LAB-AUTHORITY-RESET-FINAL-TASKPACK-20260918-v2.zip,sha256:40c6aed3fb207e1010a05efe1793a8a31f10318730ee15ce4c3955b473c51b23,16798,40c6aed3fb207e1010a05efe1793a8a31f10318730ee15ce4c3955b473c51b23,f9083c4f,PRESERVED_IN_COMPLETE_ARCHIVE
WL-REC-0035,WL-REC-0035,docs/history/owner-inputs/record-20261009/WORK-LAB-HISTORICAL-RECORDS-20261009.zip,originals/WORK-LAB_MASTER_ATLAS_2026-09-29.zip ! WORK-LAB_MASTER_ATLAS_2026-09-29/sources/WORK-LAB/WORK-LAB-AUTHORITY-RESET-FINAL-TASKPACK-20260918.zip,sha256:925935eb1ed6d62063376d55f868694ea92736324557ea1ef795c8c0ad7e2577,17808,925935eb1ed6d62063376d55f868694ea92736324557ea1ef795c8c0ad7e2577,e3a3b726,PRESERVED_IN_COMPLETE_ARCHIVE
WL-REC-0035,WL-REC-0035,docs/history/owner-inputs/record-20261009/WORK-LAB-HISTORICAL-RECORDS-20261009.zip,originals/WORK-LAB_MASTER_ATLAS_2026-09-29.zip ! WORK-LAB_MASTER_ATLAS_2026-09-29/sources/WORK-LAB/WORK-LAB-AUTHORITY-RESET-FINAL-TASKPACK-20260918.zip ! CLOUD-LANDING-INSTRUCTIONS.md,sha256:7806b8483fa281424bd5845a1b8be41a64cb3c45473ca59e0a2492ddf91e964d,1693,7806b8483fa281424bd5845a1b8be41a64cb3c45473ca59e0a2492ddf91e964d,14885052,PRESERVED_IN_COMPLETE_ARCHIVE
WL-REC-0035,WL-REC-0035,docs/history/owner-inputs/record-20261009/WORK-LAB-HISTORICAL-RECORDS-20261009.zip,originals/WORK-LAB_MASTER_ATLAS_2026-09-29.zip ! WORK-LAB_MASTER_ATLAS_2026-09-29/sources/WORK-LAB/WORK-LAB-AUTHORITY-RESET-FINAL-TASKPACK-20260918.zip ! FROZEN-LEGACY-INDEX-20260918.md,sha256:2dad7a7001ee7c1b3d045a04b9e748f12771ce7c1bd7edb9edd301d2e2ddd42c,1912,2dad7a7001ee7c1b3d045a04b9e748f12771ce7c1bd7edb9edd301d2e2ddd42c,5638af3f,PRESERVED_IN_COMPLETE_ARCHIVE
WL-REC-0035,WL-REC-0035,docs/history/owner-inputs/record-20261009/WORK-LAB-HISTORICAL-RECORDS-20261009.zip,originals/WORK-LAB_MASTER_ATLAS_2026-09-29.zip ! WORK-LAB_MASTER_ATLAS_2026-09-29/sources/WORK-LAB/WORK-LAB-AUTHORITY-RESET-FINAL-TASKPACK-20260918.zip ! OPEN-TASK-REGISTER.md,sha256:ad95925281ae0ab014c6bfb5df952e304e5a181472ee975131087e985c0a9b2b,3627,ad95925281ae0ab014c6bfb5df952e304e5a181472ee975131087e985c0a9b2b,fe20d15d,PRESERVED_IN_COMPLETE_ARCHIVE
WL-REC-0035,WL-REC-0035,docs/history/owner-inputs/record-20261009/WORK-LAB-HISTORICAL-RECORDS-20261009.zip,originals/WORK-LAB_MASTER_ATLAS_2026-09-29.zip ! WORK-LAB_MASTER_ATLAS_2026-09-29/sources/WORK-LAB/WORK-LAB-AUTHORITY-RESET-FINAL-TASKPACK-20260918.zip ! SHA256SUMS.json,sha256:0103cf1a89aff62e8c8d5b6d81f5e3183a9da619779e85752b29f0aa95fa5b61,1132,0103cf1a89aff62e8c8d5b6d81f5e3183a9da619779e85752b29f0aa95fa5b61,a1ff9b99,PRESERVED_IN_COMPLETE_ARCHIVE
WL-REC-0035,WL-REC-0035,docs/history/owner-inputs/record-20261009/WORK-LAB-HISTORICAL-RECORDS-20261009.zip,originals/WORK-LAB_MASTER_ATLAS_2026-09-29.zip ! WORK-LAB_MASTER_ATLAS_2026-09-29/sources/WORK-LAB/WORK-LAB-AUTHORITY-RESET-FINAL-TASKPACK-20260918.zip ! TASKPACK_SUMMARY.md,sha256:14cb22beeb2e5483c413ad094d8e79d23a7084813dcde4a79051e5c1ca27e23d,810,14cb22beeb2e5483c413ad094d8e79d23a7084813dcde4a79051e5c1ca27e23d,d71664fb,PRESERVED_IN_COMPLETE_ARCHIVE
WL-REC-0035,WL-REC-0035,docs/history/owner-inputs/record-20261009/WORK-LAB-HISTORICAL-RECORDS-20261009.zip,originals/WORK-LAB_MASTER_ATLAS_2026-09-29.zip ! WORK-LAB_MASTER_ATLAS_2026-09-29/sources/WORK-LAB/WORK-LAB-AUTHORITY-RESET-FINAL-TASKPACK-20260918.zip ! WORK-LAB-AUTHORITY.md,sha256:e24fc9bb5975cc8ed6f46087ba3f0a522f008d0dd768a5da6febfdb5a5ce8b9b,10746,e24fc9bb5975cc8ed6f46087ba3f0a522f008d0dd768a5da6febfdb5a5ce8b9b,c634d7e2,PRESERVED_IN_COMPLETE_ARCHIVE
WL-REC-0035,WL-REC-0035,docs/history/owner-inputs/record-20261009/WORK-LAB-HISTORICAL-RECORDS-20261009.zip,originals/WORK-LAB_MASTER_ATLAS_2026-09-29.zip ! WORK-LAB_MASTER_ATLAS_2026-09-29/sources/WORK-LAB/WORK-LAB-AUTHORITY-RESET-FINAL-TASKPACK-20260918.zip ! WORK-LAB-UNIFIED-PRODUCT-CONVERGENCE-TASKPACK-20260918.md,sha256:f2bcb0b84a5e6ac0ca6d374f5a88b3f814ecbe03ca3ed7a6c5bce31ba9e095c4,11927,f2bcb0b84a5e6ac0ca6d374f5a88b3f814ecbe03ca3ed7a6c5bce31ba9e095c4,dca24507,PRESERVED_IN_COMPLETE_ARCHIVE
WL-REC-0035,WL-REC-0035,docs/history/owner-inputs/record-20261009/WORK-LAB-HISTORICAL-RECORDS-20261009.zip,originals/WORK-LAB_MASTER_ATLAS_2026-09-29.zip ! WORK-LAB_MASTER_ATLAS_2026-09-29/sources/WORK-LAB/WORK-LAB-AUTHORITY-RESET-FINAL-TASKPACK-20260918.zip ! authority-index.json,sha256:49920800a6c3be1cce1eaf455d75e52424f1fe5d2433ff2d8fef65fa2f910e97,2964,49920800a6c3be1cce1eaf455d75e52424f1fe5d2433ff2d8fef65fa2f910e97,f0b120de,PRESERVED_IN_COMPLETE_ARCHIVE
WL-REC-0035,WL-REC-0035,docs/history/owner-inputs/record-20261009/WORK-LAB-HISTORICAL-RECORDS-20261009.zip,originals/WORK-LAB_MASTER_ATLAS_2026-09-29.zip ! WORK-LAB_MASTER_ATLAS_2026-09-29/sources/WORK-LAB/WORK-LAB-AUTHORITY-RESET-FINAL-TASKPACK-20260918.zip ! taskpacks-current-README.md,sha256:c9a5e336e8cc387bb3c2dc1227b814821057038ebed91549beca65df32290616,802,c9a5e336e8cc387bb3c2dc1227b814821057038ebed91549beca65df32290616,5e4b8c86,PRESERVED_IN_COMPLETE_ARCHIVE
WL-REC-0035,WL-REC-0035,docs/history/owner-inputs/record-20261009/WORK-LAB-HISTORICAL-RECORDS-20261009.zip,originals/WORK-LAB_MASTER_ATLAS_2026-09-29.zip ! WORK-LAB_MASTER_ATLAS_2026-09-29/sources/WORK-LAB/WORK-LAB-AUTHORITY.md,sha256:e24fc9bb5975cc8ed6f46087ba3f0a522f008d0dd768a5da6febfdb5a5ce8b9b,10746,e24fc9bb5975cc8ed6f46087ba3f0a522f008d0dd768a5da6febfdb5a5ce8b9b,c634d7e2,PRESERVED_IN_COMPLETE_ARCHIVE
WL-REC-0035,WL-REC-0035,docs/history/owner-inputs/record-20261009/WORK-LAB-HISTORICAL-RECORDS-20261009.zip,originals/WORK-LAB_MASTER_ATLAS_2026-09-29.zip ! WORK-LAB_MASTER_ATLAS_2026-09-29/sources/WORK-LAB/WORK-LAB-CLOUD-AUDIT-20260916.md,sha256:7fef0af8759944fd219b355c275743cd9a0a4831c949ac9e8c0f7adcf1fea055,13061,7fef0af8759944fd219b355c275743cd9a0a4831c949ac9e8c0f7adcf1fea055,2b6e1613,PRESERVED_IN_COMPLETE_ARCHIVE
WL-REC-0035,WL-REC-0035,docs/history/owner-inputs/record-20261009/WORK-LAB-HISTORICAL-RECORDS-20261009.zip,originals/WORK-LAB_MASTER_ATLAS_2026-09-29.zip ! WORK-LAB_MASTER_ATLAS_2026-09-29/sources/WORK-LAB/WORK-LAB-CLOUD-AUDIT-AND-NEXT-TASKS-2026-09-14.md,sha256:ac2543e48d828702c9652282224ab3728270717c77023b72bd6525f13783422b,27481,ac2543e48d828702c9652282224ab3728270717c77023b72bd6525f13783422b,033e7ae9,PRESERVED_IN_COMPLETE_ARCHIVE
WL-REC-0035,WL-REC-0035,docs/history/owner-inputs/record-20261009/WORK-LAB-HISTORICAL-RECORDS-20261009.zip,originals/WORK-LAB_MASTER_ATLAS_2026-09-29.zip ! WORK-LAB_MASTER_ATLAS_2026-09-29/sources/WORK-LAB/WORK-LAB-CLOUD-AUDIT-EVIDENCE-20260916.zip,sha256:d1a58e8c66d1d4e625bf744467ec41abc39a56601fd487a15e09ada8ef5f19f4,18441,d1a58e8c66d1d4e625bf744467ec41abc39a56601fd487a15e09ada8ef5f19f4,c851c663,PRESERVED_IN_COMPLETE_ARCHIVE
WL-REC-0035,WL-REC-0035,docs/history/owner-inputs/record-20261009/WORK-LAB-HISTORICAL-RECORDS-20261009.zip,originals/WORK-LAB_MASTER_ATLAS_2026-09-29.zip ! WORK-LAB_MASTER_ATLAS_2026-09-29/sources/WORK-LAB/WORK-LAB-CLOUD-AUDIT-EVIDENCE-20260916.zip ! WORK-LAB-CLOUD-AUDIT-20260916/README.md,sha256:2ad92f7b71ededd900daef0750f3cc2a490d2391e4ad9d94b8a09632ac710461,653,2ad92f7b71ededd900daef0750f3cc2a490d2391e4ad9d94b8a09632ac710461,1aa450a6,PRESERVED_IN_COMPLETE_ARCHIVE
WL-REC-0035,WL-REC-0035,docs/history/owner-inputs/record-20261009/WORK-LAB-HISTORICAL-RECORDS-20261009.zip,originals/WORK-LAB_MASTER_ATLAS_2026-09-29.zip ! WORK-LAB_MASTER_ATLAS_2026-09-29/sources/WORK-LAB/WORK-LAB-CLOUD-AUDIT-EVIDENCE-20260916.zip ! WORK-LAB-CLOUD-AUDIT-20260916/WORK-LAB-CLOUD-AUDIT-20260916.md,sha256:7fef0af8759944fd219b355c275743cd9a0a4831c949ac9e8c0f7adcf1fea055,13061,7fef0af8759944fd219b355c275743cd9a0a4831c949ac9e8c0f7adcf1fea055,2b6e1613,PRESERVED_IN_COMPLETE_ARCHIVE
WL-REC-0035,WL-REC-0035,docs/history/owner-inputs/record-20261009/WORK-LAB-HISTORICAL-RECORDS-20261009.zip,originals/WORK-LAB_MASTER_ATLAS_2026-09-29.zip ! WORK-LAB_MASTER_ATLAS_2026-09-29/sources/WORK-LAB/WORK-LAB-CLOUD-AUDIT-EVIDENCE-20260916.zip ! WORK-LAB-CLOUD-AUDIT-20260916/reproduce_audit.py,sha256:99cfe69232b8076c813a4f0696059db419f38fe2fb9c2e3a81ec2c4b4b6f33d3,7688,99cfe69232b8076c813a4f0696059db419f38fe2fb9c2e3a81ec2c4b4b6f33d3,227dd243,PRESERVED_IN_COMPLETE_ARCHIVE
WL-REC-0035,WL-REC-0035,docs/history/owner-inputs/record-20261009/WORK-LAB-HISTORICAL-RECORDS-20261009.zip,originals/WORK-LAB_MASTER_ATLAS_2026-09-29.zip ! WORK-LAB_MASTER_ATLAS_2026-09-29/sources/WORK-LAB/WORK-LAB-CLOUD-AUDIT-EVIDENCE-20260916.zip ! WORK-LAB-CLOUD-AUDIT-20260916/reproduction_results.json,sha256:0ba32a7bac526e5d588e90d887093a746645259c832cdb1266a9283064c0d702,2977,0ba32a7bac526e5d588e90d887093a746645259c832cdb1266a9283064c0d702,13bc8d0d,PRESERVED_IN_COMPLETE_ARCHIVE
WL-REC-0035,WL-REC-0035,docs/history/owner-inputs/record-20261009/WORK-LAB-HISTORICAL-RECORDS-20261009.zip,originals/WORK-LAB_MASTER_ATLAS_2026-09-29.zip ! WORK-LAB_MASTER_ATLAS_2026-09-29/sources/WORK-LAB/WORK-LAB-CLOUD-AUDIT-EVIDENCE-20260916.zip ! WORK-LAB-CLOUD-AUDIT-20260916/source_hashes.json,sha256:4c94bb7b8d4d5ab7412933315c9c5fc9c7961eb5f0fe61e25ca69a90b4ef09f2,411,4c94bb7b8d4d5ab7412933315c9c5fc9c7961eb5f0fe61e25ca69a90b4ef09f2,361d7c46,PRESERVED_IN_COMPLETE_ARCHIVE
WL-REC-0035,WL-REC-0035,docs/history/owner-inputs/record-20261009/WORK-LAB-HISTORICAL-RECORDS-20261009.zip,originals/WORK-LAB_MASTER_ATLAS_2026-09-29.zip ! WORK-LAB_MASTER_ATLAS_2026-09-29/sources/WORK-LAB/WORK-LAB-CLOUD-AUDIT-EVIDENCE-20260916.zip ! WORK-LAB-CLOUD-AUDIT-20260916/verified_sources/config_control_plane.py,sha256:bcdb5dc05ae78e7b8bf0432f9965c603d5b5ccd485924c7617368ce059e29fe7,10829,bcdb5dc05ae78e7b8bf0432f9965c603d5b5ccd485924c7617368ce059e29fe7,00e8a199,PRESERVED_IN_COMPLETE_ARCHIVE
WL-REC-0035,WL-REC-0035,docs/history/owner-inputs/record-20261009/WORK-LAB-HISTORICAL-RECORDS-20261009.zip,originals/WORK-LAB_MASTER_ATLAS_2026-09-29.zip ! WORK-LAB_MASTER_ATLAS_2026-09-29/sources/WORK-LAB/WORK-LAB-CLOUD-AUDIT-EVIDENCE-20260916.zip ! WORK-LAB-CLOUD-AUDIT-20260916/verified_sources/handoff.py,sha256:98cd97e3f6ace3642e33a7233278cd0ba307384d56610da80e5b622f12c3560a,6006,98cd97e3f6ace3642e33a7233278cd0ba307384d56610da80e5b622f12c3560a,b48b68c5,PRESERVED_IN_COMPLETE_ARCHIVE
WL-REC-0035,WL-REC-0035,docs/history/owner-inputs/record-20261009/WORK-LAB-HISTORICAL-RECORDS-20261009.zip,originals/WORK-LAB_MASTER_ATLAS_2026-09-29.zip ! WORK-LAB_MASTER_ATLAS_2026-09-29/sources/WORK-LAB/WORK-LAB-CLOUD-BRANCH-HANDOFF-AUDIT-2026-09-15.md,sha256:0445b74c23748a1a0839e54408dee9cbf05fbad3790e49195538df0ac4ed0912,40065,0445b74c23748a1a0839e54408dee9cbf05fbad3790e49195538df0ac4ed0912,eada8fc6,PRESERVED_IN_COMPLETE_ARCHIVE
WL-REC-0035,WL-REC-0035,docs/history/owner-inputs/record-20261009/WORK-LAB-HISTORICAL-RECORDS-20261009.zip,originals/WORK-LAB_MASTER_ATLAS_2026-09-29.zip ! WORK-LAB_MASTER_ATLAS_2026-09-29/sources/WORK-LAB/WORK-LAB-CLOUD-REAUDIT-20260917.md,sha256:4dec32e6a5c34acb90dfa54024640c747a2d445d2bb1b9092b19bc8863726c1a,16004,4dec32e6a5c34acb90dfa54024640c747a2d445d2bb1b9092b19bc8863726c1a,bf27e175,PRESERVED_IN_COMPLETE_ARCHIVE
WL-REC-0035,WL-REC-0035,docs/history/owner-inputs/record-20261009/WORK-LAB-HISTORICAL-RECORDS-20261009.zip,originals/WORK-LAB_MASTER_ATLAS_2026-09-29.zip ! WORK-LAB_MASTER_ATLAS_2026-09-29/sources/WORK-LAB/WORK-LAB-CLOUD-REAUDIT-20260917.zip,sha256:3a36abc786c4ad360be8df27368161ab77b2a901013b0a11a94e2fe0a0a73d56,117758,3a36abc786c4ad360be8df27368161ab77b2a901013b0a11a94e2fe0a0a73d56,e781fa5d,PRESERVED_IN_COMPLETE_ARCHIVE
WL-REC-0035,WL-REC-0035,docs/history/owner-inputs/record-20261009/WORK-LAB-HISTORICAL-RECORDS-20261009.zip,originals/WORK-LAB_MASTER_ATLAS_2026-09-29.zip ! WORK-LAB_MASTER_ATLAS_2026-09-29/sources/WORK-LAB/WORK-LAB-CLOUD-REAUDIT-20260917.zip ! WORK-LAB-CLOUD-REAUDIT-20260917/README.md,sha256:08035c3283eee9fa83010806bd27fac24553ba0c72e5102e93614269d572f6f6,1182,08035c3283eee9fa83010806bd27fac24553ba0c72e5102e93614269d572f6f6,774e4253,PRESERVED_IN_COMPLETE_ARCHIVE
WL-REC-0035,WL-REC-0035,docs/history/owner-inputs/record-20261009/WORK-LAB-HISTORICAL-RECORDS-20261009.zip,originals/WORK-LAB_MASTER_ATLAS_2026-09-29.zip ! WORK-LAB_MASTER_ATLAS_2026-09-29/sources/WORK-LAB/WORK-LAB-CLOUD-REAUDIT-20260917.zip ! WORK-LAB-CLOUD-REAUDIT-20260917/WORK-LAB-CLOUD-REAUDIT-20260917.md,sha256:4dec32e6a5c34acb90dfa54024640c747a2d445d2bb1b9092b19bc8863726c1a,16004,4dec32e6a5c34acb90dfa54024640c747a2d445d2bb1b9092b19bc8863726c1a,bf27e175,PRESERVED_IN_COMPLETE_ARCHIVE
WL-REC-0035,WL-REC-0035,docs/history/owner-inputs/record-20261009/WORK-LAB-HISTORICAL-RECORDS-20261009.zip,originals/WORK-LAB_MASTER_ATLAS_2026-09-29.zip ! WORK-LAB_MASTER_ATLAS_2026-09-29/sources/WORK-LAB/WORK-LAB-CLOUD-REAUDIT-20260917.zip ! WORK-LAB-CLOUD-REAUDIT-20260917/remote_snapshot.json,sha256:439aaa33e7ed1e84c8465cfcc1540336d0965cc40c2e66e7c97e454daca68b75,3358,439aaa33e7ed1e84c8465cfcc1540336d0965cc40c2e66e7c97e454daca68b75,619e6255,PRESERVED_IN_COMPLETE_ARCHIVE
WL-REC-0035,WL-REC-0035,docs/history/owner-inputs/record-20261009/WORK-LAB-HISTORICAL-RECORDS-20261009.zip,originals/WORK-LAB_MASTER_ATLAS_2026-09-29.zip ! WORK-LAB_MASTER_ATLAS_2026-09-29/sources/WORK-LAB/WORK-LAB-CLOUD-REAUDIT-20260917.zip ! WORK-LAB-CLOUD-REAUDIT-20260917/source_integrity.json,sha256:0234df7985cf74aef08ced231af267d75aad7f623deba5be244e630900f9eaf1,4515,0234df7985cf74aef08ced231af267d75aad7f623deba5be244e630900f9eaf1,7f86650c,PRESERVED_IN_COMPLETE_ARCHIVE
WL-REC-0035,WL-REC-0035,docs/history/owner-inputs/record-20261009/WORK-LAB-HISTORICAL-RECORDS-20261009.zip,originals/WORK-LAB_MASTER_ATLAS_2026-09-29.zip ! WORK-LAB_MASTER_ATLAS_2026-09-29/sources/WORK-LAB/WORK-LAB-CLOUD-REAUDIT-20260917.zip ! WORK-LAB-CLOUD-REAUDIT-20260917/FINDINGS.csv,sha256:4bd193e245a9494f5a16c521e24695ec0c3c38101c4deb8400d904e2b2033c4d,3207,4bd193e245a9494f5a16c521e24695ec0c3c38101c4deb8400d904e2b2033c4d,0e778ca8,PRESERVED_IN_COMPLETE_ARCHIVE
WL-REC-0035,WL-REC-0035,docs/history/owner-inputs/record-20261009/WORK-LAB-HISTORICAL-RECORDS-20261009.zip,originals/WORK-LAB_MASTER_ATLAS_2026-09-29.zip ! WORK-LAB_MASTER_ATLAS_2026-09-29/sources/WORK-LAB/WORK-LAB-CLOUD-REAUDIT-20260917.zip ! WORK-LAB-CLOUD-REAUDIT-20260917/AUDIT-COVERAGE.csv,sha256:56d7db3757e11cab3eccf108e1f21ef75a807fd65fd19bbfe7be5e8eaf56fd31,1405,56d7db3757e11cab3eccf108e1f21ef75a807fd65fd19bbfe7be5e8eaf56fd31,b1d8a1ff,PRESERVED_IN_COMPLETE_ARCHIVE
WL-REC-0035,WL-REC-0035,docs/history/owner-inputs/record-20261009/WORK-LAB-HISTORICAL-RECORDS-20261009.zip,originals/WORK-LAB_MASTER_ATLAS_2026-09-29.zip ! WORK-LAB_MASTER_ATLAS_2026-09-29/sources/WORK-LAB/WORK-LAB-CLOUD-REAUDIT-20260917.zip ! WORK-LAB-CLOUD-REAUDIT-20260917/findings.json,sha256:27dd1f289c6a800baefa8c4bb4a72c87364bc91813622a15b073f15fe7893554,5881,27dd1f289c6a800baefa8c4bb4a72c87364bc91813622a15b073f15fe7893554,c718a8fa,PRESERVED_IN_COMPLETE_ARCHIVE
WL-REC-0035,WL-REC-0035,docs/history/owner-inputs/record-20261009/WORK-LAB-HISTORICAL-RECORDS-20261009.zip,originals/WORK-LAB_MASTER_ATLAS_2026-09-29.zip ! WORK-LAB_MASTER_ATLAS_2026-09-29/sources/WORK-LAB/WORK-LAB-CLOUD-REAUDIT-20260917.zip ! WORK-LAB-CLOUD-REAUDIT-20260917/source_excerpts/signoff_excerpt.py,sha256:71f6ce6729da4548e5bf48ec1529d359d3e12155ac9f7fd10d9be4487321bd38,5037,71f6ce6729da4548e5bf48ec1529d359d3e12155ac9f7fd10d9be4487321bd38,0885eaef,PRESERVED_IN_COMPLETE_ARCHIVE
WL-REC-0035,WL-REC-0035,docs/history/owner-inputs/record-20261009/WORK-LAB-HISTORICAL-RECORDS-20261009.zip,originals/WORK-LAB_MASTER_ATLAS_2026-09-29.zip ! WORK-LAB_MASTER_ATLAS_2026-09-29/sources/WORK-LAB/WORK-LAB-CLOUD-REAUDIT-20260917.zip ! WORK-LAB-CLOUD-REAUDIT-20260917/source_excerpts/acceptance_excerpt.py,sha256:0a4c2fd6b01952b23f820538e839f97178a03aa966857010cd67050cbd3bd3ac,2208,0a4c2fd6b01952b23f820538e839f97178a03aa966857010cd67050cbd3bd3ac,59ee5b2e,PRESERVED_IN_COMPLETE_ARCHIVE
WL-REC-0035,WL-REC-0035,docs/history/owner-inputs/record-20261009/WORK-LAB-HISTORICAL-RECORDS-20261009.zip,originals/WORK-LAB_MASTER_ATLAS_2026-09-29.zip ! WORK-LAB_MASTER_ATLAS_2026-09-29/sources/WORK-LAB/WORK-LAB-CLOUD-REAUDIT-20260917.zip ! WORK-LAB-CLOUD-REAUDIT-20260917/source_excerpts/inbox_excerpt.py,sha256:1e506ff5b3cd9f786a6ceca74111338af248f82e54a8cadf57ce9cafc1a8f6ff,3126,1e506ff5b3cd9f786a6ceca74111338af248f82e54a8cadf57ce9cafc1a8f6ff,b941b5d6,PRESERVED_IN_COMPLETE_ARCHIVE
WL-REC-0035,WL-REC-0035,docs/history/owner-inputs/record-20261009/WORK-LAB-HISTORICAL-RECORDS-20261009.zip,originals/WORK-LAB_MASTER_ATLAS_2026-09-29.zip ! WORK-LAB_MASTER_ATLAS_2026-09-29/sources/WORK-LAB/WORK-LAB-CLOUD-REAUDIT-20260917.zip ! WORK-LAB-CLOUD-REAUDIT-20260917/results/baseline_rerun.json,sha256:f65cd35d4957e45bc4762e2227f24d7437a009351bc0b34f9084703af32e8b09,571,f65cd35d4957e45bc4762e2227f24d7437a009351bc0b34f9084703af32e8b09,306b18fc,PRESERVED_IN_COMPLETE_ARCHIVE
WL-REC-0035,WL-REC-0035,docs/history/owner-inputs/record-20261009/WORK-LAB-HISTORICAL-RECORDS-20261009.zip,originals/WORK-LAB_MASTER_ATLAS_2026-09-29.zip ! WORK-LAB_MASTER_ATLAS_2026-09-29/sources/WORK-LAB/WORK-LAB-CLOUD-REAUDIT-20260917.zip ! WORK-LAB-CLOUD-REAUDIT-20260917/results/reproduce_frontend.log,sha256:8dcc87d51c34e7df95eda638e2eb7a87ad92575d6ae7bf85cc73aed535331b31,1988,8dcc87d51c34e7df95eda638e2eb7a87ad92575d6ae7bf85cc73aed535331b31,725b7751,PRESERVED_IN_COMPLETE_ARCHIVE
WL-REC-0035,WL-REC-0035,docs/history/owner-inputs/record-20261009/WORK-LAB-HISTORICAL-RECORDS-20261009.zip,originals/WORK-LAB_MASTER_ATLAS_2026-09-29.zip ! WORK-LAB_MASTER_ATLAS_2026-09-29/sources/WORK-LAB/WORK-LAB-CLOUD-REAUDIT-20260917.zip ! WORK-LAB-CLOUD-REAUDIT-20260917/results/new_probe.log,sha256:f2d9ebed29679a15ca08f873292593a3b5e92045a88cf7be524d6d16d1bcb4ef,6633,f2d9ebed29679a15ca08f873292593a3b5e92045a88cf7be524d6d16d1bcb4ef,e087e38c,PRESERVED_IN_COMPLETE_ARCHIVE
WL-REC-0035,WL-REC-0035,docs/history/owner-inputs/record-20261009/WORK-LAB-HISTORICAL-RECORDS-20261009.zip,originals/WORK-LAB_MASTER_ATLAS_2026-09-29.zip ! WORK-LAB_MASTER_ATLAS_2026-09-29/sources/WORK-LAB/WORK-LAB-CLOUD-REAUDIT-20260917.zip ! WORK-LAB-CLOUD-REAUDIT-20260917/results/reproduce_audit.log,sha256:dd2327f4ecefa364a111261a73f2a0220be1fe2ef72dd07782056a2fd3112e61,2986,dd2327f4ecefa364a111261a73f2a0220be1fe2ef72dd07782056a2fd3112e61,eb6810df,PRESERVED_IN_COMPLETE_ARCHIVE
WL-REC-0035,WL-REC-0035,docs/history/owner-inputs/record-20261009/WORK-LAB-HISTORICAL-RECORDS-20261009.zip,originals/WORK-LAB_MASTER_ATLAS_2026-09-29.zip ! WORK-LAB_MASTER_ATLAS_2026-09-29/sources/WORK-LAB/WORK-LAB-CLOUD-REAUDIT-20260917.zip ! WORK-LAB-CLOUD-REAUDIT-20260917/results/new_counterexamples.json,sha256:98abbac632941bc2108d39f921138b3c6b313dc99a8d718e84e991c823ef3ebe,6632,98abbac632941bc2108d39f921138b3c6b313dc99a8d718e84e991c823ef3ebe,5d60e226,PRESERVED_IN_COMPLETE_ARCHIVE
WL-REC-0035,WL-REC-0035,docs/history/owner-inputs/record-20261009/WORK-LAB-HISTORICAL-RECORDS-20261009.zip,originals/WORK-LAB_MASTER_ATLAS_2026-09-29.zip ! WORK-LAB_MASTER_ATLAS_2026-09-29/sources/WORK-LAB/WORK-LAB-CLOUD-REAUDIT-20260917.zip ! WORK-LAB-CLOUD-REAUDIT-20260917/results/reproduce_python.log,sha256:085cbb22b0c37d0ef74a6bc66619a48e46255513e9114f2cf56f734b697ad0b6,3882,085cbb22b0c37d0ef74a6bc66619a48e46255513e9114f2cf56f734b697ad0b6,eee2e668,PRESERVED_IN_COMPLETE_ARCHIVE
WL-REC-0035,WL-REC-0035,docs/history/owner-inputs/record-20261009/WORK-LAB-HISTORICAL-RECORDS-20261009.zip,originals/WORK-LAB_MASTER_ATLAS_2026-09-29.zip ! WORK-LAB_MASTER_ATLAS_2026-09-29/sources/WORK-LAB/WORK-LAB-CLOUD-REAUDIT-20260917.zip ! WORK-LAB-CLOUD-REAUDIT-20260917/results/summary.json,sha256:83957cbe992b693850d253b2cae7766330661e7d25d73fb1b9588bb2df46358e,407,83957cbe992b693850d253b2cae7766330661e7d25d73fb1b9588bb2df46358e,946c01ce,PRESERVED_IN_COMPLETE_ARCHIVE
WL-REC-0035,WL-REC-0035,docs/history/owner-inputs/record-20261009/WORK-LAB-HISTORICAL-RECORDS-20261009.zip,originals/WORK-LAB_MASTER_ATLAS_2026-09-29.zip ! WORK-LAB_MASTER_ATLAS_2026-09-29/sources/WORK-LAB/WORK-LAB-CLOUD-REAUDIT-20260917.zip ! WORK-LAB-CLOUD-REAUDIT-20260917/probes/reproduce_new_findings.py,sha256:c9d93a31636c8cfd24d0ee7008657a10c7bb4665d1b49275d8c3bd3cfa37b7de,5869,c9d93a31636c8cfd24d0ee7008657a10c7bb4665d1b49275d8c3bd3cfa37b7de,b3c51efc,PRESERVED_IN_COMPLETE_ARCHIVE
WL-REC-0035,WL-REC-0035,docs/history/owner-inputs/record-20261009/WORK-LAB-HISTORICAL-RECORDS-20261009.zip,originals/WORK-LAB_MASTER_ATLAS_2026-09-29.zip ! WORK-LAB_MASTER_ATLAS_2026-09-29/sources/WORK-LAB/WORK-LAB-CLOUD-REAUDIT-20260917.zip ! WORK-LAB-CLOUD-REAUDIT-20260917/baseline/remote_state.json,sha256:aad13dddca001da3983b4bed2c892d0f956c0c3b9cf8f07008db3cdb10907012,1146,aad13dddca001da3983b4bed2c892d0f956c0c3b9cf8f07008db3cdb10907012,c69cfe1a,PRESERVED_IN_COMPLETE_ARCHIVE
WL-REC-0035,WL-REC-0035,docs/history/owner-inputs/record-20261009/WORK-LAB-HISTORICAL-RECORDS-20261009.zip,originals/WORK-LAB_MASTER_ATLAS_2026-09-29.zip ! WORK-LAB_MASTER_ATLAS_2026-09-29/sources/WORK-LAB/WORK-LAB-CLOUD-REAUDIT-20260917.zip ! WORK-LAB-CLOUD-REAUDIT-20260917/baseline/REPAIR-SEQUENCE.md,sha256:90b8360e6d5e2ad32238576ed34415a1e7511456620d2741c46ba04d4c90e759,2237,90b8360e6d5e2ad32238576ed34415a1e7511456620d2741c46ba04d4c90e759,16de77c7,PRESERVED_IN_COMPLETE_ARCHIVE
WL-REC-0035,WL-REC-0035,docs/history/owner-inputs/record-20261009/WORK-LAB-HISTORICAL-RECORDS-20261009.zip,originals/WORK-LAB_MASTER_ATLAS_2026-09-29.zip ! WORK-LAB_MASTER_ATLAS_2026-09-29/sources/WORK-LAB/WORK-LAB-CLOUD-REAUDIT-20260917.zip ! WORK-LAB-CLOUD-REAUDIT-20260917/baseline/README.md,sha256:97f43012d82e1f97f8b0bcb14fb228f0fd0fec95f221f7efd7ce1b074e05a733,1815,97f43012d82e1f97f8b0bcb14fb228f0fd0fec95f221f7efd7ce1b074e05a733,d546784c,PRESERVED_IN_COMPLETE_ARCHIVE
WL-REC-0035,WL-REC-0035,docs/history/owner-inputs/record-20261009/WORK-LAB-HISTORICAL-RECORDS-20261009.zip,originals/WORK-LAB_MASTER_ATLAS_2026-09-29.zip ! WORK-LAB_MASTER_ATLAS_2026-09-29/sources/WORK-LAB/WORK-LAB-CLOUD-REAUDIT-20260917.zip ! WORK-LAB-CLOUD-REAUDIT-20260917/baseline/REPRODUCTION-INDEX.md,sha256:931b52fa6a4751201d8442fb7c5d603862616b87dd3164a8d0fb8f25d8fc1d4a,1941,931b52fa6a4751201d8442fb7c5d603862616b87dd3164a8d0fb8f25d8fc1d4a,631a85dc,PRESERVED_IN_COMPLETE_ARCHIVE
WL-REC-0035,WL-REC-0035,docs/history/owner-inputs/record-20261009/WORK-LAB-HISTORICAL-RECORDS-20261009.zip,originals/WORK-LAB_MASTER_ATLAS_2026-09-29.zip ! WORK-LAB_MASTER_ATLAS_2026-09-29/sources/WORK-LAB/WORK-LAB-CLOUD-REAUDIT-20260917.zip ! WORK-LAB-CLOUD-REAUDIT-20260917/baseline/source_hashes.json,sha256:a67e80e85bd70176c37e9287bf807dea60092fbc3bb2b9b7f65a78fecbf19156,3070,a67e80e85bd70176c37e9287bf807dea60092fbc3bb2b9b7f65a78fecbf19156,2d7c2bb4,PRESERVED_IN_COMPLETE_ARCHIVE
WL-REC-0035,WL-REC-0035,docs/history/owner-inputs/record-20261009/WORK-LAB-HISTORICAL-RECORDS-20261009.zip,originals/WORK-LAB_MASTER_ATLAS_2026-09-29.zip ! WORK-LAB_MASTER_ATLAS_2026-09-29/sources/WORK-LAB/WORK-LAB-CLOUD-REAUDIT-20260917.zip ! WORK-LAB-CLOUD-REAUDIT-20260917/baseline/AUDIT-COVERAGE.csv,sha256:165465ff9b5db6980c958d2057f3c9b2b9163299cec64fcb5f90c74d8604d31a,15503,165465ff9b5db6980c958d2057f3c9b2b9163299cec64fcb5f90c74d8604d31a,fe1f5152,PRESERVED_IN_COMPLETE_ARCHIVE
WL-REC-0035,WL-REC-0035,docs/history/owner-inputs/record-20261009/WORK-LAB-HISTORICAL-RECORDS-20261009.zip,originals/WORK-LAB_MASTER_ATLAS_2026-09-29.zip ! WORK-LAB_MASTER_ATLAS_2026-09-29/sources/WORK-LAB/WORK-LAB-CLOUD-REAUDIT-20260917.zip ! WORK-LAB-CLOUD-REAUDIT-20260917/baseline/WORK-LAB-FULL-CLOUD-AUDIT-20260916.md,sha256:417bb40b2b04eb4fcb8da1bbbb0ef3a257a212e820f5b221006d288ca593e76b,48755,417bb40b2b04eb4fcb8da1bbbb0ef3a257a212e820f5b221006d288ca593e76b,93c17d79,PRESERVED_IN_COMPLETE_ARCHIVE
WL-REC-0035,WL-REC-0035,docs/history/owner-inputs/record-20261009/WORK-LAB-HISTORICAL-RECORDS-20261009.zip,originals/WORK-LAB_MASTER_ATLAS_2026-09-29.zip ! WORK-LAB_MASTER_ATLAS_2026-09-29/sources/WORK-LAB/WORK-LAB-CLOUD-REAUDIT-20260917.zip ! WORK-LAB-CLOUD-REAUDIT-20260917/baseline/coverage.json,sha256:462c20600b6a62d8c9f4b2027ac8e5d035f2c2050d2adf551621491b3c23a645,22968,462c20600b6a62d8c9f4b2027ac8e5d035f2c2050d2adf551621491b3c23a645,4270d9ac,PRESERVED_IN_COMPLETE_ARCHIVE
WL-REC-0035,WL-REC-0035,docs/history/owner-inputs/record-20261009/WORK-LAB-HISTORICAL-RECORDS-20261009.zip,originals/WORK-LAB_MASTER_ATLAS_2026-09-29.zip ! WORK-LAB_MASTER_ATLAS_2026-09-29/sources/WORK-LAB/WORK-LAB-CLOUD-REAUDIT-20260917.zip ! WORK-LAB-CLOUD-REAUDIT-20260917/baseline/findings.json,sha256:d6cc57a98a17698109555ce644f189f12309036d295c06f8a2979c6567797f5f,33784,d6cc57a98a17698109555ce644f189f12309036d295c06f8a2979c6567797f5f,1aa687ce,PRESERVED_IN_COMPLETE_ARCHIVE
WL-REC-0035,WL-REC-0035,docs/history/owner-inputs/record-20261009/WORK-LAB-HISTORICAL-RECORDS-20261009.zip,originals/WORK-LAB_MASTER_ATLAS_2026-09-29.zip ! WORK-LAB_MASTER_ATLAS_2026-09-29/sources/WORK-LAB/WORK-LAB-CLOUD-REAUDIT-20260917.zip ! WORK-LAB-CLOUD-REAUDIT-20260917/baseline/results/frontend_counterexamples.json,sha256:8ac980a0459518c3f46e4b6e826973b6412f313672c71024328a17b8fe73564e,1979,8ac980a0459518c3f46e4b6e826973b6412f313672c71024328a17b8fe73564e,6a173f0a,PRESERVED_IN_COMPLETE_ARCHIVE
WL-REC-0035,WL-REC-0035,docs/history/owner-inputs/record-20261009/WORK-LAB-HISTORICAL-RECORDS-20261009.zip,originals/WORK-LAB_MASTER_ATLAS_2026-09-29.zip ! WORK-LAB_MASTER_ATLAS_2026-09-29/sources/WORK-LAB/WORK-LAB-CLOUD-REAUDIT-20260917.zip ! WORK-LAB-CLOUD-REAUDIT-20260917/baseline/results/previous_probe_rerun.log,sha256:0ba32a7bac526e5d588e90d887093a746645259c832cdb1266a9283064c0d702,2977,0ba32a7bac526e5d588e90d887093a746645259c832cdb1266a9283064c0d702,13bc8d0d,PRESERVED_IN_COMPLETE_ARCHIVE
WL-REC-0035,WL-REC-0035,docs/history/owner-inputs/record-20261009/WORK-LAB-HISTORICAL-RECORDS-20261009.zip,originals/WORK-LAB_MASTER_ATLAS_2026-09-29.zip ! WORK-LAB_MASTER_ATLAS_2026-09-29/sources/WORK-LAB/WORK-LAB-CLOUD-REAUDIT-20260917.zip ! WORK-LAB-CLOUD-REAUDIT-20260917/baseline/results/python_counterexamples.json,sha256:770d3b5b1aee64b754a5db851dc1d2a0c3fd9b85bc027bef6ce97f759b464b51,3873,770d3b5b1aee64b754a5db851dc1d2a0c3fd9b85bc027bef6ce97f759b464b51,8bd51568,PRESERVED_IN_COMPLETE_ARCHIVE
WL-REC-0035,WL-REC-0035,docs/history/owner-inputs/record-20261009/WORK-LAB-HISTORICAL-RECORDS-20261009.zip,originals/WORK-LAB_MASTER_ATLAS_2026-09-29.zip ! WORK-LAB_MASTER_ATLAS_2026-09-29/sources/WORK-LAB/WORK-LAB-CLOUD-REAUDIT-20260917.zip ! WORK-LAB-CLOUD-REAUDIT-20260917/baseline/results/summary.json,sha256:9b298036801660e08815496049eef7877df6641dd81c87c4fc33355b17533fda,373,9b298036801660e08815496049eef7877df6641dd81c87c4fc33355b17533fda,6b3aea7a,PRESERVED_IN_COMPLETE_ARCHIVE
WL-REC-0035,WL-REC-0035,docs/history/owner-inputs/record-20261009/WORK-LAB-HISTORICAL-RECORDS-20261009.zip,originals/WORK-LAB_MASTER_ATLAS_2026-09-29.zip ! WORK-LAB_MASTER_ATLAS_2026-09-29/sources/WORK-LAB/WORK-LAB-CLOUD-REAUDIT-20260917.zip ! WORK-LAB-CLOUD-REAUDIT-20260917/baseline/previous_audit/README.md,sha256:2ad92f7b71ededd900daef0750f3cc2a490d2391e4ad9d94b8a09632ac710461,653,2ad92f7b71ededd900daef0750f3cc2a490d2391e4ad9d94b8a09632ac710461,1aa450a6,PRESERVED_IN_COMPLETE_ARCHIVE
WL-REC-0035,WL-REC-0035,docs/history/owner-inputs/record-20261009/WORK-LAB-HISTORICAL-RECORDS-20261009.zip,originals/WORK-LAB_MASTER_ATLAS_2026-09-29.zip ! WORK-LAB_MASTER_ATLAS_2026-09-29/sources/WORK-LAB/WORK-LAB-CLOUD-REAUDIT-20260917.zip ! WORK-LAB-CLOUD-REAUDIT-20260917/baseline/previous_audit/reproduce_audit.py,sha256:99cfe69232b8076c813a4f0696059db419f38fe2fb9c2e3a81ec2c4b4b6f33d3,7688,99cfe69232b8076c813a4f0696059db419f38fe2fb9c2e3a81ec2c4b4b6f33d3,227dd243,PRESERVED_IN_COMPLETE_ARCHIVE
WL-REC-0035,WL-REC-0035,docs/history/owner-inputs/record-20261009/WORK-LAB-HISTORICAL-RECORDS-20261009.zip,originals/WORK-LAB_MASTER_ATLAS_2026-09-29.zip ! WORK-LAB_MASTER_ATLAS_2026-09-29/sources/WORK-LAB/WORK-LAB-CLOUD-REAUDIT-20260917.zip ! WORK-LAB-CLOUD-REAUDIT-20260917/baseline/previous_audit/reproduction_results.json,sha256:0ba32a7bac526e5d588e90d887093a746645259c832cdb1266a9283064c0d702,2977,0ba32a7bac526e5d588e90d887093a746645259c832cdb1266a9283064c0d702,13bc8d0d,PRESERVED_IN_COMPLETE_ARCHIVE
WL-REC-0035,WL-REC-0035,docs/history/owner-inputs/record-20261009/WORK-LAB-HISTORICAL-RECORDS-20261009.zip,originals/WORK-LAB_MASTER_ATLAS_2026-09-29.zip ! WORK-LAB_MASTER_ATLAS_2026-09-29/sources/WORK-LAB/WORK-LAB-CLOUD-REAUDIT-20260917.zip ! WORK-LAB-CLOUD-REAUDIT-20260917/baseline/previous_audit/source_hashes.json,sha256:4c94bb7b8d4d5ab7412933315c9c5fc9c7961eb5f0fe61e25ca69a90b4ef09f2,411,4c94bb7b8d4d5ab7412933315c9c5fc9c7961eb5f0fe61e25ca69a90b4ef09f2,361d7c46,PRESERVED_IN_COMPLETE_ARCHIVE
WL-REC-0035,WL-REC-0035,docs/history/owner-inputs/record-20261009/WORK-LAB-HISTORICAL-RECORDS-20261009.zip,originals/WORK-LAB_MASTER_ATLAS_2026-09-29.zip ! WORK-LAB_MASTER_ATLAS_2026-09-29/sources/WORK-LAB/WORK-LAB-CLOUD-REAUDIT-20260917.zip ! WORK-LAB-CLOUD-REAUDIT-20260917/baseline/previous_audit/WORK-LAB-CLOUD-AUDIT-20260916.md,sha256:7fef0af8759944fd219b355c275743cd9a0a4831c949ac9e8c0f7adcf1fea055,13061,7fef0af8759944fd219b355c275743cd9a0a4831c949ac9e8c0f7adcf1fea055,2b6e1613,PRESERVED_IN_COMPLETE_ARCHIVE
WL-REC-0035,WL-REC-0035,docs/history/owner-inputs/record-20261009/WORK-LAB-HISTORICAL-RECORDS-20261009.zip,originals/WORK-LAB_MASTER_ATLAS_2026-09-29.zip ! WORK-LAB_MASTER_ATLAS_2026-09-29/sources/WORK-LAB/WORK-LAB-CLOUD-REAUDIT-20260917.zip ! WORK-LAB-CLOUD-REAUDIT-20260917/baseline/probes/reproduce_frontend.cjs,sha256:b938c77e65f28366879714b447f6d0d86c4a82723c9c866902c3fffcedcb2224,4347,b938c77e65f28366879714b447f6d0d86c4a82723c9c866902c3fffcedcb2224,226c9908,PRESERVED_IN_COMPLETE_ARCHIVE
WL-REC-0035,WL-REC-0035,docs/history/owner-inputs/record-20261009/WORK-LAB-HISTORICAL-RECORDS-20261009.zip,originals/WORK-LAB_MASTER_ATLAS_2026-09-29.zip ! WORK-LAB_MASTER_ATLAS_2026-09-29/sources/WORK-LAB/WORK-LAB-CLOUD-REAUDIT-20260917.zip ! WORK-LAB-CLOUD-REAUDIT-20260917/baseline/probes/reproduce_python.py,sha256:38fcb8467fa0ef783f2a5998f65a29e0c91b373dd242b52e00774b7c3ac81aa9,6402,38fcb8467fa0ef783f2a5998f65a29e0c91b373dd242b52e00774b7c3ac81aa9,eafdede4,PRESERVED_IN_COMPLETE_ARCHIVE
WL-REC-0035,WL-REC-0035,docs/history/owner-inputs/record-20261009/WORK-LAB-HISTORICAL-RECORDS-20261009.zip,originals/WORK-LAB_MASTER_ATLAS_2026-09-29.zip ! WORK-LAB_MASTER_ATLAS_2026-09-29/sources/WORK-LAB/WORK-LAB-CLOUD-REAUDIT-20260917.zip ! WORK-LAB-CLOUD-REAUDIT-20260917/baseline/verified_sources/api.ts,sha256:31ea9dbf00927830fd3f22e2b1affef375fba07ad14af9b4127409ca3a7c8ee6,6853,31ea9dbf00927830fd3f22e2b1affef375fba07ad14af9b4127409ca3a7c8ee6,f27eb32c,PRESERVED_IN_COMPLETE_ARCHIVE
WL-REC-0035,WL-REC-0035,docs/history/owner-inputs/record-20261009/WORK-LAB-HISTORICAL-RECORDS-20261009.zip,originals/WORK-LAB_MASTER_ATLAS_2026-09-29.zip ! WORK-LAB_MASTER_ATLAS_2026-09-29/sources/WORK-LAB/WORK-LAB-CLOUD-REAUDIT-20260917.zip ! WORK-LAB-CLOUD-REAUDIT-20260917/baseline/verified_sources/final_audit.py,sha256:2e3b829d19fb614c46796b5244b15d34ab154fbe0e56581a7609ea3bf1e2febd,5444,2e3b829d19fb614c46796b5244b15d34ab154fbe0e56581a7609ea3bf1e2febd,85d56946,PRESERVED_IN_COMPLETE_ARCHIVE
WL-REC-0035,WL-REC-0035,docs/history/owner-inputs/record-20261009/WORK-LAB-HISTORICAL-RECORDS-20261009.zip,originals/WORK-LAB_MASTER_ATLAS_2026-09-29.zip ! WORK-LAB_MASTER_ATLAS_2026-09-29/sources/WORK-LAB/WORK-LAB-CLOUD-REAUDIT-20260917.zip ! WORK-LAB-CLOUD-REAUDIT-20260917/baseline/verified_sources/snapshot_api.py,sha256:1f5754bdbcfc49fdaf0ece8d5fc7068e806e227e3e88c5d27a70812630a6ca0c,12904,1f5754bdbcfc49fdaf0ece8d5fc7068e806e227e3e88c5d27a70812630a6ca0c,2307d9e2,PRESERVED_IN_COMPLETE_ARCHIVE
WL-REC-0035,WL-REC-0035,docs/history/owner-inputs/record-20261009/WORK-LAB-HISTORICAL-RECORDS-20261009.zip,originals/WORK-LAB_MASTER_ATLAS_2026-09-29.zip ! WORK-LAB_MASTER_ATLAS_2026-09-29/sources/WORK-LAB/WORK-LAB-CLOUD-REAUDIT-20260917.zip ! WORK-LAB-CLOUD-REAUDIT-20260917/baseline/verified_sources/acp_facade.py,sha256:2f9b582a43ece165fc0f26dac90c72a90464bce1ca92e73f894b0f9e50b10c7b,8410,2f9b582a43ece165fc0f26dac90c72a90464bce1ca92e73f894b0f9e50b10c7b,f5747080,PRESERVED_IN_COMPLETE_ARCHIVE
WL-REC-0035,WL-REC-0035,docs/history/owner-inputs/record-20261009/WORK-LAB-HISTORICAL-RECORDS-20261009.zip,originals/WORK-LAB_MASTER_ATLAS_2026-09-29.zip ! WORK-LAB_MASTER_ATLAS_2026-09-29/sources/WORK-LAB/WORK-LAB-CLOUD-REAUDIT-20260917.zip ! WORK-LAB-CLOUD-REAUDIT-20260917/baseline/previous_audit/verified_sources/config_control_plane.py,sha256:bcdb5dc05ae78e7b8bf0432f9965c603d5b5ccd485924c7617368ce059e29fe7,10829,bcdb5dc05ae78e7b8bf0432f9965c603d5b5ccd485924c7617368ce059e29fe7,00e8a199,PRESERVED_IN_COMPLETE_ARCHIVE
WL-REC-0035,WL-REC-0035,docs/history/owner-inputs/record-20261009/WORK-LAB-HISTORICAL-RECORDS-20261009.zip,originals/WORK-LAB_MASTER_ATLAS_2026-09-29.zip ! WORK-LAB_MASTER_ATLAS_2026-09-29/sources/WORK-LAB/WORK-LAB-CLOUD-REAUDIT-20260917.zip ! WORK-LAB-CLOUD-REAUDIT-20260917/baseline/previous_audit/verified_sources/handoff.py,sha256:98cd97e3f6ace3642e33a7233278cd0ba307384d56610da80e5b622f12c3560a,6006,98cd97e3f6ace3642e33a7233278cd0ba307384d56610da80e5b622f12c3560a,b48b68c5,PRESERVED_IN_COMPLETE_ARCHIVE
WL-REC-0035,WL-REC-0035,docs/history/owner-inputs/record-20261009/WORK-LAB-HISTORICAL-RECORDS-20261009.zip,originals/WORK-LAB_MASTER_ATLAS_2026-09-29.zip ! WORK-LAB_MASTER_ATLAS_2026-09-29/sources/WORK-LAB/WORK-LAB-CLOUD-REAUDIT-20260917.zip ! WORK-LAB-CLOUD-REAUDIT-20260917/SHA256SUMS.txt,sha256:63790a9977e06c94ec3a89277244dc8f40630cee476c3260c43c4c8e7ad38545,4362,63790a9977e06c94ec3a89277244dc8f40630cee476c3260c43c4c8e7ad38545,294d6116,PRESERVED_IN_COMPLETE_ARCHIVE
WL-REC-0035,WL-REC-0035,docs/history/owner-inputs/record-20261009/WORK-LAB-HISTORICAL-RECORDS-20261009.zip,originals/WORK-LAB_MASTER_ATLAS_2026-09-29.zip ! WORK-LAB_MASTER_ATLAS_2026-09-29/sources/WORK-LAB/WORK-LAB-FULL-AUDIT-AND-REPAIR-2026-09-15.zip,sha256:ae829f4a6f2433c39c17f9fbeb90514991bb29a7b2ad7818b3ebe67dc48e7c7a,215336,ae829f4a6f2433c39c17f9fbeb90514991bb29a7b2ad7818b3ebe67dc48e7c7a,036b8b9a,PRESERVED_IN_COMPLETE_ARCHIVE
WL-REC-0035,WL-REC-0035,docs/history/owner-inputs/record-20261009/WORK-LAB-HISTORICAL-RECORDS-20261009.zip,originals/WORK-LAB_MASTER_ATLAS_2026-09-29.zip ! WORK-LAB_MASTER_ATLAS_2026-09-29/sources/WORK-LAB/WORK-LAB-FULL-CLOUD-AUDIT-20260916.md,sha256:417bb40b2b04eb4fcb8da1bbbb0ef3a257a212e820f5b221006d288ca593e76b,48755,417bb40b2b04eb4fcb8da1bbbb0ef3a257a212e820f5b221006d288ca593e76b,93c17d79,PRESERVED_IN_COMPLETE_ARCHIVE
WL-REC-0035,WL-REC-0035,docs/history/owner-inputs/record-20261009/WORK-LAB-HISTORICAL-RECORDS-20261009.zip,originals/WORK-LAB_MASTER_ATLAS_2026-09-29.zip ! WORK-LAB_MASTER_ATLAS_2026-09-29/sources/WORK-LAB/WORK-LAB-FULL-CLOUD-AUDIT-20260916.zip,sha256:45cfacd3f73b1452ae32a89192e756f330c4b4d80807dd879b77b4cb55f12aa8,85182,45cfacd3f73b1452ae32a89192e756f330c4b4d80807dd879b77b4cb55f12aa8,23553604,PRESERVED_IN_COMPLETE_ARCHIVE
WL-REC-0035,WL-REC-0035,docs/history/owner-inputs/record-20261009/WORK-LAB-HISTORICAL-RECORDS-20261009.zip,originals/WORK-LAB_MASTER_ATLAS_2026-09-29.zip ! WORK-LAB_MASTER_ATLAS_2026-09-29/sources/WORK-LAB/WORK-LAB-FULL-CLOUD-AUDIT-20260916.zip ! WORK-LAB-FULL-CLOUD-AUDIT-20260916/AUDIT-COVERAGE.csv,sha256:165465ff9b5db6980c958d2057f3c9b2b9163299cec64fcb5f90c74d8604d31a,15503,165465ff9b5db6980c958d2057f3c9b2b9163299cec64fcb5f90c74d8604d31a,fe1f5152,PRESERVED_IN_COMPLETE_ARCHIVE
WL-REC-0035,WL-REC-0035,docs/history/owner-inputs/record-20261009/WORK-LAB-HISTORICAL-RECORDS-20261009.zip,originals/WORK-LAB_MASTER_ATLAS_2026-09-29.zip ! WORK-LAB_MASTER_ATLAS_2026-09-29/sources/WORK-LAB/WORK-LAB-FULL-CLOUD-AUDIT-20260916.zip ! WORK-LAB-FULL-CLOUD-AUDIT-20260916/README.md,sha256:97f43012d82e1f97f8b0bcb14fb228f0fd0fec95f221f7efd7ce1b074e05a733,1815,97f43012d82e1f97f8b0bcb14fb228f0fd0fec95f221f7efd7ce1b074e05a733,d546784c,PRESERVED_IN_COMPLETE_ARCHIVE
WL-REC-0035,WL-REC-0035,docs/history/owner-inputs/record-20261009/WORK-LAB-HISTORICAL-RECORDS-20261009.zip,originals/WORK-LAB_MASTER_ATLAS_2026-09-29.zip ! WORK-LAB_MASTER_ATLAS_2026-09-29/sources/WORK-LAB/WORK-LAB-FULL-CLOUD-AUDIT-20260916.zip ! WORK-LAB-FULL-CLOUD-AUDIT-20260916/REPAIR-SEQUENCE.md,sha256:90b8360e6d5e2ad32238576ed34415a1e7511456620d2741c46ba04d4c90e759,2237,90b8360e6d5e2ad32238576ed34415a1e7511456620d2741c46ba04d4c90e759,16de77c7,PRESERVED_IN_COMPLETE_ARCHIVE
WL-REC-0035,WL-REC-0035,docs/history/owner-inputs/record-20261009/WORK-LAB-HISTORICAL-RECORDS-20261009.zip,originals/WORK-LAB_MASTER_ATLAS_2026-09-29.zip ! WORK-LAB_MASTER_ATLAS_2026-09-29/sources/WORK-LAB/WORK-LAB-FULL-CLOUD-AUDIT-20260916.zip ! WORK-LAB-FULL-CLOUD-AUDIT-20260916/REPRODUCTION-INDEX.md,sha256:931b52fa6a4751201d8442fb7c5d603862616b87dd3164a8d0fb8f25d8fc1d4a,1941,931b52fa6a4751201d8442fb7c5d603862616b87dd3164a8d0fb8f25d8fc1d4a,631a85dc,PRESERVED_IN_COMPLETE_ARCHIVE
WL-REC-0035,WL-REC-0035,docs/history/owner-inputs/record-20261009/WORK-LAB-HISTORICAL-RECORDS-20261009.zip,originals/WORK-LAB_MASTER_ATLAS_2026-09-29.zip ! WORK-LAB_MASTER_ATLAS_2026-09-29/sources/WORK-LAB/WORK-LAB-FULL-CLOUD-AUDIT-20260916.zip ! WORK-LAB-FULL-CLOUD-AUDIT-20260916/SHA256SUMS.txt,sha256:a73375ad4be15c82922ad1531f82eb1c03765f6d55488f94aff2d63543357f87,2475,a73375ad4be15c82922ad1531f82eb1c03765f6d55488f94aff2d63543357f87,cd0c52fd,PRESERVED_IN_COMPLETE_ARCHIVE
WL-REC-0035,WL-REC-0035,docs/history/owner-inputs/record-20261009/WORK-LAB-HISTORICAL-RECORDS-20261009.zip,originals/WORK-LAB_MASTER_ATLAS_2026-09-29.zip ! WORK-LAB_MASTER_ATLAS_2026-09-29/sources/WORK-LAB/WORK-LAB-FULL-CLOUD-AUDIT-20260916.zip ! WORK-LAB-FULL-CLOUD-AUDIT-20260916/WORK-LAB-FULL-CLOUD-AUDIT-20260916.md,sha256:417bb40b2b04eb4fcb8da1bbbb0ef3a257a212e820f5b221006d288ca593e76b,48755,417bb40b2b04eb4fcb8da1bbbb0ef3a257a212e820f5b221006d288ca593e76b,93c17d79,PRESERVED_IN_COMPLETE_ARCHIVE
WL-REC-0035,WL-REC-0035,docs/history/owner-inputs/record-20261009/WORK-LAB-HISTORICAL-RECORDS-20261009.zip,originals/WORK-LAB_MASTER_ATLAS_2026-09-29.zip ! WORK-LAB_MASTER_ATLAS_2026-09-29/sources/WORK-LAB/WORK-LAB-FULL-CLOUD-AUDIT-20260916.zip ! WORK-LAB-FULL-CLOUD-AUDIT-20260916/coverage.json,sha256:462c20600b6a62d8c9f4b2027ac8e5d035f2c2050d2adf551621491b3c23a645,22968,462c20600b6a62d8c9f4b2027ac8e5d035f2c2050d2adf551621491b3c23a645,4270d9ac,PRESERVED_IN_COMPLETE_ARCHIVE
WL-REC-0035,WL-REC-0035,docs/history/owner-inputs/record-20261009/WORK-LAB-HISTORICAL-RECORDS-20261009.zip,originals/WORK-LAB_MASTER_ATLAS_2026-09-29.zip ! WORK-LAB_MASTER_ATLAS_2026-09-29/sources/WORK-LAB/WORK-LAB-FULL-CLOUD-AUDIT-20260916.zip ! WORK-LAB-FULL-CLOUD-AUDIT-20260916/findings.json,sha256:d6cc57a98a17698109555ce644f189f12309036d295c06f8a2979c6567797f5f,33784,d6cc57a98a17698109555ce644f189f12309036d295c06f8a2979c6567797f5f,1aa687ce,PRESERVED_IN_COMPLETE_ARCHIVE
WL-REC-0035,WL-REC-0035,docs/history/owner-inputs/record-20261009/WORK-LAB-HISTORICAL-RECORDS-20261009.zip,originals/WORK-LAB_MASTER_ATLAS_2026-09-29.zip ! WORK-LAB_MASTER_ATLAS_2026-09-29/sources/WORK-LAB/WORK-LAB-FULL-CLOUD-AUDIT-20260916.zip ! WORK-LAB-FULL-CLOUD-AUDIT-20260916/previous_audit/README.md,sha256:2ad92f7b71ededd900daef0750f3cc2a490d2391e4ad9d94b8a09632ac710461,653,2ad92f7b71ededd900daef0750f3cc2a490d2391e4ad9d94b8a09632ac710461,1aa450a6,PRESERVED_IN_COMPLETE_ARCHIVE
WL-REC-0035,WL-REC-0035,docs/history/owner-inputs/record-20261009/WORK-LAB-HISTORICAL-RECORDS-20261009.zip,originals/WORK-LAB_MASTER_ATLAS_2026-09-29.zip ! WORK-LAB_MASTER_ATLAS_2026-09-29/sources/WORK-LAB/WORK-LAB-FULL-CLOUD-AUDIT-20260916.zip ! WORK-LAB-FULL-CLOUD-AUDIT-20260916/previous_audit/WORK-LAB-CLOUD-AUDIT-20260916.md,sha256:7fef0af8759944fd219b355c275743cd9a0a4831c949ac9e8c0f7adcf1fea055,13061,7fef0af8759944fd219b355c275743cd9a0a4831c949ac9e8c0f7adcf1fea055,2b6e1613,PRESERVED_IN_COMPLETE_ARCHIVE
WL-REC-0035,WL-REC-0035,docs/history/owner-inputs/record-20261009/WORK-LAB-HISTORICAL-RECORDS-20261009.zip,originals/WORK-LAB_MASTER_ATLAS_2026-09-29.zip ! WORK-LAB_MASTER_ATLAS_2026-09-29/sources/WORK-LAB/WORK-LAB-FULL-CLOUD-AUDIT-20260916.zip ! WORK-LAB-FULL-CLOUD-AUDIT-20260916/previous_audit/reproduce_audit.py,sha256:99cfe69232b8076c813a4f0696059db419f38fe2fb9c2e3a81ec2c4b4b6f33d3,7688,99cfe69232b8076c813a4f0696059db419f38fe2fb9c2e3a81ec2c4b4b6f33d3,227dd243,PRESERVED_IN_COMPLETE_ARCHIVE
WL-REC-0035,WL-REC-0035,docs/history/owner-inputs/record-20261009/WORK-LAB-HISTORICAL-RECORDS-20261009.zip,originals/WORK-LAB_MASTER_ATLAS_2026-09-29.zip ! WORK-LAB_MASTER_ATLAS_2026-09-29/sources/WORK-LAB/WORK-LAB-FULL-CLOUD-AUDIT-20260916.zip ! WORK-LAB-FULL-CLOUD-AUDIT-20260916/previous_audit/reproduction_results.json,sha256:0ba32a7bac526e5d588e90d887093a746645259c832cdb1266a9283064c0d702,2977,0ba32a7bac526e5d588e90d887093a746645259c832cdb1266a9283064c0d702,13bc8d0d,PRESERVED_IN_COMPLETE_ARCHIVE
WL-REC-0035,WL-REC-0035,docs/history/owner-inputs/record-20261009/WORK-LAB-HISTORICAL-RECORDS-20261009.zip,originals/WORK-LAB_MASTER_ATLAS_2026-09-29.zip ! WORK-LAB_MASTER_ATLAS_2026-09-29/sources/WORK-LAB/WORK-LAB-FULL-CLOUD-AUDIT-20260916.zip ! WORK-LAB-FULL-CLOUD-AUDIT-20260916/previous_audit/source_hashes.json,sha256:4c94bb7b8d4d5ab7412933315c9c5fc9c7961eb5f0fe61e25ca69a90b4ef09f2,411,4c94bb7b8d4d5ab7412933315c9c5fc9c7961eb5f0fe61e25ca69a90b4ef09f2,361d7c46,PRESERVED_IN_COMPLETE_ARCHIVE
WL-REC-0035,WL-REC-0035,docs/history/owner-inputs/record-20261009/WORK-LAB-HISTORICAL-RECORDS-20261009.zip,originals/WORK-LAB_MASTER_ATLAS_2026-09-29.zip ! WORK-LAB_MASTER_ATLAS_2026-09-29/sources/WORK-LAB/WORK-LAB-FULL-CLOUD-AUDIT-20260916.zip ! WORK-LAB-FULL-CLOUD-AUDIT-20260916/previous_audit/verified_sources/config_control_plane.py,sha256:bcdb5dc05ae78e7b8bf0432f9965c603d5b5ccd485924c7617368ce059e29fe7,10829,bcdb5dc05ae78e7b8bf0432f9965c603d5b5ccd485924c7617368ce059e29fe7,00e8a199,PRESERVED_IN_COMPLETE_ARCHIVE
WL-REC-0035,WL-REC-0035,docs/history/owner-inputs/record-20261009/WORK-LAB-HISTORICAL-RECORDS-20261009.zip,originals/WORK-LAB_MASTER_ATLAS_2026-09-29.zip ! WORK-LAB_MASTER_ATLAS_2026-09-29/sources/WORK-LAB/WORK-LAB-FULL-CLOUD-AUDIT-20260916.zip ! WORK-LAB-FULL-CLOUD-AUDIT-20260916/previous_audit/verified_sources/handoff.py,sha256:98cd97e3f6ace3642e33a7233278cd0ba307384d56610da80e5b622f12c3560a,6006,98cd97e3f6ace3642e33a7233278cd0ba307384d56610da80e5b622f12c3560a,b48b68c5,PRESERVED_IN_COMPLETE_ARCHIVE
WL-REC-0035,WL-REC-0035,docs/history/owner-inputs/record-20261009/WORK-LAB-HISTORICAL-RECORDS-20261009.zip,originals/WORK-LAB_MASTER_ATLAS_2026-09-29.zip ! WORK-LAB_MASTER_ATLAS_2026-09-29/sources/WORK-LAB/WORK-LAB-FULL-CLOUD-AUDIT-20260916.zip ! WORK-LAB-FULL-CLOUD-AUDIT-20260916/probes/reproduce_frontend.cjs,sha256:b938c77e65f28366879714b447f6d0d86c4a82723c9c866902c3fffcedcb2224,4347,b938c77e65f28366879714b447f6d0d86c4a82723c9c866902c3fffcedcb2224,226c9908,PRESERVED_IN_COMPLETE_ARCHIVE
WL-REC-0035,WL-REC-0035,docs/history/owner-inputs/record-20261009/WORK-LAB-HISTORICAL-RECORDS-20261009.zip,originals/WORK-LAB_MASTER_ATLAS_2026-09-29.zip ! WORK-LAB_MASTER_ATLAS_2026-09-29/sources/WORK-LAB/WORK-LAB-FULL-CLOUD-AUDIT-20260916.zip ! WORK-LAB-FULL-CLOUD-AUDIT-20260916/probes/reproduce_python.py,sha256:38fcb8467fa0ef783f2a5998f65a29e0c91b373dd242b52e00774b7c3ac81aa9,6402,38fcb8467fa0ef783f2a5998f65a29e0c91b373dd242b52e00774b7c3ac81aa9,eafdede4,PRESERVED_IN_COMPLETE_ARCHIVE
WL-REC-0035,WL-REC-0035,docs/history/owner-inputs/record-20261009/WORK-LAB-HISTORICAL-RECORDS-20261009.zip,originals/WORK-LAB_MASTER_ATLAS_2026-09-29.zip ! WORK-LAB_MASTER_ATLAS_2026-09-29/sources/WORK-LAB/WORK-LAB-FULL-CLOUD-AUDIT-20260916.zip ! WORK-LAB-FULL-CLOUD-AUDIT-20260916/remote_state.json,sha256:aad13dddca001da3983b4bed2c892d0f956c0c3b9cf8f07008db3cdb10907012,1146,aad13dddca001da3983b4bed2c892d0f956c0c3b9cf8f07008db3cdb10907012,c69cfe1a,PRESERVED_IN_COMPLETE_ARCHIVE
WL-REC-0035,WL-REC-0035,docs/history/owner-inputs/record-20261009/WORK-LAB-HISTORICAL-RECORDS-20261009.zip,originals/WORK-LAB_MASTER_ATLAS_2026-09-29.zip ! WORK-LAB_MASTER_ATLAS_2026-09-29/sources/WORK-LAB/WORK-LAB-FULL-CLOUD-AUDIT-20260916.zip ! WORK-LAB-FULL-CLOUD-AUDIT-20260916/results/frontend_counterexamples.json,sha256:8ac980a0459518c3f46e4b6e826973b6412f313672c71024328a17b8fe73564e,1979,8ac980a0459518c3f46e4b6e826973b6412f313672c71024328a17b8fe73564e,6a173f0a,PRESERVED_IN_COMPLETE_ARCHIVE
WL-REC-0035,WL-REC-0035,docs/history/owner-inputs/record-20261009/WORK-LAB-HISTORICAL-RECORDS-20261009.zip,originals/WORK-LAB_MASTER_ATLAS_2026-09-29.zip ! WORK-LAB_MASTER_ATLAS_2026-09-29/sources/WORK-LAB/WORK-LAB-FULL-CLOUD-AUDIT-20260916.zip ! WORK-LAB-FULL-CLOUD-AUDIT-20260916/results/previous_probe_rerun.log,sha256:0ba32a7bac526e5d588e90d887093a746645259c832cdb1266a9283064c0d702,2977,0ba32a7bac526e5d588e90d887093a746645259c832cdb1266a9283064c0d702,13bc8d0d,PRESERVED_IN_COMPLETE_ARCHIVE
WL-REC-0035,WL-REC-0035,docs/history/owner-inputs/record-20261009/WORK-LAB-HISTORICAL-RECORDS-20261009.zip,originals/WORK-LAB_MASTER_ATLAS_2026-09-29.zip ! WORK-LAB_MASTER_ATLAS_2026-09-29/sources/WORK-LAB/WORK-LAB-FULL-CLOUD-AUDIT-20260916.zip ! WORK-LAB-FULL-CLOUD-AUDIT-20260916/results/python_counterexamples.json,sha256:770d3b5b1aee64b754a5db851dc1d2a0c3fd9b85bc027bef6ce97f759b464b51,3873,770d3b5b1aee64b754a5db851dc1d2a0c3fd9b85bc027bef6ce97f759b464b51,8bd51568,PRESERVED_IN_COMPLETE_ARCHIVE
WL-REC-0035,WL-REC-0035,docs/history/owner-inputs/record-20261009/WORK-LAB-HISTORICAL-RECORDS-20261009.zip,originals/WORK-LAB_MASTER_ATLAS_2026-09-29.zip ! WORK-LAB_MASTER_ATLAS_2026-09-29/sources/WORK-LAB/WORK-LAB-FULL-CLOUD-AUDIT-20260916.zip ! WORK-LAB-FULL-CLOUD-AUDIT-20260916/results/summary.json,sha256:9b298036801660e08815496049eef7877df6641dd81c87c4fc33355b17533fda,373,9b298036801660e08815496049eef7877df6641dd81c87c4fc33355b17533fda,6b3aea7a,PRESERVED_IN_COMPLETE_ARCHIVE
WL-REC-0035,WL-REC-0035,docs/history/owner-inputs/record-20261009/WORK-LAB-HISTORICAL-RECORDS-20261009.zip,originals/WORK-LAB_MASTER_ATLAS_2026-09-29.zip ! WORK-LAB_MASTER_ATLAS_2026-09-29/sources/WORK-LAB/WORK-LAB-FULL-CLOUD-AUDIT-20260916.zip ! WORK-LAB-FULL-CLOUD-AUDIT-20260916/source_hashes.json,sha256:a67e80e85bd70176c37e9287bf807dea60092fbc3bb2b9b7f65a78fecbf19156,3070,a67e80e85bd70176c37e9287bf807dea60092fbc3bb2b9b7f65a78fecbf19156,2d7c2bb4,PRESERVED_IN_COMPLETE_ARCHIVE
WL-REC-0035,WL-REC-0035,docs/history/owner-inputs/record-20261009/WORK-LAB-HISTORICAL-RECORDS-20261009.zip,originals/WORK-LAB_MASTER_ATLAS_2026-09-29.zip ! WORK-LAB_MASTER_ATLAS_2026-09-29/sources/WORK-LAB/WORK-LAB-FULL-CLOUD-AUDIT-20260916.zip ! WORK-LAB-FULL-CLOUD-AUDIT-20260916/verified_sources/acp_facade.py,sha256:2f9b582a43ece165fc0f26dac90c72a90464bce1ca92e73f894b0f9e50b10c7b,8410,2f9b582a43ece165fc0f26dac90c72a90464bce1ca92e73f894b0f9e50b10c7b,f5747080,PRESERVED_IN_COMPLETE_ARCHIVE
WL-REC-0035,WL-REC-0035,docs/history/owner-inputs/record-20261009/WORK-LAB-HISTORICAL-RECORDS-20261009.zip,originals/WORK-LAB_MASTER_ATLAS_2026-09-29.zip ! WORK-LAB_MASTER_ATLAS_2026-09-29/sources/WORK-LAB/WORK-LAB-FULL-CLOUD-AUDIT-20260916.zip ! WORK-LAB-FULL-CLOUD-AUDIT-20260916/verified_sources/api.ts,sha256:31ea9dbf00927830fd3f22e2b1affef375fba07ad14af9b4127409ca3a7c8ee6,6853,31ea9dbf00927830fd3f22e2b1affef375fba07ad14af9b4127409ca3a7c8ee6,f27eb32c,PRESERVED_IN_COMPLETE_ARCHIVE
WL-REC-0035,WL-REC-0035,docs/history/owner-inputs/record-20261009/WORK-LAB-HISTORICAL-RECORDS-20261009.zip,originals/WORK-LAB_MASTER_ATLAS_2026-09-29.zip ! WORK-LAB_MASTER_ATLAS_2026-09-29/sources/WORK-LAB/WORK-LAB-FULL-CLOUD-AUDIT-20260916.zip ! WORK-LAB-FULL-CLOUD-AUDIT-20260916/verified_sources/final_audit.py,sha256:2e3b829d19fb614c46796b5244b15d34ab154fbe0e56581a7609ea3bf1e2febd,5444,2e3b829d19fb614c46796b5244b15d34ab154fbe0e56581a7609ea3bf1e2febd,85d56946,PRESERVED_IN_COMPLETE_ARCHIVE
WL-REC-0035,WL-REC-0035,docs/history/owner-inputs/record-20261009/WORK-LAB-HISTORICAL-RECORDS-20261009.zip,originals/WORK-LAB_MASTER_ATLAS_2026-09-29.zip ! WORK-LAB_MASTER_ATLAS_2026-09-29/sources/WORK-LAB/WORK-LAB-FULL-CLOUD-AUDIT-20260916.zip ! WORK-LAB-FULL-CLOUD-AUDIT-20260916/verified_sources/snapshot_api.py,sha256:1f5754bdbcfc49fdaf0ece8d5fc7068e806e227e3e88c5d27a70812630a6ca0c,12904,1f5754bdbcfc49fdaf0ece8d5fc7068e806e227e3e88c5d27a70812630a6ca0c,2307d9e2,PRESERVED_IN_COMPLETE_ARCHIVE
WL-REC-0035,WL-REC-0035,docs/history/owner-inputs/record-20261009/WORK-LAB-HISTORICAL-RECORDS-20261009.zip,originals/WORK-LAB_MASTER_ATLAS_2026-09-29.zip ! WORK-LAB_MASTER_ATLAS_2026-09-29/sources/WORK-LAB/WORK-LAB-FULL-PROJECT-SCOPE-20260916.md,sha256:483ae11f59e1dda1f6d0079521148923cbdf5c0f5129484629d9b9d40e13d6b8,13399,483ae11f59e1dda1f6d0079521148923cbdf5c0f5129484629d9b9d40e13d6b8,d2590e18,PRESERVED_IN_COMPLETE_ARCHIVE
WL-REC-0035,WL-REC-0035,docs/history/owner-inputs/record-20261009/WORK-LAB-HISTORICAL-RECORDS-20261009.zip,originals/WORK-LAB_MASTER_ATLAS_2026-09-29.zip ! WORK-LAB_MASTER_ATLAS_2026-09-29/sources/WORK-LAB/WORK-LAB-HERMES-COMPLETE-PACK-REVIEW.md,sha256:b2860bd55882a6474bcc0e25a90a155b41895f87f646c98a81120c257571fc1e,8801,b2860bd55882a6474bcc0e25a90a155b41895f87f646c98a81120c257571fc1e,19ae5237,PRESERVED_IN_COMPLETE_ARCHIVE
WL-REC-0035,WL-REC-0035,docs/history/owner-inputs/record-20261009/WORK-LAB-HISTORICAL-RECORDS-20261009.zip,originals/WORK-LAB_MASTER_ATLAS_2026-09-29.zip ! WORK-LAB_MASTER_ATLAS_2026-09-29/sources/WORK-LAB/WORK-LAB-HERMES-RECOVERY-FIRST-TASKPACK.md,sha256:d5e10f7c1677ac433448e39a34f3f9ab3d8c7ea9e367949ee9e492329364497f,16373,d5e10f7c1677ac433448e39a34f3f9ab3d8c7ea9e367949ee9e492329364497f,c8596510,PRESERVED_IN_COMPLETE_ARCHIVE
WL-REC-0035,WL-REC-0035,docs/history/owner-inputs/record-20261009/WORK-LAB-HISTORICAL-RECORDS-20261009.zip,originals/WORK-LAB_MASTER_ATLAS_2026-09-29.zip ! WORK-LAB_MASTER_ATLAS_2026-09-29/sources/WORK-LAB/WORK-LAB-INTEGRATED-NORMALIZATION-TASKPACK-2026-09-14.md,sha256:de6531801d012124b675ef4d598ba07ea51d6c7082676bcbfcecdf416525def3,21511,de6531801d012124b675ef4d598ba07ea51d6c7082676bcbfcecdf416525def3,cc8e2efa,PRESERVED_IN_COMPLETE_ARCHIVE
WL-REC-0035,WL-REC-0035,docs/history/owner-inputs/record-20261009/WORK-LAB-HISTORICAL-RECORDS-20261009.zip,originals/WORK-LAB_MASTER_ATLAS_2026-09-29.zip ! WORK-LAB_MASTER_ATLAS_2026-09-29/sources/WORK-LAB/WORK-LAB-INTEGRATED-TASKPACK-20260916.zip,sha256:76e31e94f42db411d2a8e124ced8444dae0645155c9fafb73003728930a675cb,62060,76e31e94f42db411d2a8e124ced8444dae0645155c9fafb73003728930a675cb,085252c4,PRESERVED_IN_COMPLETE_ARCHIVE
WL-REC-0035,WL-REC-0035,docs/history/owner-inputs/record-20261009/WORK-LAB-HISTORICAL-RECORDS-20261009.zip,originals/WORK-LAB_MASTER_ATLAS_2026-09-29.zip ! WORK-LAB_MASTER_ATLAS_2026-09-29/sources/WORK-LAB/WORK-LAB-P1-INDEPENDENT-REVIEW-2026-09-14.md,sha256:c7ee56833e3da29401bc68e33b256d682d462386cd577401530938bf3ec6d5dd,10494,c7ee56833e3da29401bc68e33b256d682d462386cd577401530938bf3ec6d5dd,c1c1a753,PRESERVED_IN_COMPLETE_ARCHIVE
WL-REC-0035,WL-REC-0035,docs/history/owner-inputs/record-20261009/WORK-LAB-HISTORICAL-RECORDS-20261009.zip,originals/WORK-LAB_MASTER_ATLAS_2026-09-29.zip ! WORK-LAB_MASTER_ATLAS_2026-09-29/sources/WORK-LAB/WORK-LAB-REVIEW-AND-TASKPACK-20260916.md,sha256:e691476d46d4d44f40396dc7b29f0ad9657f4c436c5bac326c80f1ec82692341,66515,e691476d46d4d44f40396dc7b29f0ad9657f4c436c5bac326c80f1ec82692341,fbfe46f0,PRESERVED_IN_COMPLETE_ARCHIVE
WL-REC-0035,WL-REC-0035,docs/history/owner-inputs/record-20261009/WORK-LAB-HISTORICAL-RECORDS-20261009.zip,originals/WORK-LAB_MASTER_ATLAS_2026-09-29.zip ! WORK-LAB_MASTER_ATLAS_2026-09-29/sources/WORK-LAB/WORK-LAB-UNIFIED-PRODUCT-CONVERGENCE-TASKPACK-20260918(1).md,sha256:de47786c674f72da4c133dde85ec618fb61d63d289145a39a02d6706d988a48c,9526,de47786c674f72da4c133dde85ec618fb61d63d289145a39a02d6706d988a48c,3ef84f6b,PRESERVED_IN_COMPLETE_ARCHIVE
WL-REC-0035,WL-REC-0035,docs/history/owner-inputs/record-20261009/WORK-LAB-HISTORICAL-RECORDS-20261009.zip,originals/WORK-LAB_MASTER_ATLAS_2026-09-29.zip ! WORK-LAB_MASTER_ATLAS_2026-09-29/sources/WORK-LAB/WORK-LAB-UNIFIED-PRODUCT-CONVERGENCE-TASKPACK-20260918.md,sha256:f2bcb0b84a5e6ac0ca6d374f5a88b3f814ecbe03ca3ed7a6c5bce31ba9e095c4,11927,f2bcb0b84a5e6ac0ca6d374f5a88b3f814ecbe03ca3ed7a6c5bce31ba9e095c4,dca24507,PRESERVED_IN_COMPLETE_ARCHIVE
WL-REC-0035,WL-REC-0035,docs/history/owner-inputs/record-20261009/WORK-LAB-HISTORICAL-RECORDS-20261009.zip,originals/WORK-LAB_MASTER_ATLAS_2026-09-29.zip ! WORK-LAB_MASTER_ATLAS_2026-09-29/sources/WORK-LAB/WORK-LAB-UNIVERSAL-WORKFLOW-TASKPACK-20260916.zip,sha256:4b79a4d8b1bd622dcabfff08393c9a1ccec9fd270837eecf8ac490ffca3486d4,79590,4b79a4d8b1bd622dcabfff08393c9a1ccec9fd270837eecf8ac490ffca3486d4,b4b13162,PRESERVED_IN_COMPLETE_ARCHIVE
WL-REC-0035,WL-REC-0035,docs/history/owner-inputs/record-20261009/WORK-LAB-HISTORICAL-RECORDS-20261009.zip,originals/WORK-LAB_MASTER_ATLAS_2026-09-29.zip ! WORK-LAB_MASTER_ATLAS_2026-09-29/sources/WORK-LAB/WORK-LAB-UNIVERSAL-WORKFLOW-TASKPACK-20260916.zip ! WORK-LAB-UNIVERSAL-WORKFLOW-TASKPACK-20260916/ACCEPTANCE.md,sha256:1041c97b1b1374aa23c8f7507caf4e5f056c21fe911a04f00cbc2cc2b55b950c,20966,1041c97b1b1374aa23c8f7507caf4e5f056c21fe911a04f00cbc2cc2b55b950c,2dae83c4,PRESERVED_IN_COMPLETE_ARCHIVE
WL-REC-0035,WL-REC-0035,docs/history/owner-inputs/record-20261009/WORK-LAB-HISTORICAL-RECORDS-20261009.zip,originals/WORK-LAB_MASTER_ATLAS_2026-09-29.zip ! WORK-LAB_MASTER_ATLAS_2026-09-29/sources/WORK-LAB/WORK-LAB-UNIVERSAL-WORKFLOW-TASKPACK-20260916.zip ! WORK-LAB-UNIVERSAL-WORKFLOW-TASKPACK-20260916/IMPLEMENTATION-NOTES.md,sha256:6126464a114ee424c5136dfd309a68a285d261494e4bad0b39dedb8856ef084e,16922,6126464a114ee424c5136dfd309a68a285d261494e4bad0b39dedb8856ef084e,a764f784,PRESERVED_IN_COMPLETE_ARCHIVE
WL-REC-0035,WL-REC-0035,docs/history/owner-inputs/record-20261009/WORK-LAB-HISTORICAL-RECORDS-20261009.zip,originals/WORK-LAB_MASTER_ATLAS_2026-09-29.zip ! WORK-LAB_MASTER_ATLAS_2026-09-29/sources/WORK-LAB/WORK-LAB-UNIVERSAL-WORKFLOW-TASKPACK-20260916.zip ! WORK-LAB-UNIVERSAL-WORKFLOW-TASKPACK-20260916/README.md,sha256:938a752e573a24986d5910baf86a72b1676144953c2c3ebac21ea2526de3ab82,2043,938a752e573a24986d5910baf86a72b1676144953c2c3ebac21ea2526de3ab82,59faa275,PRESERVED_IN_COMPLETE_ARCHIVE
WL-REC-0035,WL-REC-0035,docs/history/owner-inputs/record-20261009/WORK-LAB-HISTORICAL-RECORDS-20261009.zip,originals/WORK-LAB_MASTER_ATLAS_2026-09-29.zip ! WORK-LAB_MASTER_ATLAS_2026-09-29/sources/WORK-LAB/WORK-LAB-UNIVERSAL-WORKFLOW-TASKPACK-20260916.zip ! WORK-LAB-UNIVERSAL-WORKFLOW-TASKPACK-20260916/SHA256SUMS.txt,sha256:ac9b084f191671ba055f057491066a9a08208e7a632bb44f2949674ca793bcef,935,ac9b084f191671ba055f057491066a9a08208e7a632bb44f2949674ca793bcef,3fc96aa5,PRESERVED_IN_COMPLETE_ARCHIVE
WL-REC-0035,WL-REC-0035,docs/history/owner-inputs/record-20261009/WORK-LAB-HISTORICAL-RECORDS-20261009.zip,originals/WORK-LAB_MASTER_ATLAS_2026-09-29.zip ! WORK-LAB_MASTER_ATLAS_2026-09-29/sources/WORK-LAB/WORK-LAB-UNIVERSAL-WORKFLOW-TASKPACK-20260916.zip ! WORK-LAB-UNIVERSAL-WORKFLOW-TASKPACK-20260916/SOURCES-AND-CARRYFORWARD.md,sha256:c8ef500d89c8ed29f7bf566c58da3bb81378db2776276ada66a04ef8ec78b6f8,14019,c8ef500d89c8ed29f7bf566c58da3bb81378db2776276ada66a04ef8ec78b6f8,9b53070a,PRESERVED_IN_COMPLETE_ARCHIVE
WL-REC-0035,WL-REC-0035,docs/history/owner-inputs/record-20261009/WORK-LAB-HISTORICAL-RECORDS-20261009.zip,originals/WORK-LAB_MASTER_ATLAS_2026-09-29.zip ! WORK-LAB_MASTER_ATLAS_2026-09-29/sources/WORK-LAB/WORK-LAB-UNIVERSAL-WORKFLOW-TASKPACK-20260916.zip ! WORK-LAB-UNIVERSAL-WORKFLOW-TASKPACK-20260916/START-ANY-AGENT.md,sha256:26ca7d0af967fa5c46fb4ecac8b001f0edc6476cb781e1012ea4e0db2f347ec5,2919,26ca7d0af967fa5c46fb4ecac8b001f0edc6476cb781e1012ea4e0db2f347ec5,001cd127,PRESERVED_IN_COMPLETE_ARCHIVE
WL-REC-0035,WL-REC-0035,docs/history/owner-inputs/record-20261009/WORK-LAB-HISTORICAL-RECORDS-20261009.zip,originals/WORK-LAB_MASTER_ATLAS_2026-09-29.zip ! WORK-LAB_MASTER_ATLAS_2026-09-29/sources/WORK-LAB/WORK-LAB-UNIVERSAL-WORKFLOW-TASKPACK-20260916.zip ! WORK-LAB-UNIVERSAL-WORKFLOW-TASKPACK-20260916/TASKPACK.md,sha256:c636bf8a4768ee2a60fae1c4462e491bb17662cc03f88d576928d7452b9eb702,48555,c636bf8a4768ee2a60fae1c4462e491bb17662cc03f88d576928d7452b9eb702,13abf782,PRESERVED_IN_COMPLETE_ARCHIVE
WL-REC-0035,WL-REC-0035,docs/history/owner-inputs/record-20261009/WORK-LAB-HISTORICAL-RECORDS-20261009.zip,originals/WORK-LAB_MASTER_ATLAS_2026-09-29.zip ! WORK-LAB_MASTER_ATLAS_2026-09-29/sources/WORK-LAB/WORK-LAB-UNIVERSAL-WORKFLOW-TASKPACK-20260916.zip ! WORK-LAB-UNIVERSAL-WORKFLOW-TASKPACK-20260916/TASKS.json,sha256:d1664f1e997315814c3154dac60682e55ede4cd7464a0e3a3ab553973f777c9c,98242,d1664f1e997315814c3154dac60682e55ede4cd7464a0e3a3ab553973f777c9c,3ed8ce4a,PRESERVED_IN_COMPLETE_ARCHIVE
WL-REC-0035,WL-REC-0035,docs/history/owner-inputs/record-20261009/WORK-LAB-HISTORICAL-RECORDS-20261009.zip,originals/WORK-LAB_MASTER_ATLAS_2026-09-29.zip ! WORK-LAB_MASTER_ATLAS_2026-09-29/sources/WORK-LAB/WORK-LAB-UNIVERSAL-WORKFLOW-TASKPACK-20260916.zip ! WORK-LAB-UNIVERSAL-WORKFLOW-TASKPACK-20260916/VALIDATION.txt,sha256:be0a8bb0e02425734feed3d63c0666b135d39d2433175d6c1b298bbc42ab10cd,628,be0a8bb0e02425734feed3d63c0666b135d39d2433175d6c1b298bbc42ab10cd,08919671,PRESERVED_IN_COMPLETE_ARCHIVE
WL-REC-0035,WL-REC-0035,docs/history/owner-inputs/record-20261009/WORK-LAB-HISTORICAL-RECORDS-20261009.zip,originals/WORK-LAB_MASTER_ATLAS_2026-09-29.zip ! WORK-LAB_MASTER_ATLAS_2026-09-29/sources/WORK-LAB/WORK-LAB-UNIVERSAL-WORKFLOW-TASKPACK-20260916.zip ! WORK-LAB-UNIVERSAL-WORKFLOW-TASKPACK-20260916/examples/envelopes.json,sha256:2efecb9baa9bccc508b8757ae7ac634e2c4b75adaac142df6aac821cb052f04c,3990,2efecb9baa9bccc508b8757ae7ac634e2c4b75adaac142df6aac821cb052f04c,d11ba702,PRESERVED_IN_COMPLETE_ARCHIVE
WL-REC-0035,WL-REC-0035,docs/history/owner-inputs/record-20261009/WORK-LAB-HISTORICAL-RECORDS-20261009.zip,originals/WORK-LAB_MASTER_ATLAS_2026-09-29.zip ! WORK-LAB_MASTER_ATLAS_2026-09-29/sources/WORK-LAB/WORK-LAB-UNIVERSAL-WORKFLOW-TASKPACK-20260916.zip ! WORK-LAB-UNIVERSAL-WORKFLOW-TASKPACK-20260916/examples/project-bindings.json,sha256:e552ad7a59b064a09ccec8593544a1c30d92144a4e338a3acb560b4e7ae47207,2153,e552ad7a59b064a09ccec8593544a1c30d92144a4e338a3acb560b4e7ae47207,8a12f2c0,PRESERVED_IN_COMPLETE_ARCHIVE
WL-REC-0035,WL-REC-0035,docs/history/owner-inputs/record-20261009/WORK-LAB-HISTORICAL-RECORDS-20261009.zip,originals/WORK-LAB_MASTER_ATLAS_2026-09-29.zip ! WORK-LAB_MASTER_ATLAS_2026-09-29/sources/WORK-LAB/WORK-LAB-UNIVERSAL-WORKFLOW-TASKPACK-20260916.zip ! WORK-LAB-UNIVERSAL-WORKFLOW-TASKPACK-20260916/validate_taskpack.py,sha256:135cb2e1472a34523ff112fb25b6e2209722d7b1f01c404dc51b79176664662c,11345,135cb2e1472a34523ff112fb25b6e2209722d7b1f01c404dc51b79176664662c,35f8a258,PRESERVED_IN_COMPLETE_ARCHIVE
WL-REC-0035,WL-REC-0035,docs/history/owner-inputs/record-20261009/WORK-LAB-HISTORICAL-RECORDS-20261009.zip,originals/WORK-LAB_MASTER_ATLAS_2026-09-29.zip ! WORK-LAB_MASTER_ATLAS_2026-09-29/sources/WORK-LAB/WORK-LAB-WORKFLOW-ADAPTATION-2026-09-14.md,sha256:7118047fde75cff3593acf2a2ba0dcca1218c06d448507a372b6d2b32f812e61,23816,7118047fde75cff3593acf2a2ba0dcca1218c06d448507a372b6d2b32f812e61,5fe17783,PRESERVED_IN_COMPLETE_ARCHIVE
WL-REC-0035,WL-REC-0035,docs/history/owner-inputs/record-20261009/WORK-LAB-HISTORICAL-RECORDS-20261009.zip,originals/WORK-LAB_MASTER_ATLAS_2026-09-29.zip ! WORK-LAB_MASTER_ATLAS_2026-09-29/sources/WORK-LAB/WORK-LAB_20260923_CI_Evidence_Excerpt.md,sha256:f8d8159d15d26ea05b140ce26e7347fbb8766da220abc7207f40e732095578f0,4378,f8d8159d15d26ea05b140ce26e7347fbb8766da220abc7207f40e732095578f0,ba6a9df0,PRESERVED_IN_COMPLETE_ARCHIVE
WL-REC-0035,WL-REC-0035,docs/history/owner-inputs/record-20261009/WORK-LAB-HISTORICAL-RECORDS-20261009.zip,originals/WORK-LAB_MASTER_ATLAS_2026-09-29.zip ! WORK-LAB_MASTER_ATLAS_2026-09-29/sources/WORK-LAB/WORK-LAB_20260923_Converged_Instructions.zip,sha256:9ff5f765dacd0b6f7f5a63597adc67efc96579930e6aab0d627a1e29307a76b0,58689,9ff5f765dacd0b6f7f5a63597adc67efc96579930e6aab0d627a1e29307a76b0,2a2fb273,PRESERVED_IN_COMPLETE_ARCHIVE
WL-REC-0035,WL-REC-0035,docs/history/owner-inputs/record-20261009/WORK-LAB-HISTORICAL-RECORDS-20261009.zip,originals/WORK-LAB_MASTER_ATLAS_2026-09-29.zip ! WORK-LAB_MASTER_ATLAS_2026-09-29/sources/WORK-LAB/WORK-LAB_20260923_Converged_Instructions.zip ! WORK-LAB_20260923_Converged_Instructions/00_MASTER_PROMPT.md,sha256:be7346d71eee5ed1b35feaee20ff668f96fe7346447b9ba45c464a06147ddc50,4733,be7346d71eee5ed1b35feaee20ff668f96fe7346447b9ba45c464a06147ddc50,9930d0ed,PRESERVED_IN_COMPLETE_ARCHIVE
WL-REC-0035,WL-REC-0035,docs/history/owner-inputs/record-20261009/WORK-LAB-HISTORICAL-RECORDS-20261009.zip,originals/WORK-LAB_MASTER_ATLAS_2026-09-29.zip ! WORK-LAB_MASTER_ATLAS_2026-09-29/sources/WORK-LAB/WORK-LAB_20260923_Converged_Instructions.zip ! WORK-LAB_20260923_Converged_Instructions/CONVERGENCE.md,sha256:27cf4d802ceee84718ff37cdec1c35baf55c664005b0edc9270e7863c0c38840,5903,27cf4d802ceee84718ff37cdec1c35baf55c664005b0edc9270e7863c0c38840,bc220584,PRESERVED_IN_COMPLETE_ARCHIVE
WL-REC-0035,WL-REC-0035,docs/history/owner-inputs/record-20261009/WORK-LAB-HISTORICAL-RECORDS-20261009.zip,originals/WORK-LAB_MASTER_ATLAS_2026-09-29.zip ! WORK-LAB_MASTER_ATLAS_2026-09-29/sources/WORK-LAB/WORK-LAB_20260923_Converged_Instructions.zip ! WORK-LAB_20260923_Converged_Instructions/FUTURE_ROADMAP.md,sha256:e3b823caee5849f46d7405eab28df696239d639bee27cdebb440df97d6f7d766,4927,e3b823caee5849f46d7405eab28df696239d639bee27cdebb440df97d6f7d766,cc6284f6,PRESERVED_IN_COMPLETE_ARCHIVE
WL-REC-0035,WL-REC-0035,docs/history/owner-inputs/record-20261009/WORK-LAB-HISTORICAL-RECORDS-20261009.zip,originals/WORK-LAB_MASTER_ATLAS_2026-09-29.zip ! WORK-LAB_MASTER_ATLAS_2026-09-29/sources/WORK-LAB/WORK-LAB_20260923_Converged_Instructions.zip ! WORK-LAB_20260923_Converged_Instructions/HISTORY_CROSSWALK.md,sha256:3b782e1975e5664cb14239130e96a47d8bedb1c4e42341948f21041766c7429e,4041,3b782e1975e5664cb14239130e96a47d8bedb1c4e42341948f21041766c7429e,92ac272e,PRESERVED_IN_COMPLETE_ARCHIVE
WL-REC-0035,WL-REC-0035,docs/history/owner-inputs/record-20261009/WORK-LAB-HISTORICAL-RECORDS-20261009.zip,originals/WORK-LAB_MASTER_ATLAS_2026-09-29.zip ! WORK-LAB_MASTER_ATLAS_2026-09-29/sources/WORK-LAB/WORK-LAB_20260923_Converged_Instructions.zip ! WORK-LAB_20260923_Converged_Instructions/README.md,sha256:e1d3dfa36abcd9b833bc7c7ae34345109beaf871c3de9527672798653129bd0f,2324,e1d3dfa36abcd9b833bc7c7ae34345109beaf871c3de9527672798653129bd0f,f65c700a,PRESERVED_IN_COMPLETE_ARCHIVE
WL-REC-0035,WL-REC-0035,docs/history/owner-inputs/record-20261009/WORK-LAB-HISTORICAL-RECORDS-20261009.zip,originals/WORK-LAB_MASTER_ATLAS_2026-09-29.zip ! WORK-LAB_MASTER_ATLAS_2026-09-29/sources/WORK-LAB/WORK-LAB_20260923_Converged_Instructions.zip ! WORK-LAB_20260923_Converged_Instructions/SHA256SUMS.txt,sha256:9aa3f4c5ad98424cdec0b3618ac7cab4e3ca5443f7e927f8e15b5ac4611c5404,1790,9aa3f4c5ad98424cdec0b3618ac7cab4e3ca5443f7e927f8e15b5ac4611c5404,4237abb7,PRESERVED_IN_COMPLETE_ARCHIVE
WL-REC-0035,WL-REC-0035,docs/history/owner-inputs/record-20261009/WORK-LAB-HISTORICAL-RECORDS-20261009.zip,originals/WORK-LAB_MASTER_ATLAS_2026-09-29.zip ! WORK-LAB_MASTER_ATLAS_2026-09-29/sources/WORK-LAB/WORK-LAB_20260923_Converged_Instructions.zip ! WORK-LAB_20260923_Converged_Instructions/SOURCES.md,sha256:d9860511e6700403006dc842cce828100499300ff1d5ec75edb93926b9213aeb,5439,d9860511e6700403006dc842cce828100499300ff1d5ec75edb93926b9213aeb,b325d641,PRESERVED_IN_COMPLETE_ARCHIVE
WL-REC-0035,WL-REC-0035,docs/history/owner-inputs/record-20261009/WORK-LAB-HISTORICAL-RECORDS-20261009.zip,originals/WORK-LAB_MASTER_ATLAS_2026-09-29.zip ! WORK-LAB_MASTER_ATLAS_2026-09-29/sources/WORK-LAB/WORK-LAB_20260923_Converged_Instructions.zip ! WORK-LAB_20260923_Converged_Instructions/evidence/CI_LOG_EXCERPT.md,sha256:f8d8159d15d26ea05b140ce26e7347fbb8766da220abc7207f40e732095578f0,4378,f8d8159d15d26ea05b140ce26e7347fbb8766da220abc7207f40e732095578f0,ba6a9df0,PRESERVED_IN_COMPLETE_ARCHIVE
WL-REC-0035,WL-REC-0035,docs/history/owner-inputs/record-20261009/WORK-LAB-HISTORICAL-RECORDS-20261009.zip,originals/WORK-LAB_MASTER_ATLAS_2026-09-29.zip ! WORK-LAB_MASTER_ATLAS_2026-09-29/sources/WORK-LAB/WORK-LAB_20260923_Converged_Instructions.zip ! WORK-LAB_20260923_Converged_Instructions/evidence/FUTURE_CANDIDATES.json,sha256:5b057027024a648cb0a54526f9d5ac07e0ce9bd7c708815f3ed45b48be8c231d,7320,5b057027024a648cb0a54526f9d5ac07e0ce9bd7c708815f3ed45b48be8c231d,9067bdaf,PRESERVED_IN_COMPLETE_ARCHIVE
WL-REC-0035,WL-REC-0035,docs/history/owner-inputs/record-20261009/WORK-LAB-HISTORICAL-RECORDS-20261009.zip,originals/WORK-LAB_MASTER_ATLAS_2026-09-29.zip ! WORK-LAB_MASTER_ATLAS_2026-09-29/sources/WORK-LAB/WORK-LAB_20260923_Converged_Instructions.zip ! WORK-LAB_20260923_Converged_Instructions/evidence/OBSERVATIONS.json,sha256:734accfdd9cb12f24f896e6b866318e08c202e872c1e14514a0fac20dc9dc0b0,2610,734accfdd9cb12f24f896e6b866318e08c202e872c1e14514a0fac20dc9dc0b0,f0980d8b,PRESERVED_IN_COMPLETE_ARCHIVE
WL-REC-0035,WL-REC-0035,docs/history/owner-inputs/record-20261009/WORK-LAB-HISTORICAL-RECORDS-20261009.zip,originals/WORK-LAB_MASTER_ATLAS_2026-09-29.zip ! WORK-LAB_MASTER_ATLAS_2026-09-29/sources/WORK-LAB/WORK-LAB_20260923_Converged_Instructions.zip ! WORK-LAB_20260923_Converged_Instructions/evidence/SOURCE_MANIFEST.json,sha256:a54f7f9d1afe972c92c3a1811483756f7012bd059f40840b8372773c87fadef1,5662,a54f7f9d1afe972c92c3a1811483756f7012bd059f40840b8372773c87fadef1,25f38a3f,PRESERVED_IN_COMPLETE_ARCHIVE
WL-REC-0035,WL-REC-0035,docs/history/owner-inputs/record-20261009/WORK-LAB-HISTORICAL-RECORDS-20261009.zip,originals/WORK-LAB_MASTER_ATLAS_2026-09-29.zip ! WORK-LAB_MASTER_ATLAS_2026-09-29/sources/WORK-LAB/WORK-LAB_20260923_Converged_Instructions.zip ! WORK-LAB_20260923_Converged_Instructions/prompts/00_只读对账与未来规划归并.md,sha256:3ef41e611ac2fb51effb84f19f8996fc2b6bae1b25f93abe860b81efac9954de,5309,3ef41e611ac2fb51effb84f19f8996fc2b6bae1b25f93abe860b81efac9954de,a8512042,PRESERVED_IN_COMPLETE_ARCHIVE
WL-REC-0035,WL-REC-0035,docs/history/owner-inputs/record-20261009/WORK-LAB-HISTORICAL-RECORDS-20261009.zip,originals/WORK-LAB_MASTER_ATLAS_2026-09-29.zip ! WORK-LAB_MASTER_ATLAS_2026-09-29/sources/WORK-LAB/WORK-LAB_20260923_Converged_Instructions.zip ! WORK-LAB_20260923_Converged_Instructions/prompts/01_CI失败传播与U19语义纠偏.md,sha256:1ec33fd2e2f049f6ae0306cfbd0ee6c0bd1f64c12ef4ec62a7608145e6e56c56,6225,1ec33fd2e2f049f6ae0306cfbd0ee6c0bd1f64c12ef4ec62a7608145e6e56c56,98b87c78,PRESERVED_IN_COMPLETE_ARCHIVE
WL-REC-0035,WL-REC-0035,docs/history/owner-inputs/record-20261009/WORK-LAB-HISTORICAL-RECORDS-20261009.zip,originals/WORK-LAB_MASTER_ATLAS_2026-09-29.zip ! WORK-LAB_MASTER_ATLAS_2026-09-29/sources/WORK-LAB/WORK-LAB_20260923_Converged_Instructions.zip ! WORK-LAB_20260923_Converged_Instructions/prompts/02_权威历史路径与唯一任务总账收口.md,sha256:fad785efb37e52541a4050fb86f3f25fd67bc50b6e53dd6095065c1d501fe7de,5664,fad785efb37e52541a4050fb86f3f25fd67bc50b6e53dd6095065c1d501fe7de,b85a1896,PRESERVED_IN_COMPLETE_ARCHIVE
WL-REC-0035,WL-REC-0035,docs/history/owner-inputs/record-20261009/WORK-LAB-HISTORICAL-RECORDS-20261009.zip,originals/WORK-LAB_MASTER_ATLAS_2026-09-29.zip ! WORK-LAB_MASTER_ATLAS_2026-09-29/sources/WORK-LAB/WORK-LAB_20260923_Converged_Instructions.zip ! WORK-LAB_20260923_Converged_Instructions/prompts/03_上下文恢复与防失忆差集.md,sha256:f70be1515c55fe3a67bb15d16f2b838f93e61f4602c175d69aea01b49dd099d3,5903,f70be1515c55fe3a67bb15d16f2b838f93e61f4602c175d69aea01b49dd099d3,63d5cde2,PRESERVED_IN_COMPLETE_ARCHIVE
WL-REC-0035,WL-REC-0035,docs/history/owner-inputs/record-20261009/WORK-LAB-HISTORICAL-RECORDS-20261009.zip,originals/WORK-LAB_MASTER_ATLAS_2026-09-29.zip ! WORK-LAB_MASTER_ATLAS_2026-09-29/sources/WORK-LAB/WORK-LAB_20260923_Converged_Instructions.zip ! WORK-LAB_20260923_Converged_Instructions/prompts/04_外置资源发现与原位置更新.md,sha256:ba2a137368ae4b6e0f5560f679c376c23b1e74e0bc221a56dd65d52919c841c6,5957,ba2a137368ae4b6e0f5560f679c376c23b1e74e0bc221a56dd65d52919c841c6,8e6612fd,PRESERVED_IN_COMPLETE_ARCHIVE
WL-REC-0035,WL-REC-0035,docs/history/owner-inputs/record-20261009/WORK-LAB-HISTORICAL-RECORDS-20261009.zip,originals/WORK-LAB_MASTER_ATLAS_2026-09-29.zip ! WORK-LAB_MASTER_ATLAS_2026-09-29/sources/WORK-LAB/WORK-LAB_20260923_Converged_Instructions.zip ! WORK-LAB_20260923_Converged_Instructions/prompts/05_既有核心与Observer产品差集.md,sha256:335d97afd378fd90f6cb4d4ec9a40d1dc57e3821f5faf17ab7b91efc87ff04cb,5927,335d97afd378fd90f6cb4d4ec9a40d1dc57e3821f5faf17ab7b91efc87ff04cb,ce804fc1,PRESERVED_IN_COMPLETE_ARCHIVE
WL-REC-0035,WL-REC-0035,docs/history/owner-inputs/record-20261009/WORK-LAB-HISTORICAL-RECORDS-20261009.zip,originals/WORK-LAB_MASTER_ATLAS_2026-09-29.zip ! WORK-LAB_MASTER_ATLAS_2026-09-29/sources/WORK-LAB/WORK-LAB_20260923_Converged_Instructions.zip ! WORK-LAB_20260923_Converged_Instructions/prompts/06_最终接受与逐副作用交付.md,sha256:818333f6f81e97711ddd36f998d13a025d029f11fba4bb0c6be9de833032bf9f,5857,818333f6f81e97711ddd36f998d13a025d029f11fba4bb0c6be9de833032bf9f,e1d6c2e3,PRESERVED_IN_COMPLETE_ARCHIVE
WL-REC-0035,WL-REC-0035,docs/history/owner-inputs/record-20261009/WORK-LAB-HISTORICAL-RECORDS-20261009.zip,originals/WORK-LAB_MASTER_ATLAS_2026-09-29.zip ! WORK-LAB_MASTER_ATLAS_2026-09-29/sources/WORK-LAB/WORK-LAB_20260923_Converged_Instructions.zip ! WORK-LAB_20260923_Converged_Instructions/prompts/07_未来候选规划登记.md,sha256:6a5b9cc17f1227284eab9e1ef532d2bf37fd33069af7e7e7c74bf30c8a817481,5781,6a5b9cc17f1227284eab9e1ef532d2bf37fd33069af7e7e7c74bf30c8a817481,c5b10ec1,PRESERVED_IN_COMPLETE_ARCHIVE
WL-REC-0035,WL-REC-0035,docs/history/owner-inputs/record-20261009/WORK-LAB-HISTORICAL-RECORDS-20261009.zip,originals/WORK-LAB_MASTER_ATLAS_2026-09-29.zip ! WORK-LAB_MASTER_ATLAS_2026-09-29/sources/WORK-LAB/WORK-LAB_20260923_Converged_Master_Prompt.md,sha256:be7346d71eee5ed1b35feaee20ff668f96fe7346447b9ba45c464a06147ddc50,4733,be7346d71eee5ed1b35feaee20ff668f96fe7346447b9ba45c464a06147ddc50,9930d0ed,PRESERVED_IN_COMPLETE_ARCHIVE
WL-REC-0035,WL-REC-0035,docs/history/owner-inputs/record-20261009/WORK-LAB-HISTORICAL-RECORDS-20261009.zip,originals/WORK-LAB_MASTER_ATLAS_2026-09-29.zip ! WORK-LAB_MASTER_ATLAS_2026-09-29/sources/WORK-LAB/WORK-LAB_20260923_Converged_Plan.md,sha256:27cf4d802ceee84718ff37cdec1c35baf55c664005b0edc9270e7863c0c38840,5903,27cf4d802ceee84718ff37cdec1c35baf55c664005b0edc9270e7863c0c38840,bc220584,PRESERVED_IN_COMPLETE_ARCHIVE
WL-REC-0035,WL-REC-0035,docs/history/owner-inputs/record-20261009/WORK-LAB-HISTORICAL-RECORDS-20261009.zip,originals/WORK-LAB_MASTER_ATLAS_2026-09-29.zip ! WORK-LAB_MASTER_ATLAS_2026-09-29/sources/WORK-LAB/WORK-LAB_20260923_Future_Roadmap.md,sha256:e3b823caee5849f46d7405eab28df696239d639bee27cdebb440df97d6f7d766,4927,e3b823caee5849f46d7405eab28df696239d639bee27cdebb440df97d6f7d766,cc6284f6,PRESERVED_IN_COMPLETE_ARCHIVE
WL-REC-0035,WL-REC-0035,docs/history/owner-inputs/record-20261009/WORK-LAB-HISTORICAL-RECORDS-20261009.zip,originals/WORK-LAB_MASTER_ATLAS_2026-09-29.zip ! WORK-LAB_MASTER_ATLAS_2026-09-29/sources/WORK-LAB/WORK-LAB_20260923_Integrated_Prompts.zip,sha256:0f77d0f03c04f850fbbbebbcaf52fca6e1de69446c89221673c484b8e1df982b,68902,0f77d0f03c04f850fbbbebbcaf52fca6e1de69446c89221673c484b8e1df982b,0f0bf79d,PRESERVED_IN_COMPLETE_ARCHIVE
WL-REC-0035,WL-REC-0035,docs/history/owner-inputs/record-20261009/WORK-LAB-HISTORICAL-RECORDS-20261009.zip,originals/WORK-LAB_MASTER_ATLAS_2026-09-29.zip ! WORK-LAB_MASTER_ATLAS_2026-09-29/sources/WORK-LAB/WORK-LAB_20260923_Integrated_Prompts.zip ! WORK-LAB_20260923_Integrated_Pack/INTEGRATED_REPORT.md,sha256:554ad7eedceb6bbc7fb12e9e0e748ae96a48cf25853b67ec420069c2cfe176da,21729,554ad7eedceb6bbc7fb12e9e0e748ae96a48cf25853b67ec420069c2cfe176da,c87a896b,PRESERVED_IN_COMPLETE_ARCHIVE
WL-REC-0035,WL-REC-0035,docs/history/owner-inputs/record-20261009/WORK-LAB-HISTORICAL-RECORDS-20261009.zip,originals/WORK-LAB_MASTER_ATLAS_2026-09-29.zip ! WORK-LAB_MASTER_ATLAS_2026-09-29/sources/WORK-LAB/WORK-LAB_20260923_Integrated_Prompts.zip ! WORK-LAB_20260923_Integrated_Pack/MASTER_PROMPT.md,sha256:dfccb0cc1ba9a7e3d32bb4d301e498ea6693890092611f1ac92ab928674e731d,3557,dfccb0cc1ba9a7e3d32bb4d301e498ea6693890092611f1ac92ab928674e731d,769c82fa,PRESERVED_IN_COMPLETE_ARCHIVE
WL-REC-0035,WL-REC-0035,docs/history/owner-inputs/record-20261009/WORK-LAB-HISTORICAL-RECORDS-20261009.zip,originals/WORK-LAB_MASTER_ATLAS_2026-09-29.zip ! WORK-LAB_MASTER_ATLAS_2026-09-29/sources/WORK-LAB/WORK-LAB_20260923_Integrated_Prompts.zip ! WORK-LAB_20260923_Integrated_Pack/README.md,sha256:be71089e6e1e912225ae5ec896966e5fb314fd363916ac14a8c80335fc36d6bd,1072,be71089e6e1e912225ae5ec896966e5fb314fd363916ac14a8c80335fc36d6bd,75ced90f,PRESERVED_IN_COMPLETE_ARCHIVE
WL-REC-0035,WL-REC-0035,docs/history/owner-inputs/record-20261009/WORK-LAB-HISTORICAL-RECORDS-20261009.zip,originals/WORK-LAB_MASTER_ATLAS_2026-09-29.zip ! WORK-LAB_MASTER_ATLAS_2026-09-29/sources/WORK-LAB/WORK-LAB_20260923_Integrated_Prompts.zip ! WORK-LAB_20260923_Integrated_Pack/SHA256SUMS.txt,sha256:5e520283f12826a88eeedba43e53f713f3844ce9783128a98c0432213c6876f3,1784,5e520283f12826a88eeedba43e53f713f3844ce9783128a98c0432213c6876f3,c7363613,PRESERVED_IN_COMPLETE_ARCHIVE
WL-REC-0035,WL-REC-0035,docs/history/owner-inputs/record-20261009/WORK-LAB-HISTORICAL-RECORDS-20261009.zip,originals/WORK-LAB_MASTER_ATLAS_2026-09-29.zip ! WORK-LAB_MASTER_ATLAS_2026-09-29/sources/WORK-LAB/WORK-LAB_20260923_Integrated_Prompts.zip ! WORK-LAB_20260923_Integrated_Pack/SOURCES.md,sha256:030f39d20c45e7a40874a01666fc84366a4677461f67303e46c51aa88c8bfbe2,6290,030f39d20c45e7a40874a01666fc84366a4677461f67303e46c51aa88c8bfbe2,b780970d,PRESERVED_IN_COMPLETE_ARCHIVE
WL-REC-0035,WL-REC-0035,docs/history/owner-inputs/record-20261009/WORK-LAB-HISTORICAL-RECORDS-20261009.zip,originals/WORK-LAB_MASTER_ATLAS_2026-09-29.zip ! WORK-LAB_MASTER_ATLAS_2026-09-29/sources/WORK-LAB/WORK-LAB_20260923_Integrated_Prompts.zip ! WORK-LAB_20260923_Integrated_Pack/evidence/OBSERVATIONS.json,sha256:dbfbb0500f502fae1a097ee19f93128868f531a27db3a4211ae07405fa199937,2534,dbfbb0500f502fae1a097ee19f93128868f531a27db3a4211ae07405fa199937,3e77ae98,PRESERVED_IN_COMPLETE_ARCHIVE
WL-REC-0035,WL-REC-0035,docs/history/owner-inputs/record-20261009/WORK-LAB-HISTORICAL-RECORDS-20261009.zip,originals/WORK-LAB_MASTER_ATLAS_2026-09-29.zip ! WORK-LAB_MASTER_ATLAS_2026-09-29/sources/WORK-LAB/WORK-LAB_20260923_Integrated_Prompts.zip ! WORK-LAB_20260923_Integrated_Pack/prompts/00_双基线只读对账.md,sha256:8fc7c31d8cfbd6260e146206ccd1caeb09bb76cb1d51172d7a54f76026df5838,5116,8fc7c31d8cfbd6260e146206ccd1caeb09bb76cb1d51172d7a54f76026df5838,df75734a,PRESERVED_IN_COMPLETE_ARCHIVE
WL-REC-0035,WL-REC-0035,docs/history/owner-inputs/record-20261009/WORK-LAB-HISTORICAL-RECORDS-20261009.zip,originals/WORK-LAB_MASTER_ATLAS_2026-09-29.zip ! WORK-LAB_MASTER_ATLAS_2026-09-29/sources/WORK-LAB/WORK-LAB_20260923_Integrated_Prompts.zip ! WORK-LAB_20260923_Integrated_Pack/prompts/01_权威历史路径收敛.md,sha256:1dfec86358e02842066e6dbf5ccd7755b031528b8019a40e125188d43729e99e,5379,1dfec86358e02842066e6dbf5ccd7755b031528b8019a40e125188d43729e99e,9657b9c8,PRESERVED_IN_COMPLETE_ARCHIVE
WL-REC-0035,WL-REC-0035,docs/history/owner-inputs/record-20261009/WORK-LAB-HISTORICAL-RECORDS-20261009.zip,originals/WORK-LAB_MASTER_ATLAS_2026-09-29.zip ! WORK-LAB_MASTER_ATLAS_2026-09-29/sources/WORK-LAB/WORK-LAB_20260923_Integrated_Prompts.zip ! WORK-LAB_20260923_Integrated_Pack/prompts/02_Context恢复防失忆.md,sha256:0c1df3b2ded943472e09e34d8779c817c33aa81ead3174342897836b4ee44f8f,5592,0c1df3b2ded943472e09e34d8779c817c33aa81ead3174342897836b4ee44f8f,7c7855eb,PRESERVED_IN_COMPLETE_ARCHIVE
WL-REC-0035,WL-REC-0035,docs/history/owner-inputs/record-20261009/WORK-LAB-HISTORICAL-RECORDS-20261009.zip,originals/WORK-LAB_MASTER_ATLAS_2026-09-29.zip ! WORK-LAB_MASTER_ATLAS_2026-09-29/sources/WORK-LAB/WORK-LAB_20260923_Integrated_Prompts.zip ! WORK-LAB_20260923_Integrated_Pack/prompts/03_外置库工具链先发现.md,sha256:b180ebb6d6a3a41588aad10029b671ada2ed28e0d0d3b66268473778883b2961,6108,b180ebb6d6a3a41588aad10029b671ada2ed28e0d0d3b66268473778883b2961,628161e7,PRESERVED_IN_COMPLETE_ARCHIVE
WL-REC-0035,WL-REC-0035,docs/history/owner-inputs/record-20261009/WORK-LAB-HISTORICAL-RECORDS-20261009.zip,originals/WORK-LAB_MASTER_ATLAS_2026-09-29.zip ! WORK-LAB_MASTER_ATLAS_2026-09-29/sources/WORK-LAB/WORK-LAB_20260923_Integrated_Prompts.zip ! WORK-LAB_20260923_Integrated_Pack/prompts/04_Gate与CI差集.md,sha256:52c9f3d61267888f5417f323ca8800a69dec91b511f30d06b7c9e0f4fe436926,5371,52c9f3d61267888f5417f323ca8800a69dec91b511f30d06b7c9e0f4fe436926,4f1951e2,PRESERVED_IN_COMPLETE_ARCHIVE
WL-REC-0035,WL-REC-0035,docs/history/owner-inputs/record-20261009/WORK-LAB-HISTORICAL-RECORDS-20261009.zip,originals/WORK-LAB_MASTER_ATLAS_2026-09-29.zip ! WORK-LAB_MASTER_ATLAS_2026-09-29/sources/WORK-LAB/WORK-LAB_20260923_Integrated_Prompts.zip ! WORK-LAB_20260923_Integrated_Pack/prompts/05_原生Adapter并行生命周期.md,sha256:e5a7851be7e5eb0f49531c8d1e4a6ccd4bb4637f1be1cc2139f0fee692fb3aeb,5452,e5a7851be7e5eb0f49531c8d1e4a6ccd4bb4637f1be1cc2139f0fee692fb3aeb,9d97d864,PRESERVED_IN_COMPLETE_ARCHIVE
WL-REC-0035,WL-REC-0035,docs/history/owner-inputs/record-20261009/WORK-LAB-HISTORICAL-RECORDS-20261009.zip,originals/WORK-LAB_MASTER_ATLAS_2026-09-29.zip ! WORK-LAB_MASTER_ATLAS_2026-09-29/sources/WORK-LAB/WORK-LAB_20260923_Integrated_Prompts.zip ! WORK-LAB_20260923_Integrated_Pack/prompts/06_配置所有权与事务.md,sha256:911f644f944822d5cea167fa877a86edae61535e183cbe66d0d09363227dd95f,5395,911f644f944822d5cea167fa877a86edae61535e183cbe66d0d09363227dd95f,cc3f9f94,PRESERVED_IN_COMPLETE_ARCHIVE
WL-REC-0035,WL-REC-0035,docs/history/owner-inputs/record-20261009/WORK-LAB-HISTORICAL-RECORDS-20261009.zip,originals/WORK-LAB_MASTER_ATLAS_2026-09-29.zip ! WORK-LAB_MASTER_ATLAS_2026-09-29/sources/WORK-LAB/WORK-LAB_20260923_Integrated_Prompts.zip ! WORK-LAB_20260923_Integrated_Pack/prompts/07_证据隐私回执真相.md,sha256:9982df105f4d9249664349986a0219aff0951d5a547846b2a9a639230d551030,5548,9982df105f4d9249664349986a0219aff0951d5a547846b2a9a639230d551030,28168e46,PRESERVED_IN_COMPLETE_ARCHIVE
WL-REC-0035,WL-REC-0035,docs/history/owner-inputs/record-20261009/WORK-LAB-HISTORICAL-RECORDS-20261009.zip,originals/WORK-LAB_MASTER_ATLAS_2026-09-29.zip ! WORK-LAB_MASTER_ATLAS_2026-09-29/sources/WORK-LAB/WORK-LAB_20260923_Integrated_Prompts.zip ! WORK-LAB_20260923_Integrated_Pack/prompts/08_ChatGPT_Remote_MCP最小闭环.md,sha256:3bb14b07413fe03e714050a65b533968f654b8714c6499154a2b1be281e5911b,6492,3bb14b07413fe03e714050a65b533968f654b8714c6499154a2b1be281e5911b,19cda569,PRESERVED_IN_COMPLETE_ARCHIVE
WL-REC-0035,WL-REC-0035,docs/history/owner-inputs/record-20261009/WORK-LAB-HISTORICAL-RECORDS-20261009.zip,originals/WORK-LAB_MASTER_ATLAS_2026-09-29.zip ! WORK-LAB_MASTER_ATLAS_2026-09-29/sources/WORK-LAB/WORK-LAB_20260923_Integrated_Prompts.zip ! WORK-LAB_20260923_Integrated_Pack/prompts/09_Observer产品与UI收口.md,sha256:4e2d85a05cfe986a2c2bfd4e7439056f96e0472e56d32601c329ced96a55b932,5460,4e2d85a05cfe986a2c2bfd4e7439056f96e0472e56d32601c329ced96a55b932,a539cb31,PRESERVED_IN_COMPLETE_ARCHIVE
WL-REC-0035,WL-REC-0035,docs/history/owner-inputs/record-20261009/WORK-LAB-HISTORICAL-RECORDS-20261009.zip,originals/WORK-LAB_MASTER_ATLAS_2026-09-29.zip ! WORK-LAB_MASTER_ATLAS_2026-09-29/sources/WORK-LAB/WORK-LAB_20260923_Integrated_Prompts.zip ! WORK-LAB_20260923_Integrated_Pack/prompts/10_外部候选吸收.md,sha256:cfb57f5abf60ec2c90967219abf3781a4757036252528a3a7eb503e184b5ddf1,5816,cfb57f5abf60ec2c90967219abf3781a4757036252528a3a7eb503e184b5ddf1,a10bbb27,PRESERVED_IN_COMPLETE_ARCHIVE
WL-REC-0035,WL-REC-0035,docs/history/owner-inputs/record-20261009/WORK-LAB-HISTORICAL-RECORDS-20261009.zip,originals/WORK-LAB_MASTER_ATLAS_2026-09-29.zip ! WORK-LAB_MASTER_ATLAS_2026-09-29/sources/WORK-LAB/WORK-LAB_20260923_Integrated_Prompts.zip ! WORK-LAB_20260923_Integrated_Pack/prompts/11_未完成事项总账对账.md,sha256:f74374c2dfef05b10996ad5929c2c6871a07bdaffa9af9574feea04fc4f49d58,5433,f74374c2dfef05b10996ad5929c2c6871a07bdaffa9af9574feea04fc4f49d58,4c1aafbe,PRESERVED_IN_COMPLETE_ARCHIVE
WL-REC-0035,WL-REC-0035,docs/history/owner-inputs/record-20261009/WORK-LAB-HISTORICAL-RECORDS-20261009.zip,originals/WORK-LAB_MASTER_ATLAS_2026-09-29.zip ! WORK-LAB_MASTER_ATLAS_2026-09-29/sources/WORK-LAB/WORK-LAB_20260923_Integrated_Prompts.zip ! WORK-LAB_20260923_Integrated_Pack/prompts/12_最终接受与授权落地.md,sha256:6fbd4cb8fab31cd8c96e746008114d599dd75687451e8ef80c1bb229f33b52bc,5825,6fbd4cb8fab31cd8c96e746008114d599dd75687451e8ef80c1bb229f33b52bc,bf945de6,PRESERVED_IN_COMPLETE_ARCHIVE
WL-REC-0035,WL-REC-0035,docs/history/owner-inputs/record-20261009/WORK-LAB-HISTORICAL-RECORDS-20261009.zip,originals/WORK-LAB_MASTER_ATLAS_2026-09-29.zip ! WORK-LAB_MASTER_ATLAS_2026-09-29/sources/WORK-LAB/WORK-LAB_20260923_Integrated_Report.md,sha256:bc44a3b216a7e331b4f402bd5422b93edabd200fd201c67c516e3cbc27d00db4,28026,bc44a3b216a7e331b4f402bd5422b93edabd200fd201c67c516e3cbc27d00db4,f648b8e3,PRESERVED_IN_COMPLETE_ARCHIVE
WL-REC-0035,WL-REC-0035,docs/history/owner-inputs/record-20261009/WORK-LAB-HISTORICAL-RECORDS-20261009.zip,originals/WORK-LAB_MASTER_ATLAS_2026-09-29.zip ! WORK-LAB_MASTER_ATLAS_2026-09-29/sources/WORK-LAB/WORK-LAB_20260923_Master_Prompt.md,sha256:dfccb0cc1ba9a7e3d32bb4d301e498ea6693890092611f1ac92ab928674e731d,3557,dfccb0cc1ba9a7e3d32bb4d301e498ea6693890092611f1ac92ab928674e731d,769c82fa,PRESERVED_IN_COMPLETE_ARCHIVE
WL-REC-0035,WL-REC-0035,docs/history/owner-inputs/record-20261009/WORK-LAB-HISTORICAL-RECORDS-20261009.zip,originals/WORK-LAB_MASTER_ATLAS_2026-09-29.zip ! WORK-LAB_MASTER_ATLAS_2026-09-29/sources/WORK-LAB/WORK-LAB_20260926_Reaudit.md,sha256:f473b77598543f6cbc88d2272950829934e6dd3b3329a9e42bc252bd5b7a55d0,18765,f473b77598543f6cbc88d2272950829934e6dd3b3329a9e42bc252bd5b7a55d0,d1d09f4c,PRESERVED_IN_COMPLETE_ARCHIVE
WL-REC-0035,WL-REC-0035,docs/history/owner-inputs/record-20261009/WORK-LAB-HISTORICAL-RECORDS-20261009.zip,originals/WORK-LAB_MASTER_ATLAS_2026-09-29.zip ! WORK-LAB_MASTER_ATLAS_2026-09-29/sources/WORK-LAB/WORK-LAB_20260926_Reaudit_Package.zip,sha256:558a5ec3c12de32157018cff811190cf6b7d6ffe52b92f134b1682e4637ad110,16627,558a5ec3c12de32157018cff811190cf6b7d6ffe52b92f134b1682e4637ad110,a4cc7b29,PRESERVED_IN_COMPLETE_ARCHIVE
WL-REC-0035,WL-REC-0035,docs/history/owner-inputs/record-20261009/WORK-LAB-HISTORICAL-RECORDS-20261009.zip,originals/WORK-LAB_MASTER_ATLAS_2026-09-29.zip ! WORK-LAB_MASTER_ATLAS_2026-09-29/sources/WORK-LAB/WORK-LAB_20260926_Reaudit_Package.zip ! Audit_Source_Manifest.json,sha256:f6277d3a7760492cfcf076515e5fac43ddd7ccc0c495e7ea60048cb94fcbda73,4072,f6277d3a7760492cfcf076515e5fac43ddd7ccc0c495e7ea60048cb94fcbda73,ce1e3f86,PRESERVED_IN_COMPLETE_ARCHIVE
WL-REC-0035,WL-REC-0035,docs/history/owner-inputs/record-20261009/WORK-LAB-HISTORICAL-RECORDS-20261009.zip,originals/WORK-LAB_MASTER_ATLAS_2026-09-29.zip ! WORK-LAB_MASTER_ATLAS_2026-09-29/sources/WORK-LAB/WORK-LAB_20260926_Reaudit_Package.zip ! CI_Evidence_Excerpts.md,sha256:674344edfa9cf6d1f6a1b11208d3b0a2731f74ef6ebbe2d73d6cc587b0264321,3130,674344edfa9cf6d1f6a1b11208d3b0a2731f74ef6ebbe2d73d6cc587b0264321,c3d0fcab,PRESERVED_IN_COMPLETE_ARCHIVE
WL-REC-0035,WL-REC-0035,docs/history/owner-inputs/record-20261009/WORK-LAB-HISTORICAL-RECORDS-20261009.zip,originals/WORK-LAB_MASTER_ATLAS_2026-09-29.zip ! WORK-LAB_MASTER_ATLAS_2026-09-29/sources/WORK-LAB/WORK-LAB_20260926_Reaudit_Package.zip ! SHA256SUMS.txt,sha256:e2842c400845e0aaaeab47969cf8d72b20b9d3663dd8f0220094a4ef3edd89a7,482,e2842c400845e0aaaeab47969cf8d72b20b9d3663dd8f0220094a4ef3edd89a7,233f3dc5,PRESERVED_IN_COMPLETE_ARCHIVE
WL-REC-0035,WL-REC-0035,docs/history/owner-inputs/record-20261009/WORK-LAB-HISTORICAL-RECORDS-20261009.zip,originals/WORK-LAB_MASTER_ATLAS_2026-09-29.zip ! WORK-LAB_MASTER_ATLAS_2026-09-29/sources/WORK-LAB/WORK-LAB_20260926_Reaudit_Package.zip ! Static_Expression_Probes.json,sha256:40ad907037d3a1b74fa42e758e375f0a4da5cf595a321478aa15f28b5c21f55a,777,40ad907037d3a1b74fa42e758e375f0a4da5cf595a321478aa15f28b5c21f55a,ba26ebbf,PRESERVED_IN_COMPLETE_ARCHIVE
WL-REC-0035,WL-REC-0035,docs/history/owner-inputs/record-20261009/WORK-LAB-HISTORICAL-RECORDS-20261009.zip,originals/WORK-LAB_MASTER_ATLAS_2026-09-29.zip ! WORK-LAB_MASTER_ATLAS_2026-09-29/sources/WORK-LAB/WORK-LAB_20260926_Reaudit_Package.zip ! WORK-LAB_20260926_Reaudit.md,sha256:f473b77598543f6cbc88d2272950829934e6dd3b3329a9e42bc252bd5b7a55d0,18765,f473b77598543f6cbc88d2272950829934e6dd3b3329a9e42bc252bd5b7a55d0,d1d09f4c,PRESERVED_IN_COMPLETE_ARCHIVE
WL-REC-0035,WL-REC-0035,docs/history/owner-inputs/record-20261009/WORK-LAB-HISTORICAL-RECORDS-20261009.zip,originals/WORK-LAB_MASTER_ATLAS_2026-09-29.zip ! WORK-LAB_MASTER_ATLAS_2026-09-29/sources/WORK-LAB/WORK-LAB_20260926_Reaudit_Package.zip ! WORK-LAB_20260926_Targeted_Next_Prompt.md,sha256:de5b6b3634346fe7fefc8072f15bcd7bff086f23a2d085ddd90d058e055372ef,5019,de5b6b3634346fe7fefc8072f15bcd7bff086f23a2d085ddd90d058e055372ef,fa6a8531,PRESERVED_IN_COMPLETE_ARCHIVE
WL-REC-0035,WL-REC-0035,docs/history/owner-inputs/record-20261009/WORK-LAB-HISTORICAL-RECORDS-20261009.zip,originals/WORK-LAB_MASTER_ATLAS_2026-09-29.zip ! WORK-LAB_MASTER_ATLAS_2026-09-29/sources/WORK-LAB/WORK-LAB_20260926_Targeted_Next_Prompt.md,sha256:de5b6b3634346fe7fefc8072f15bcd7bff086f23a2d085ddd90d058e055372ef,5019,de5b6b3634346fe7fefc8072f15bcd7bff086f23a2d085ddd90d058e055372ef,fa6a8531,PRESERVED_IN_COMPLETE_ARCHIVE
WL-REC-0035,WL-REC-0035,docs/history/owner-inputs/record-20261009/WORK-LAB-HISTORICAL-RECORDS-20261009.zip,originals/WORK-LAB_MASTER_ATLAS_2026-09-29.zip ! WORK-LAB_MASTER_ATLAS_2026-09-29/sources/WORK-LAB Observer 3.0 云端审计与全量重构方案,sha256:143c92b33be5dcb7e91a0ec10f8ba83d67daca73d1478c85d2bc2372e63bf5a8,109583,143c92b33be5dcb7e91a0ec10f8ba83d67daca73d1478c85d2bc2372e63bf5a8,64377fed,PRESERVED_IN_COMPLETE_ARCHIVE
WL-REC-0035,WL-REC-0035,docs/history/owner-inputs/record-20261009/WORK-LAB-HISTORICAL-RECORDS-20261009.zip,originals/WORK-LAB_MASTER_ATLAS_2026-09-29.zip ! WORK-LAB_MASTER_ATLAS_2026-09-29/sources/WORK-LAB 云端 `main` 全量治理审计报告,sha256:926fc01417bc5fdc8c77b49b7809504f24633014d344ba89be6be2d68c10fc06,122184,926fc01417bc5fdc8c77b49b7809504f24633014d344ba89be6be2d68c10fc06,95df0611,PRESERVED_IN_COMPLETE_ARCHIVE
WL-REC-0035,WL-REC-0035,docs/history/owner-inputs/record-20261009/WORK-LAB-HISTORICAL-RECORDS-20261009.zip,originals/WORK-LAB_MASTER_ATLAS_2026-09-29.zip ! WORK-LAB_MASTER_ATLAS_2026-09-29/sources/WORK-LAB 云端审计与 Observer 全量重构架构报告,sha256:7ef317df1c9e2a2db42f041077abf37737b8c6f529f777af6c690527d1de2624,119084,7ef317df1c9e2a2db42f041077abf37737b8c6f529f777af6c690527d1de2624,f8457a0a,PRESERVED_IN_COMPLETE_ARCHIVE
WL-REC-0035,WL-REC-0035,docs/history/owner-inputs/record-20261009/WORK-LAB-HISTORICAL-RECORDS-20261009.zip,originals/WORK-LAB_MASTER_ATLAS_2026-09-29.zip ! WORK-LAB_MASTER_ATLAS_2026-09-29/sources/WORK-LAB 全套全局配置与成熟 AI 开发工作流研究报告,sha256:b1245001e90977be50bacdfcd0330e647df1972413b20a27fb708f1a22a94da3,303664,b1245001e90977be50bacdfcd0330e647df1972413b20a27fb708f1a22a94da3,6e7f5f6c,PRESERVED_IN_COMPLETE_ARCHIVE
WL-REC-0035,WL-REC-0035,docs/history/owner-inputs/record-20261009/WORK-LAB-HISTORICAL-RECORDS-20261009.zip,originals/WORK-LAB_MASTER_ATLAS_2026-09-29.zip ! WORK-LAB_MASTER_ATLAS_2026-09-29/sources/WORK-LAB 项目最终方案,sha256:eab6fa873dd1732bad9d6d9fe0a1547a1155a56750a06f2868832aef8cd14ab5,29629,eab6fa873dd1732bad9d6d9fe0a1547a1155a56750a06f2868832aef8cd14ab5,f94131c9,PRESERVED_IN_COMPLETE_ARCHIVE
WL-REC-0035,WL-REC-0035,docs/history/owner-inputs/record-20261009/WORK-LAB-HISTORICAL-RECORDS-20261009.zip,originals/WORK-LAB_MASTER_ATLAS_2026-09-29.zip ! WORK-LAB_MASTER_ATLAS_2026-09-29/sources/WORK-LAB-AUTHORITATIVE-MASTER-CONTINUATION-HERMES-TASKPACK-2026-08-07.md,sha256:abd20547143f891295963e101d077d8133125acde75536d38b7add811426eaf9,122126,abd20547143f891295963e101d077d8133125acde75536d38b7add811426eaf9,eac20d65,PRESERVED_IN_COMPLETE_ARCHIVE
WL-REC-0035,WL-REC-0035,docs/history/owner-inputs/record-20261009/WORK-LAB-HISTORICAL-RECORDS-20261009.zip,originals/WORK-LAB_MASTER_ATLAS_2026-09-29.zip ! WORK-LAB_MASTER_ATLAS_2026-09-29/sources/WORK-LAB-CLOUD-INCREMENTAL-AUDIT-2026-08-11.md,sha256:290b4cc396a96a881bf8be6fcdd770789e05ac9f989f3414c7a9469ca35f9b82,6583,290b4cc396a96a881bf8be6fcdd770789e05ac9f989f3414c7a9469ca35f9b82,6662f50e,PRESERVED_IN_COMPLETE_ARCHIVE
WL-REC-0035,WL-REC-0035,docs/history/owner-inputs/record-20261009/WORK-LAB-HISTORICAL-RECORDS-20261009.zip,originals/WORK-LAB_MASTER_ATLAS_2026-09-29.zip ! WORK-LAB_MASTER_ATLAS_2026-09-29/sources/WORK-LAB-CLOUD-REAUDIT-2026-08-10.md,sha256:7b1999306ac45750b090c087ec1f46f7e7d5fda7ef1ce5ff77c37ecdf1ceed8b,22832,7b1999306ac45750b090c087ec1f46f7e7d5fda7ef1ce5ff77c37ecdf1ceed8b,a04d43cd,PRESERVED_IN_COMPLETE_ARCHIVE
WL-REC-0035,WL-REC-0035,docs/history/owner-inputs/record-20261009/WORK-LAB-HISTORICAL-RECORDS-20261009.zip,originals/WORK-LAB_MASTER_ATLAS_2026-09-29.zip ! WORK-LAB_MASTER_ATLAS_2026-09-29/sources/WORK-LAB-CLOUD-REAUDIT-2026-08-14-R2.md,sha256:c45b9894ef293c359f11d5b4875e9a69c786fb3691c02f49062f7e2ae112de12,17576,c45b9894ef293c359f11d5b4875e9a69c786fb3691c02f49062f7e2ae112de12,a2e4b93f,PRESERVED_IN_COMPLETE_ARCHIVE
WL-REC-0035,WL-REC-0035,docs/history/owner-inputs/record-20261009/WORK-LAB-HISTORICAL-RECORDS-20261009.zip,originals/WORK-LAB_MASTER_ATLAS_2026-09-29.zip ! WORK-LAB_MASTER_ATLAS_2026-09-29/sources/WORK-LAB-CLOUD-REAUDIT-2026-08-14.md,sha256:17b18e66680761df0f2f34e5317fa7352d43231899b476da93caed2c8284aaa1,14261,17b18e66680761df0f2f34e5317fa7352d43231899b476da93caed2c8284aaa1,10981939,PRESERVED_IN_COMPLETE_ARCHIVE
WL-REC-0035,WL-REC-0035,docs/history/owner-inputs/record-20261009/WORK-LAB-HISTORICAL-RECORDS-20261009.zip,originals/WORK-LAB_MASTER_ATLAS_2026-09-29.zip ! WORK-LAB_MASTER_ATLAS_2026-09-29/sources/WORK-LAB-COMPLETE-REPAIR-AND-LANGUAGE-MIGRATION-TASKPACK-2026-09-04.md,sha256:b2568bec363cd90a3c794d33e79bfefa990f80f173c043499c0bf1d5b70b2bbe,70898,b2568bec363cd90a3c794d33e79bfefa990f80f173c043499c0bf1d5b70b2bbe,7630459a,PRESERVED_IN_COMPLETE_ARCHIVE
WL-REC-0035,WL-REC-0035,docs/history/owner-inputs/record-20261009/WORK-LAB-HISTORICAL-RECORDS-20261009.zip,originals/WORK-LAB_MASTER_ATLAS_2026-09-29.zip ! WORK-LAB_MASTER_ATLAS_2026-09-29/sources/WORK-LAB-CROSS-MAINTENANCE-2026-09-14.zip,sha256:45e141e810cef8dcdbb646ad0da0d63a967af078e8c68b3a2a2f29f6f38e2842,19154,45e141e810cef8dcdbb646ad0da0d63a967af078e8c68b3a2a2f29f6f38e2842,fdf3d473,PRESERVED_IN_COMPLETE_ARCHIVE
WL-REC-0035,WL-REC-0035,docs/history/owner-inputs/record-20261009/WORK-LAB-HISTORICAL-RECORDS-20261009.zip,originals/WORK-LAB_MASTER_ATLAS_2026-09-29.zip ! WORK-LAB_MASTER_ATLAS_2026-09-29/sources/WORK-LAB-CROSS-MAINTENANCE-2026-09-14.zip ! WORK-LAB-CROSS-MAINTENANCE-2026-09-14/00-ORDER-AND-HANDOFF.md,sha256:33f19805e0b1fd51fb863df9e1ab23e9488cd7226ada35fef037df9c90e9469f,6961,33f19805e0b1fd51fb863df9e1ab23e9488cd7226ada35fef037df9c90e9469f,0f8d0096,PRESERVED_IN_COMPLETE_ARCHIVE
WL-REC-0035,WL-REC-0035,docs/history/owner-inputs/record-20261009/WORK-LAB-HISTORICAL-RECORDS-20261009.zip,originals/WORK-LAB_MASTER_ATLAS_2026-09-29.zip ! WORK-LAB_MASTER_ATLAS_2026-09-29/sources/WORK-LAB-CROSS-MAINTENANCE-2026-09-14.zip ! WORK-LAB-CROSS-MAINTENANCE-2026-09-14/01-DSH-TO-HERMES.md,sha256:ba45d0ef8459510c27a6b8010628b1d1fd9fc3e0c1dfb9985da3f2ceb46367ec,6814,ba45d0ef8459510c27a6b8010628b1d1fd9fc3e0c1dfb9985da3f2ceb46367ec,1905b710,PRESERVED_IN_COMPLETE_ARCHIVE
WL-REC-0035,WL-REC-0035,docs/history/owner-inputs/record-20261009/WORK-LAB-HISTORICAL-RECORDS-20261009.zip,originals/WORK-LAB_MASTER_ATLAS_2026-09-29.zip ! WORK-LAB_MASTER_ATLAS_2026-09-29/sources/WORK-LAB-CROSS-MAINTENANCE-2026-09-14.zip ! WORK-LAB-CROSS-MAINTENANCE-2026-09-14/02-HERMES-TO-CODEX.md,sha256:a2e45d14b5327bf011a845ce34732982486aa6762c4b99803925f95caa4f0ccf,7007,a2e45d14b5327bf011a845ce34732982486aa6762c4b99803925f95caa4f0ccf,4c90fa3c,PRESERVED_IN_COMPLETE_ARCHIVE
WL-REC-0035,WL-REC-0035,docs/history/owner-inputs/record-20261009/WORK-LAB-HISTORICAL-RECORDS-20261009.zip,originals/WORK-LAB_MASTER_ATLAS_2026-09-29.zip ! WORK-LAB_MASTER_ATLAS_2026-09-29/sources/WORK-LAB-CROSS-MAINTENANCE-2026-09-14.zip ! WORK-LAB-CROSS-MAINTENANCE-2026-09-14/03-CODEX-TO-DSH.md,sha256:e7b64094c4adc08831b2a8343e507a9f98eab3d7b6cdd1ae9640e610da7c0537,6502,e7b64094c4adc08831b2a8343e507a9f98eab3d7b6cdd1ae9640e610da7c0537,41033ce1,PRESERVED_IN_COMPLETE_ARCHIVE
WL-REC-0035,WL-REC-0035,docs/history/owner-inputs/record-20261009/WORK-LAB-HISTORICAL-RECORDS-20261009.zip,originals/WORK-LAB_MASTER_ATLAS_2026-09-29.zip ! WORK-LAB_MASTER_ATLAS_2026-09-29/sources/WORK-LAB-CROSS-MAINTENANCE-2026-09-14.zip ! WORK-LAB-CROSS-MAINTENANCE-2026-09-14/04-INDEPENDENT-AUDIT.md,sha256:6f64d6688c41a6534c2820a4ca175d8ab3cfa7ef167ba883923b8b1200a85caf,6539,6f64d6688c41a6534c2820a4ca175d8ab3cfa7ef167ba883923b8b1200a85caf,17bd39b3,PRESERVED_IN_COMPLETE_ARCHIVE
WL-REC-0035,WL-REC-0035,docs/history/owner-inputs/record-20261009/WORK-LAB-HISTORICAL-RECORDS-20261009.zip,originals/WORK-LAB_MASTER_ATLAS_2026-09-29.zip ! WORK-LAB_MASTER_ATLAS_2026-09-29/sources/WORK-LAB-DAILY-EXECUTION-TASKPACK-2026-09-04.md,sha256:dba26125c31f94a1b4048ab92a8c16f49fa5eddd27a39a0682913d862a003e99,27985,dba26125c31f94a1b4048ab92a8c16f49fa5eddd27a39a0682913d862a003e99,d0e16818,PRESERVED_IN_COMPLETE_ARCHIVE
WL-REC-0035,WL-REC-0035,docs/history/owner-inputs/record-20261009/WORK-LAB-HISTORICAL-RECORDS-20261009.zip,originals/WORK-LAB_MASTER_ATLAS_2026-09-29.zip ! WORK-LAB_MASTER_ATLAS_2026-09-29/sources/WORK-LAB-DEEP-RESEARCH-OPTIMIZATION-AND-TODAY-TASKPACK-2026-09-04.md,sha256:f60d551997c868427f8e87d242f1bc6db88229cc739b95ddbe0ae88fd1b71169,55669,f60d551997c868427f8e87d242f1bc6db88229cc739b95ddbe0ae88fd1b71169,46876edd,PRESERVED_IN_COMPLETE_ARCHIVE
WL-REC-0035,WL-REC-0035,docs/history/owner-inputs/record-20261009/WORK-LAB-HISTORICAL-RECORDS-20261009.zip,originals/WORK-LAB_MASTER_ATLAS_2026-09-29.zip ! WORK-LAB_MASTER_ATLAS_2026-09-29/sources/WORK-LAB-DEVELOPMENT-RESEARCH.md,sha256:321389ac4f474c89c7bbffc13b34ff30cbe735781c9b137c4561ad0ecf9852f8,26345,321389ac4f474c89c7bbffc13b34ff30cbe735781c9b137c4561ad0ecf9852f8,dcf7d50e,PRESERVED_IN_COMPLETE_ARCHIVE
WL-REC-0035,WL-REC-0035,docs/history/owner-inputs/record-20261009/WORK-LAB-HISTORICAL-RECORDS-20261009.zip,originals/WORK-LAB_MASTER_ATLAS_2026-09-29.zip ! WORK-LAB_MASTER_ATLAS_2026-09-29/sources/WORK-LAB-DIRECTORY-MIGRATION-CLEANUP-TASKPACK-2026-09-01.md,sha256:5bea97c969bb6c0197b220d8c9f41dc1eb77599e5c9fb7e1d99f3c876b45310f,15382,5bea97c969bb6c0197b220d8c9f41dc1eb77599e5c9fb7e1d99f3c876b45310f,f3ca7d72,PRESERVED_IN_COMPLETE_ARCHIVE
WL-REC-0035,WL-REC-0035,docs/history/owner-inputs/record-20261009/WORK-LAB-HISTORICAL-RECORDS-20261009.zip,originals/WORK-LAB_MASTER_ATLAS_2026-09-29.zip ! WORK-LAB_MASTER_ATLAS_2026-09-29/sources/WORK-LAB-ENHANCEMENT-TASKPACK-2026-09-07.md,sha256:00860f2e059b77791b1d028e93f4e21d99c7992af992e6547e1e19bdb65306cf,1810,00860f2e059b77791b1d028e93f4e21d99c7992af992e6547e1e19bdb65306cf,4c9e63e9,PRESERVED_IN_COMPLETE_ARCHIVE
WL-REC-0035,WL-REC-0035,docs/history/owner-inputs/record-20261009/WORK-LAB-HISTORICAL-RECORDS-20261009.zip,originals/WORK-LAB_MASTER_ATLAS_2026-09-29.zip ! WORK-LAB_MASTER_ATLAS_2026-09-29/sources/WORK-LAB-EXECUTION-EFFICIENCY-REPAIR-PACK-v1.0.0-READY.zip,sha256:59da598cde7bf62da4ae46dfacf14cd934827c573159db0679e09461f5965b21,26087,59da598cde7bf62da4ae46dfacf14cd934827c573159db0679e09461f5965b21,29c94507,PRESERVED_IN_COMPLETE_ARCHIVE
WL-REC-0035,WL-REC-0035,docs/history/owner-inputs/record-20261009/WORK-LAB-HISTORICAL-RECORDS-20261009.zip,originals/WORK-LAB_MASTER_ATLAS_2026-09-29.zip ! WORK-LAB_MASTER_ATLAS_2026-09-29/sources/WORK-LAB-EXECUTION-EFFICIENCY-REPAIR-PACK-v1.0.0-READY.zip ! WORK-LAB-EXECUTION-EFFICIENCY-REPAIR-PACK-v1.0.0/MANIFEST.yaml,sha256:ae617958252a49256c43d486336e01c159b3452ded286e6fbb7f6bf08ec946d2,1276,ae617958252a49256c43d486336e01c159b3452ded286e6fbb7f6bf08ec946d2,346cefed,PRESERVED_IN_COMPLETE_ARCHIVE
WL-REC-0035,WL-REC-0035,docs/history/owner-inputs/record-20261009/WORK-LAB-HISTORICAL-RECORDS-20261009.zip,originals/WORK-LAB_MASTER_ATLAS_2026-09-29.zip ! WORK-LAB_MASTER_ATLAS_2026-09-29/sources/WORK-LAB-EXECUTION-EFFICIENCY-REPAIR-PACK-v1.0.0-READY.zip ! WORK-LAB-EXECUTION-EFFICIENCY-REPAIR-PACK-v1.0.0/01_MASTER_HERMES_TASKPACK.md,sha256:2efcb857329c34253e2086789f7849f9bc09d6456826ff3b280252c63cdc8cc3,4867,2efcb857329c34253e2086789f7849f9bc09d6456826ff3b280252c63cdc8cc3,927944ef,PRESERVED_IN_COMPLETE_ARCHIVE
WL-REC-0035,WL-REC-0035,docs/history/owner-inputs/record-20261009/WORK-LAB-HISTORICAL-RECORDS-20261009.zip,originals/WORK-LAB_MASTER_ATLAS_2026-09-29.zip ! WORK-LAB_MASTER_ATLAS_2026-09-29/sources/WORK-LAB-EXECUTION-EFFICIENCY-REPAIR-PACK-v1.0.0-READY.zip ! WORK-LAB-EXECUTION-EFFICIENCY-REPAIR-PACK-v1.0.0/07_GLOBAL_DEPLOYMENT_AND_OS_ADAPTER.md,sha256:402da115d851944c3c62e41e7aae8f815524165edfa06b6384714fab974ababd,2711,402da115d851944c3c62e41e7aae8f815524165edfa06b6384714fab974ababd,e60e9fce,PRESERVED_IN_COMPLETE_ARCHIVE
WL-REC-0035,WL-REC-0035,docs/history/owner-inputs/record-20261009/WORK-LAB-HISTORICAL-RECORDS-20261009.zip,originals/WORK-LAB_MASTER_ATLAS_2026-09-29.zip ! WORK-LAB_MASTER_ATLAS_2026-09-29/sources/WORK-LAB-EXECUTION-EFFICIENCY-REPAIR-PACK-v1.0.0-READY.zip ! WORK-LAB-EXECUTION-EFFICIENCY-REPAIR-PACK-v1.0.0/04_GLOBAL_ENGINE_SPEC.md,sha256:faaa32bb25463ff282a22e8d0a4c66abb8b6f9d95f90eb2670d10f6591338775,3460,faaa32bb25463ff282a22e8d0a4c66abb8b6f9d95f90eb2670d10f6591338775,74906107,PRESERVED_IN_COMPLETE_ARCHIVE
WL-REC-0035,WL-REC-0035,docs/history/owner-inputs/record-20261009/WORK-LAB-HISTORICAL-RECORDS-20261009.zip,originals/WORK-LAB_MASTER_ATLAS_2026-09-29.zip ! WORK-LAB_MASTER_ATLAS_2026-09-29/sources/WORK-LAB-EXECUTION-EFFICIENCY-REPAIR-PACK-v1.0.0-READY.zip ! WORK-LAB-EXECUTION-EFFICIENCY-REPAIR-PACK-v1.0.0/05_CI_GITHUB_BLOCKER_SPEC.md,sha256:7418290ac7dbd1275bcca5bcfa1e9e8af240a09cc800d4f782b9bb375df3edc1,3134,7418290ac7dbd1275bcca5bcfa1e9e8af240a09cc800d4f782b9bb375df3edc1,d359ad09,PRESERVED_IN_COMPLETE_ARCHIVE
WL-REC-0035,WL-REC-0035,docs/history/owner-inputs/record-20261009/WORK-LAB-HISTORICAL-RECORDS-20261009.zip,originals/WORK-LAB_MASTER_ATLAS_2026-09-29.zip ! WORK-LAB_MASTER_ATLAS_2026-09-29/sources/WORK-LAB-EXECUTION-EFFICIENCY-REPAIR-PACK-v1.0.0-READY.zip ! WORK-LAB-EXECUTION-EFFICIENCY-REPAIR-PACK-v1.0.0/06_EVIDENCE_HASH_REVIEW_SPEC.md,sha256:7d44e20d57807680f6e3544f02dd7718c52be3323bdffd24279b76ddd89d3475,2524,7d44e20d57807680f6e3544f02dd7718c52be3323bdffd24279b76ddd89d3475,a84f66d3,PRESERVED_IN_COMPLETE_ARCHIVE
WL-REC-0035,WL-REC-0035,docs/history/owner-inputs/record-20261009/WORK-LAB-HISTORICAL-RECORDS-20261009.zip,originals/WORK-LAB_MASTER_ATLAS_2026-09-29.zip ! WORK-LAB_MASTER_ATLAS_2026-09-29/sources/WORK-LAB-EXECUTION-EFFICIENCY-REPAIR-PACK-v1.0.0-READY.zip ! WORK-LAB-EXECUTION-EFFICIENCY-REPAIR-PACK-v1.0.0/00_START_HERE.md,sha256:ec846d0bc0c90d0594791edc55c4e0e9fa1fc0b9bed29415a63565b4446aa474,2600,ec846d0bc0c90d0594791edc55c4e0e9fa1fc0b9bed29415a63565b4446aa474,76a1ebec,PRESERVED_IN_COMPLETE_ARCHIVE
WL-REC-0035,WL-REC-0035,docs/history/owner-inputs/record-20261009/WORK-LAB-HISTORICAL-RECORDS-20261009.zip,originals/WORK-LAB_MASTER_ATLAS_2026-09-29.zip ! WORK-LAB_MASTER_ATLAS_2026-09-29/sources/WORK-LAB-EXECUTION-EFFICIENCY-REPAIR-PACK-v1.0.0-READY.zip ! WORK-LAB-EXECUTION-EFFICIENCY-REPAIR-PACK-v1.0.0/02_TARGET_ARCHITECTURE.md,sha256:be508b0f86069eafd694f069ec7c828e688622e9666dcc0794b2006f47d3080c,3410,be508b0f86069eafd694f069ec7c828e688622e9666dcc0794b2006f47d3080c,aaf748c1,PRESERVED_IN_COMPLETE_ARCHIVE
WL-REC-0035,WL-REC-0035,docs/history/owner-inputs/record-20261009/WORK-LAB-HISTORICAL-RECORDS-20261009.zip,originals/WORK-LAB_MASTER_ATLAS_2026-09-29.zip ! WORK-LAB_MASTER_ATLAS_2026-09-29/sources/WORK-LAB-EXECUTION-EFFICIENCY-REPAIR-PACK-v1.0.0-READY.zip ! WORK-LAB-EXECUTION-EFFICIENCY-REPAIR-PACK-v1.0.0/profiles/cognitive-loop-os.project-profile.example.yaml,sha256:3f4b520b7b73051b00c070a01b0335d38d70b133d62617096b4a1d26cf8ccd2c,2976,3f4b520b7b73051b00c070a01b0335d38d70b133d62617096b4a1d26cf8ccd2c,b8b97727,PRESERVED_IN_COMPLETE_ARCHIVE
WL-REC-0035,WL-REC-0035,docs/history/owner-inputs/record-20261009/WORK-LAB-HISTORICAL-RECORDS-20261009.zip,originals/WORK-LAB_MASTER_ATLAS_2026-09-29.zip ! WORK-LAB_MASTER_ATLAS_2026-09-29/sources/WORK-LAB-EXECUTION-EFFICIENCY-REPAIR-PACK-v1.0.0-READY.zip ! WORK-LAB-EXECUTION-EFFICIENCY-REPAIR-PACK-v1.0.0/profiles/work-lab.project-profile.example.yaml,sha256:92eaa85d45995db458a673272fff977da4a9a2a3aa91e41dd8758838bb73224b,1530,92eaa85d45995db458a673272fff977da4a9a2a3aa91e41dd8758838bb73224b,3319ab83,PRESERVED_IN_COMPLETE_ARCHIVE
WL-REC-0035,WL-REC-0035,docs/history/owner-inputs/record-20261009/WORK-LAB-HISTORICAL-RECORDS-20261009.zip,originals/WORK-LAB_MASTER_ATLAS_2026-09-29.zip ! WORK-LAB_MASTER_ATLAS_2026-09-29/sources/WORK-LAB-EXECUTION-EFFICIENCY-REPAIR-PACK-v1.0.0-READY.zip ! WORK-LAB-EXECUTION-EFFICIENCY-REPAIR-PACK-v1.0.0/contracts/gate-registry.example.yaml,sha256:94c05cf4063b51189e727decdc03319d980c4cad6fdf3dc181e499512b43a468,703,94c05cf4063b51189e727decdc03319d980c4cad6fdf3dc181e499512b43a468,7e9c2395,PRESERVED_IN_COMPLETE_ARCHIVE
WL-REC-0035,WL-REC-0035,docs/history/owner-inputs/record-20261009/WORK-LAB-HISTORICAL-RECORDS-20261009.zip,originals/WORK-LAB_MASTER_ATLAS_2026-09-29.zip ! WORK-LAB_MASTER_ATLAS_2026-09-29/sources/WORK-LAB-EXECUTION-EFFICIENCY-REPAIR-PACK-v1.0.0-READY.zip ! WORK-LAB-EXECUTION-EFFICIENCY-REPAIR-PACK-v1.0.0/08_ACCEPTANCE_ROLLBACK_HANDOFF.md,sha256:acb697263ab896c85c12a76e1345e237be2f8a75dc34e465d55b44a5f1e0720d,3441,acb697263ab896c85c12a76e1345e237be2f8a75dc34e465d55b44a5f1e0720d,50d42067,PRESERVED_IN_COMPLETE_ARCHIVE
WL-REC-0035,WL-REC-0035,docs/history/owner-inputs/record-20261009/WORK-LAB-HISTORICAL-RECORDS-20261009.zip,originals/WORK-LAB_MASTER_ATLAS_2026-09-29.zip ! WORK-LAB_MASTER_ATLAS_2026-09-29/sources/WORK-LAB-EXECUTION-EFFICIENCY-REPAIR-PACK-v1.0.0-READY.zip ! WORK-LAB-EXECUTION-EFFICIENCY-REPAIR-PACK-v1.0.0/03_IMPLEMENTATION_TASK_MATRIX.md,sha256:2eb3dbbe6974101bddf4308a5ea9b703075a85bb1a4c884f96f5ba2d984a6b3f,5087,2eb3dbbe6974101bddf4308a5ea9b703075a85bb1a4c884f96f5ba2d984a6b3f,c4b601f8,PRESERVED_IN_COMPLETE_ARCHIVE
WL-REC-0035,WL-REC-0035,docs/history/owner-inputs/record-20261009/WORK-LAB-HISTORICAL-RECORDS-20261009.zip,originals/WORK-LAB_MASTER_ATLAS_2026-09-29.zip ! WORK-LAB_MASTER_ATLAS_2026-09-29/sources/WORK-LAB-EXECUTION-EFFICIENCY-REPAIR-PACK-v1.0.0-READY.zip ! WORK-LAB-EXECUTION-EFFICIENCY-REPAIR-PACK-v1.0.0/HERMES_START_PROMPT.txt,sha256:399b446dc76e80d00fdc880e1aa7671053b1b8d017d1a584706f645e85df8550,1490,399b446dc76e80d00fdc880e1aa7671053b1b8d017d1a584706f645e85df8550,5590cfd1,PRESERVED_IN_COMPLETE_ARCHIVE
WL-REC-0035,WL-REC-0035,docs/history/owner-inputs/record-20261009/WORK-LAB-HISTORICAL-RECORDS-20261009.zip,originals/WORK-LAB_MASTER_ATLAS_2026-09-29.zip ! WORK-LAB_MASTER_ATLAS_2026-09-29/sources/WORK-LAB-FINAL-CONSOLIDATED-WL-TASK-GRAPH-CANONICAL-2026-08-07.md,sha256:0a4de2369a30524c817e494450c6ead3bc69206f566bbc7011c318873a33c90d,53937,0a4de2369a30524c817e494450c6ead3bc69206f566bbc7011c318873a33c90d,22102bd6,PRESERVED_IN_COMPLETE_ARCHIVE
WL-REC-0035,WL-REC-0035,docs/history/owner-inputs/record-20261009/WORK-LAB-HISTORICAL-RECORDS-20261009.zip,originals/WORK-LAB_MASTER_ATLAS_2026-09-29.zip ! WORK-LAB_MASTER_ATLAS_2026-09-29/sources/WORK-LAB-FINAL-EXECUTION-PACK-v3.0.0.zip,sha256:7e8b982d521bef0a4be11790cf52b056ece310e51c389e7440cfe053200f2ca7,55148,7e8b982d521bef0a4be11790cf52b056ece310e51c389e7440cfe053200f2ca7,8833740f,PRESERVED_IN_COMPLETE_ARCHIVE
WL-REC-0035,WL-REC-0035,docs/history/owner-inputs/record-20261009/WORK-LAB-HISTORICAL-RECORDS-20261009.zip,originals/WORK-LAB_MASTER_ATLAS_2026-09-29.zip ! WORK-LAB_MASTER_ATLAS_2026-09-29/sources/WORK-LAB-FINAL-EXECUTION-PACK-v3.0.0.zip ! WORK-LAB-FINAL-EXECUTION-PACK-v3.0.0/01_FINAL_AUDIT.md,sha256:26d2b2659cbe7b17f55f7f963922ab0d891883a5f8242a19fc7c1d8061e29df4,7417,26d2b2659cbe7b17f55f7f963922ab0d891883a5f8242a19fc7c1d8061e29df4,eeac15dd,PRESERVED_IN_COMPLETE_ARCHIVE
WL-REC-0035,WL-REC-0035,docs/history/owner-inputs/record-20261009/WORK-LAB-HISTORICAL-RECORDS-20261009.zip,originals/WORK-LAB_MASTER_ATLAS_2026-09-29.zip ! WORK-LAB_MASTER_ATLAS_2026-09-29/sources/WORK-LAB-FINAL-EXECUTION-PACK-v3.0.0.zip ! WORK-LAB-FINAL-EXECUTION-PACK-v3.0.0/09_DEPLOYMENT_ROLLBACK_RUNBOOK.md,sha256:7e8e968ac1b1cb1d3db651423b9dc3899cdc0b2dd939bde9422722ac8d653098,5438,7e8e968ac1b1cb1d3db651423b9dc3899cdc0b2dd939bde9422722ac8d653098,56c7ffdc,PRESERVED_IN_COMPLETE_ARCHIVE
WL-REC-0035,WL-REC-0035,docs/history/owner-inputs/record-20261009/WORK-LAB-HISTORICAL-RECORDS-20261009.zip,originals/WORK-LAB_MASTER_ATLAS_2026-09-29.zip ! WORK-LAB_MASTER_ATLAS_2026-09-29/sources/WORK-LAB-FINAL-EXECUTION-PACK-v3.0.0.zip ! WORK-LAB-FINAL-EXECUTION-PACK-v3.0.0/SOURCE_REFERENCES.md,sha256:762f56f39c0dee10f31c0514510ee69aea5d451065800744816b9841296536d6,4273,762f56f39c0dee10f31c0514510ee69aea5d451065800744816b9841296536d6,8448362d,PRESERVED_IN_COMPLETE_ARCHIVE
WL-REC-0035,WL-REC-0035,docs/history/owner-inputs/record-20261009/WORK-LAB-HISTORICAL-RECORDS-20261009.zip,originals/WORK-LAB_MASTER_ATLAS_2026-09-29.zip ! WORK-LAB_MASTER_ATLAS_2026-09-29/sources/WORK-LAB-FINAL-EXECUTION-PACK-v3.0.0.zip ! WORK-LAB-FINAL-EXECUTION-PACK-v3.0.0/10_HERMES_START_COMMAND.md,sha256:5308b368e3f03490233d2a31038476625bb2f5c88df2ff7edafba7b1ecb29b62,3979,5308b368e3f03490233d2a31038476625bb2f5c88df2ff7edafba7b1ecb29b62,05f6c43f,PRESERVED_IN_COMPLETE_ARCHIVE
WL-REC-0035,WL-REC-0035,docs/history/owner-inputs/record-20261009/WORK-LAB-HISTORICAL-RECORDS-20261009.zip,originals/WORK-LAB_MASTER_ATLAS_2026-09-29.zip ! WORK-LAB_MASTER_ATLAS_2026-09-29/sources/WORK-LAB-FINAL-EXECUTION-PACK-v3.0.0.zip ! WORK-LAB-FINAL-EXECUTION-PACK-v3.0.0/06_ADAPTER_AND_RUNTIME_SPEC.md,sha256:dc8be9ca3a0c386f09fed17873ca3888027b474a8a073551352ba0bd4f2c0b06,5630,dc8be9ca3a0c386f09fed17873ca3888027b474a8a073551352ba0bd4f2c0b06,09980aa1,PRESERVED_IN_COMPLETE_ARCHIVE
WL-REC-0035,WL-REC-0035,docs/history/owner-inputs/record-20261009/WORK-LAB-HISTORICAL-RECORDS-20261009.zip,originals/WORK-LAB_MASTER_ATLAS_2026-09-29.zip ! WORK-LAB_MASTER_ATLAS_2026-09-29/sources/WORK-LAB-FINAL-EXECUTION-PACK-v3.0.0.zip ! WORK-LAB-FINAL-EXECUTION-PACK-v3.0.0/07_OPEN_DESIGN_AND_OBSERVER_SPEC.md,sha256:789a5f8255765e31bec8adf5fccd0d68ff8de28da369284fd5bc379f439c1352,5923,789a5f8255765e31bec8adf5fccd0d68ff8de28da369284fd5bc379f439c1352,2fdc74ea,PRESERVED_IN_COMPLETE_ARCHIVE
WL-REC-0035,WL-REC-0035,docs/history/owner-inputs/record-20261009/WORK-LAB-HISTORICAL-RECORDS-20261009.zip,originals/WORK-LAB_MASTER_ATLAS_2026-09-29.zip ! WORK-LAB_MASTER_ATLAS_2026-09-29/sources/WORK-LAB-FINAL-EXECUTION-PACK-v3.0.0.zip ! WORK-LAB-FINAL-EXECUTION-PACK-v3.0.0/05_AUTOMATION_MEMORY_GOVERNANCE.md,sha256:78b84a80af88a1fc97138f640c7121f1a5b49de8712d4e1a0823ef214e2f468f,7409,78b84a80af88a1fc97138f640c7121f1a5b49de8712d4e1a0823ef214e2f468f,d0adbd23,PRESERVED_IN_COMPLETE_ARCHIVE
WL-REC-0035,WL-REC-0035,docs/history/owner-inputs/record-20261009/WORK-LAB-HISTORICAL-RECORDS-20261009.zip,originals/WORK-LAB_MASTER_ATLAS_2026-09-29.zip ! WORK-LAB_MASTER_ATLAS_2026-09-29/sources/WORK-LAB-FINAL-EXECUTION-PACK-v3.0.0.zip ! WORK-LAB-FINAL-EXECUTION-PACK-v3.0.0/02_CANONICAL_ARCHITECTURE.md,sha256:ad8ad6f3e52c2848ac13caa90ef979fcecbe7a31693bd02e40fb73b2b1ef4516,6749,ad8ad6f3e52c2848ac13caa90ef979fcecbe7a31693bd02e40fb73b2b1ef4516,b4cce17d,PRESERVED_IN_COMPLETE_ARCHIVE
WL-REC-0035,WL-REC-0035,docs/history/owner-inputs/record-20261009/WORK-LAB-HISTORICAL-RECORDS-20261009.zip,originals/WORK-LAB_MASTER_ATLAS_2026-09-29.zip ! WORK-LAB_MASTER_ATLAS_2026-09-29/sources/WORK-LAB-FINAL-EXECUTION-PACK-v3.0.0.zip ! WORK-LAB-FINAL-EXECUTION-PACK-v3.0.0/08_TEST_ACCEPTANCE_MATRIX.md,sha256:700baa411beb25fc49a7ce215e6d1e51e634d9027a60901b319835f79f052cfa,6164,700baa411beb25fc49a7ce215e6d1e51e634d9027a60901b319835f79f052cfa,047b8a28,PRESERVED_IN_COMPLETE_ARCHIVE
WL-REC-0035,WL-REC-0035,docs/history/owner-inputs/record-20261009/WORK-LAB-HISTORICAL-RECORDS-20261009.zip,originals/WORK-LAB_MASTER_ATLAS_2026-09-29.zip ! WORK-LAB_MASTER_ATLAS_2026-09-29/sources/WORK-LAB-FINAL-EXECUTION-PACK-v3.0.0.zip ! WORK-LAB-FINAL-EXECUTION-PACK-v3.0.0/taskpack-manifest.yaml,sha256:ea6288ab220194921fe82c0a7b68955e5d8c88d8f721ac3ed6ca2f87c1886599,4617,ea6288ab220194921fe82c0a7b68955e5d8c88d8f721ac3ed6ca2f87c1886599,292d24f8,PRESERVED_IN_COMPLETE_ARCHIVE
WL-REC-0035,WL-REC-0035,docs/history/owner-inputs/record-20261009/WORK-LAB-HISTORICAL-RECORDS-20261009.zip,originals/WORK-LAB_MASTER_ATLAS_2026-09-29.zip ! WORK-LAB_MASTER_ATLAS_2026-09-29/sources/WORK-LAB-FINAL-EXECUTION-PACK-v3.0.0.zip ! WORK-LAB-FINAL-EXECUTION-PACK-v3.0.0/scripts/validate_taskpack.py,sha256:5e5dc6f45ad9227ab663bf7afac4d7c9972d4461a46fcd43f3a5e36acb512b2a,6251,5e5dc6f45ad9227ab663bf7afac4d7c9972d4461a46fcd43f3a5e36acb512b2a,76bbb8c9,PRESERVED_IN_COMPLETE_ARCHIVE
WL-REC-0035,WL-REC-0035,docs/history/owner-inputs/record-20261009/WORK-LAB-HISTORICAL-RECORDS-20261009.zip,originals/WORK-LAB_MASTER_ATLAS_2026-09-29.zip ! WORK-LAB_MASTER_ATLAS_2026-09-29/sources/WORK-LAB-FINAL-EXECUTION-PACK-v3.0.0.zip ! WORK-LAB-FINAL-EXECUTION-PACK-v3.0.0/00_START_HERE.md,sha256:20e812046dcbc31ae9d67112901fc213462621b6d8241a0eecdc27ff95fde5b8,4333,20e812046dcbc31ae9d67112901fc213462621b6d8241a0eecdc27ff95fde5b8,e18b6e89,PRESERVED_IN_COMPLETE_ARCHIVE
WL-REC-0035,WL-REC-0035,docs/history/owner-inputs/record-20261009/WORK-LAB-HISTORICAL-RECORDS-20261009.zip,originals/WORK-LAB_MASTER_ATLAS_2026-09-29.zip ! WORK-LAB_MASTER_ATLAS_2026-09-29/sources/WORK-LAB-FINAL-EXECUTION-PACK-v3.0.0.zip ! WORK-LAB-FINAL-EXECUTION-PACK-v3.0.0/04_TASK_CARDS.yaml,sha256:0cfe9411de18580b33657eea4b69ff2a2c69b6aa216877cba701078272fb282d,27909,0cfe9411de18580b33657eea4b69ff2a2c69b6aa216877cba701078272fb282d,89afd601,PRESERVED_IN_COMPLETE_ARCHIVE
WL-REC-0035,WL-REC-0035,docs/history/owner-inputs/record-20261009/WORK-LAB-HISTORICAL-RECORDS-20261009.zip,originals/WORK-LAB_MASTER_ATLAS_2026-09-29.zip ! WORK-LAB_MASTER_ATLAS_2026-09-29/sources/WORK-LAB-FINAL-EXECUTION-PACK-v3.0.0.zip ! WORK-LAB-FINAL-EXECUTION-PACK-v3.0.0/automation-policy.example.yaml,sha256:2b6acede275566857241ea9bd54408e3a975a8c87b3c00e253e40c07015f845a,1277,2b6acede275566857241ea9bd54408e3a975a8c87b3c00e253e40c07015f845a,9fcd27df,PRESERVED_IN_COMPLETE_ARCHIVE
WL-REC-0035,WL-REC-0035,docs/history/owner-inputs/record-20261009/WORK-LAB-HISTORICAL-RECORDS-20261009.zip,originals/WORK-LAB_MASTER_ATLAS_2026-09-29.zip ! WORK-LAB_MASTER_ATLAS_2026-09-29/sources/WORK-LAB-FINAL-EXECUTION-PACK-v3.0.0.zip ! WORK-LAB-FINAL-EXECUTION-PACK-v3.0.0/03_EXECUTION_MASTER_PLAN.md,sha256:ff65c8de928bd52ac34303b29e2b389c913ed4c03dfb462c3020c48bdfdeda00,6416,ff65c8de928bd52ac34303b29e2b389c913ed4c03dfb462c3020c48bdfdeda00,41eda2f4,PRESERVED_IN_COMPLETE_ARCHIVE
WL-REC-0035,WL-REC-0035,docs/history/owner-inputs/record-20261009/WORK-LAB-HISTORICAL-RECORDS-20261009.zip,originals/WORK-LAB_MASTER_ATLAS_2026-09-29.zip ! WORK-LAB_MASTER_ATLAS_2026-09-29/sources/WORK-LAB-FINAL-FORWARD-RECONCILIATION-TASKPACK-2026-08-20.md,sha256:a0f8383d0d76fa4ef9e6988767279458fae9dcd7f7c5b47e6404f15ee312f6a9,40617,a0f8383d0d76fa4ef9e6988767279458fae9dcd7f7c5b47e6404f15ee312f6a9,3e3a6ecf,PRESERVED_IN_COMPLETE_ARCHIVE
WL-REC-0035,WL-REC-0035,docs/history/owner-inputs/record-20261009/WORK-LAB-HISTORICAL-RECORDS-20261009.zip,originals/WORK-LAB_MASTER_ATLAS_2026-09-29.zip ! WORK-LAB_MASTER_ATLAS_2026-09-29/sources/WORK-LAB-FINAL-HERMES-TASKPACK.md,sha256:0a4de2369a30524c817e494450c6ead3bc69206f566bbc7011c318873a33c90d,53937,0a4de2369a30524c817e494450c6ead3bc69206f566bbc7011c318873a33c90d,22102bd6,PRESERVED_IN_COMPLETE_ARCHIVE
WL-REC-0035,WL-REC-0035,docs/history/owner-inputs/record-20261009/WORK-LAB-HISTORICAL-RECORDS-20261009.zip,originals/WORK-LAB_MASTER_ATLAS_2026-09-29.zip ! WORK-LAB_MASTER_ATLAS_2026-09-29/sources/WORK-LAB-FINAL-MASTER-HERMES-TASKPACK-2026-08-10.md,sha256:5e4b345e836781bc2ccd47a3f21c640df3b654e510a529dd4578bdb3551cfe8f,50328,5e4b345e836781bc2ccd47a3f21c640df3b654e510a529dd4578bdb3551cfe8f,48b29436,PRESERVED_IN_COMPLETE_ARCHIVE
WL-REC-0035,WL-REC-0035,docs/history/owner-inputs/record-20261009/WORK-LAB-HISTORICAL-RECORDS-20261009.zip,originals/WORK-LAB_MASTER_ATLAS_2026-09-29.zip ! WORK-LAB_MASTER_ATLAS_2026-09-29/sources/WORK-LAB-FINAL-TASKPACK-2026-08-25.md,sha256:b847705a7aeba45796996fb74269035ddf3f0234cbd032d987c943c847b0a077,26489,b847705a7aeba45796996fb74269035ddf3f0234cbd032d987c943c847b0a077,c7f98c41,PRESERVED_IN_COMPLETE_ARCHIVE
WL-REC-0035,WL-REC-0035,docs/history/owner-inputs/record-20261009/WORK-LAB-HISTORICAL-RECORDS-20261009.zip,originals/WORK-LAB_MASTER_ATLAS_2026-09-29.zip ! WORK-LAB_MASTER_ATLAS_2026-09-29/sources/WORK-LAB-GLOBAL-PROJECT-EXECUTION-OBSERVABILITY-TASKPACK-2026-08-13.md,sha256:9a11dad8eb39c0da70f114631c051c0c2b3e13629090adca4689d422c70d0d11,38951,9a11dad8eb39c0da70f114631c051c0c2b3e13629090adca4689d422c70d0d11,e691f41f,PRESERVED_IN_COMPLETE_ARCHIVE
WL-REC-0035,WL-REC-0035,docs/history/owner-inputs/record-20261009/WORK-LAB-HISTORICAL-RECORDS-20261009.zip,originals/WORK-LAB_MASTER_ATLAS_2026-09-29.zip ! WORK-LAB_MASTER_ATLAS_2026-09-29/sources/WORK-LAB-HERMES-MASTER-TASKPACK-2026-09-07.md,sha256:863a7881f5840924560cf89103ca4e72616eba5b87c4f87c9cd5ce7dae5fe1b7,60808,863a7881f5840924560cf89103ca4e72616eba5b87c4f87c9cd5ce7dae5fe1b7,372ab141,PRESERVED_IN_COMPLETE_ARCHIVE
WL-REC-0035,WL-REC-0035,docs/history/owner-inputs/record-20261009/WORK-LAB-HISTORICAL-RECORDS-20261009.zip,originals/WORK-LAB_MASTER_ATLAS_2026-09-29.zip ! WORK-LAB_MASTER_ATLAS_2026-09-29/sources/WORK-LAB-HERMES-TASKPACK-v1.0.0.zip,sha256:e404fc15048be0eb583bbc35999b2be060949b32e1a5fa4493dd137dc496c610,29995,e404fc15048be0eb583bbc35999b2be060949b32e1a5fa4493dd137dc496c610,e2d80743,PRESERVED_IN_COMPLETE_ARCHIVE
WL-REC-0035,WL-REC-0035,docs/history/owner-inputs/record-20261009/WORK-LAB-HISTORICAL-RECORDS-20261009.zip,originals/WORK-LAB_MASTER_ATLAS_2026-09-29.zip ! WORK-LAB_MASTER_ATLAS_2026-09-29/sources/WORK-LAB-HERMES-TASKPACK-v1.0.0.zip ! WORK-LAB-HERMES-TASKPACK-v1.0.0/04_OPEN_DESIGN_TASKS.md,sha256:fb676a91b84623730156ff2a3c1e99659b11a86420d9bfe735ef77eb98b62901,2994,fb676a91b84623730156ff2a3c1e99659b11a86420d9bfe735ef77eb98b62901,3738260a,PRESERVED_IN_COMPLETE_ARCHIVE
WL-REC-0035,WL-REC-0035,docs/history/owner-inputs/record-20261009/WORK-LAB-HISTORICAL-RECORDS-20261009.zip,originals/WORK-LAB_MASTER_ATLAS_2026-09-29.zip ! WORK-LAB_MASTER_ATLAS_2026-09-29/sources/WORK-LAB-HERMES-TASKPACK-v1.0.0.zip ! WORK-LAB-HERMES-TASKPACK-v1.0.0/09_ROLLBACK_AND_RECOVERY.md,sha256:03e453a28652b2f518f894a83d039b3dcd7d040c8343ebb88e4b06e8a4308a8a,1797,03e453a28652b2f518f894a83d039b3dcd7d040c8343ebb88e4b06e8a4308a8a,87aff892,PRESERVED_IN_COMPLETE_ARCHIVE
WL-REC-0035,WL-REC-0035,docs/history/owner-inputs/record-20261009/WORK-LAB-HISTORICAL-RECORDS-20261009.zip,originals/WORK-LAB_MASTER_ATLAS_2026-09-29.zip ! WORK-LAB_MASTER_ATLAS_2026-09-29/sources/WORK-LAB-HERMES-TASKPACK-v1.0.0.zip ! WORK-LAB-HERMES-TASKPACK-v1.0.0/10_AUDIT_BASELINE.md,sha256:b76818f9721fc659ae72da1985787a209fea7cb083bdd1b1bd81b3311d7566c7,2488,b76818f9721fc659ae72da1985787a209fea7cb083bdd1b1bd81b3311d7566c7,5aeebe2e,PRESERVED_IN_COMPLETE_ARCHIVE
WL-REC-0035,WL-REC-0035,docs/history/owner-inputs/record-20261009/WORK-LAB-HISTORICAL-RECORDS-20261009.zip,originals/WORK-LAB_MASTER_ATLAS_2026-09-29.zip ! WORK-LAB_MASTER_ATLAS_2026-09-29/sources/WORK-LAB-HERMES-TASKPACK-v1.0.0.zip ! WORK-LAB-HERMES-TASKPACK-v1.0.0/task-cards.yaml,sha256:73972ead1e19139d152fe3875ea7159a16de6a2e144b9049ce2b4dab9953d760,10630,73972ead1e19139d152fe3875ea7159a16de6a2e144b9049ce2b4dab9953d760,e53cb0ab,PRESERVED_IN_COMPLETE_ARCHIVE
WL-REC-0035,WL-REC-0035,docs/history/owner-inputs/record-20261009/WORK-LAB-HISTORICAL-RECORDS-20261009.zip,originals/WORK-LAB_MASTER_ATLAS_2026-09-29.zip ! WORK-LAB_MASTER_ATLAS_2026-09-29/sources/WORK-LAB-HERMES-TASKPACK-v1.0.0.zip ! WORK-LAB-HERMES-TASKPACK-v1.0.0/11_HERMES_START_COMMAND.md,sha256:6549491f1f35140d8ae6579ca65ee9590170b063571241086b6e6e07ce3a3e3c,2249,6549491f1f35140d8ae6579ca65ee9590170b063571241086b6e6e07ce3a3e3c,e46e9dec,PRESERVED_IN_COMPLETE_ARCHIVE
WL-REC-0035,WL-REC-0035,docs/history/owner-inputs/record-20261009/WORK-LAB-HISTORICAL-RECORDS-20261009.zip,originals/WORK-LAB_MASTER_ATLAS_2026-09-29.zip ! WORK-LAB_MASTER_ATLAS_2026-09-29/sources/WORK-LAB-HERMES-TASKPACK-v1.0.0.zip ! WORK-LAB-HERMES-TASKPACK-v1.0.0/07_OBSERVER_AND_GROWTH.md,sha256:7b75525a5c89b64eb35d168c6e8a89474ad171281e908c9430dab0cbda481d6c,2252,7b75525a5c89b64eb35d168c6e8a89474ad171281e908c9430dab0cbda481d6c,9325f350,PRESERVED_IN_COMPLETE_ARCHIVE
WL-REC-0035,WL-REC-0035,docs/history/owner-inputs/record-20261009/WORK-LAB-HISTORICAL-RECORDS-20261009.zip,originals/WORK-LAB_MASTER_ATLAS_2026-09-29.zip ! WORK-LAB_MASTER_ATLAS_2026-09-29/sources/WORK-LAB-HERMES-TASKPACK-v1.0.0.zip ! WORK-LAB-HERMES-TASKPACK-v1.0.0/06_CROSS_MODULE_CONTRACTS.md,sha256:a0af71691c008e74c223a895a4017ff3a11f0769f4c2aebcd2a4174c5fa7a3e8,2022,a0af71691c008e74c223a895a4017ff3a11f0769f4c2aebcd2a4174c5fa7a3e8,548932ef,PRESERVED_IN_COMPLETE_ARCHIVE
WL-REC-0035,WL-REC-0035,docs/history/owner-inputs/record-20261009/WORK-LAB-HISTORICAL-RECORDS-20261009.zip,originals/WORK-LAB_MASTER_ATLAS_2026-09-29.zip ! WORK-LAB_MASTER_ATLAS_2026-09-29/sources/WORK-LAB-HERMES-TASKPACK-v1.0.0.zip ! WORK-LAB-HERMES-TASKPACK-v1.0.0/08_ACCEPTANCE_GATES.md,sha256:9733ea50460e9fcb95c305ec7d1ef2dd8163c73708751f8f8ec2ca2932344e43,2101,9733ea50460e9fcb95c305ec7d1ef2dd8163c73708751f8f8ec2ca2932344e43,bcd7f010,PRESERVED_IN_COMPLETE_ARCHIVE
WL-REC-0035,WL-REC-0035,docs/history/owner-inputs/record-20261009/WORK-LAB-HISTORICAL-RECORDS-20261009.zip,originals/WORK-LAB_MASTER_ATLAS_2026-09-29.zip ! WORK-LAB_MASTER_ATLAS_2026-09-29/sources/WORK-LAB-HERMES-TASKPACK-v1.0.0.zip ! WORK-LAB-HERMES-TASKPACK-v1.0.0/05_MINIGAME_TASKS.md,sha256:32fbffcdc2b63a7a299b34c2b6f1c377a2a8fd5cd062dcd956cdc0115762cec0,2879,32fbffcdc2b63a7a299b34c2b6f1c377a2a8fd5cd062dcd956cdc0115762cec0,07370c68,PRESERVED_IN_COMPLETE_ARCHIVE
WL-REC-0035,WL-REC-0035,docs/history/owner-inputs/record-20261009/WORK-LAB-HISTORICAL-RECORDS-20261009.zip,originals/WORK-LAB_MASTER_ATLAS_2026-09-29.zip ! WORK-LAB_MASTER_ATLAS_2026-09-29/sources/WORK-LAB-HERMES-TASKPACK-v1.0.0.zip ! WORK-LAB-HERMES-TASKPACK-v1.0.0/01_PROJECT_CONTEXT.md,sha256:1a5d8389e0fff97320d796e9281d7c6b4a67f422899d5a35b52a3f07e46db305,4258,1a5d8389e0fff97320d796e9281d7c6b4a67f422899d5a35b52a3f07e46db305,1b7a4309,PRESERVED_IN_COMPLETE_ARCHIVE
WL-REC-0035,WL-REC-0035,docs/history/owner-inputs/record-20261009/WORK-LAB-HISTORICAL-RECORDS-20261009.zip,originals/WORK-LAB_MASTER_ATLAS_2026-09-29.zip ! WORK-LAB_MASTER_ATLAS_2026-09-29/sources/WORK-LAB-HERMES-TASKPACK-v1.0.0.zip ! WORK-LAB-HERMES-TASKPACK-v1.0.0/taskpack-manifest.yaml,sha256:76348bf4abba6d96cc17b176bc4711e3a895baea7bfb49cb8805b70773dce5bc,3190,76348bf4abba6d96cc17b176bc4711e3a895baea7bfb49cb8805b70773dce5bc,c625c227,PRESERVED_IN_COMPLETE_ARCHIVE
WL-REC-0035,WL-REC-0035,docs/history/owner-inputs/record-20261009/WORK-LAB-HISTORICAL-RECORDS-20261009.zip,originals/WORK-LAB_MASTER_ATLAS_2026-09-29.zip ! WORK-LAB_MASTER_ATLAS_2026-09-29/sources/WORK-LAB-HERMES-TASKPACK-v1.0.0.zip ! WORK-LAB-HERMES-TASKPACK-v1.0.0/00_START_HERE.md,sha256:06d38054c5a00babaf06bbecb2120167479bd0de3a4f4c74f44a41a8668bf4be,2246,06d38054c5a00babaf06bbecb2120167479bd0de3a4f4c74f44a41a8668bf4be,5d1efea4,PRESERVED_IN_COMPLETE_ARCHIVE
WL-REC-0035,WL-REC-0035,docs/history/owner-inputs/record-20261009/WORK-LAB-HISTORICAL-RECORDS-20261009.zip,originals/WORK-LAB_MASTER_ATLAS_2026-09-29.zip ! WORK-LAB_MASTER_ATLAS_2026-09-29/sources/WORK-LAB-HERMES-TASKPACK-v1.0.0.zip ! WORK-LAB-HERMES-TASKPACK-v1.0.0/03_WORKFLOW_ASSISTANCE_TASKS.md,sha256:708addc1014909696c79e971637001ecc1c02b004388b87abe74bd2c9a8c83ba,3366,708addc1014909696c79e971637001ecc1c02b004388b87abe74bd2c9a8c83ba,3097e728,PRESERVED_IN_COMPLETE_ARCHIVE
WL-REC-0035,WL-REC-0035,docs/history/owner-inputs/record-20261009/WORK-LAB-HISTORICAL-RECORDS-20261009.zip,originals/WORK-LAB_MASTER_ATLAS_2026-09-29.zip ! WORK-LAB_MASTER_ATLAS_2026-09-29/sources/WORK-LAB-HERMES-TASKPACK-v1.0.0.zip ! WORK-LAB-HERMES-TASKPACK-v1.0.0/02_MASTER_EXECUTION_PLAN.md,sha256:33dc1a6d619e3b11a83e127741c050762da1b8280c0e2cdb2b39a437469cd508,4825,33dc1a6d619e3b11a83e127741c050762da1b8280c0e2cdb2b39a437469cd508,3f07bca4,PRESERVED_IN_COMPLETE_ARCHIVE
WL-REC-0035,WL-REC-0035,docs/history/owner-inputs/record-20261009/WORK-LAB-HISTORICAL-RECORDS-20261009.zip,originals/WORK-LAB_MASTER_ATLAS_2026-09-29.zip ! WORK-LAB_MASTER_ATLAS_2026-09-29/sources/WORK-LAB-HERMES-TASKPACK-v2.0.0.zip,sha256:e379fd191437b6eae3af30e729d1d20702ed1e813fb5fad794f1edcef8ea852f,30263,e379fd191437b6eae3af30e729d1d20702ed1e813fb5fad794f1edcef8ea852f,dedd3d5d,PRESERVED_IN_COMPLETE_ARCHIVE
WL-REC-0035,WL-REC-0035,docs/history/owner-inputs/record-20261009/WORK-LAB-HISTORICAL-RECORDS-20261009.zip,originals/WORK-LAB_MASTER_ATLAS_2026-09-29.zip ! WORK-LAB_MASTER_ATLAS_2026-09-29/sources/WORK-LAB-HERMES-TASKPACK-v2.0.0.zip ! WORK-LAB-HERMES-TASKPACK-v2.0.0/02_TARGET_ARCHITECTURE.md,sha256:d27c45e8faf98874bb5c236290305c57c38e930e6b0f8d82aa8c7a3cb44d3e31,2652,d27c45e8faf98874bb5c236290305c57c38e930e6b0f8d82aa8c7a3cb44d3e31,2faa31e2,PRESERVED_IN_COMPLETE_ARCHIVE
WL-REC-0035,WL-REC-0035,docs/history/owner-inputs/record-20261009/WORK-LAB-HISTORICAL-RECORDS-20261009.zip,originals/WORK-LAB_MASTER_ATLAS_2026-09-29.zip ! WORK-LAB_MASTER_ATLAS_2026-09-29/sources/WORK-LAB-HERMES-TASKPACK-v2.0.0.zip ! WORK-LAB-HERMES-TASKPACK-v2.0.0/10_ROLLBACK_AND_RECOVERY.md,sha256:2a70ee4484470d060aacaef98748b6114d0b06b21183573641aadf61d4a11152,1379,2a70ee4484470d060aacaef98748b6114d0b06b21183573641aadf61d4a11152,a788e95e,PRESERVED_IN_COMPLETE_ARCHIVE
WL-REC-0035,WL-REC-0035,docs/history/owner-inputs/record-20261009/WORK-LAB-HISTORICAL-RECORDS-20261009.zip,originals/WORK-LAB_MASTER_ATLAS_2026-09-29.zip ! WORK-LAB_MASTER_ATLAS_2026-09-29/sources/WORK-LAB-HERMES-TASKPACK-v2.0.0.zip ! WORK-LAB-HERMES-TASKPACK-v2.0.0/01_AUTHORITY_CONTEXT.md,sha256:18c04eaae5454c06c70d22c5d8fb6e653440a7417b6ed72032829eecf3975cf9,2664,18c04eaae5454c06c70d22c5d8fb6e653440a7417b6ed72032829eecf3975cf9,6d6766fb,PRESERVED_IN_COMPLETE_ARCHIVE
WL-REC-0035,WL-REC-0035,docs/history/owner-inputs/record-20261009/WORK-LAB-HISTORICAL-RECORDS-20261009.zip,originals/WORK-LAB_MASTER_ATLAS_2026-09-29.zip ! WORK-LAB_MASTER_ATLAS_2026-09-29/sources/WORK-LAB-HERMES-TASKPACK-v2.0.0.zip ! WORK-LAB-HERMES-TASKPACK-v2.0.0/08_MIGRATION_CLASSIFICATION.md,sha256:ed697e17af42d983954dc04d231c212992f5e2a0bde98adc573f56d91fae6c23,1862,ed697e17af42d983954dc04d231c212992f5e2a0bde98adc573f56d91fae6c23,4fa8071d,PRESERVED_IN_COMPLETE_ARCHIVE
WL-REC-0035,WL-REC-0035,docs/history/owner-inputs/record-20261009/WORK-LAB-HISTORICAL-RECORDS-20261009.zip,originals/WORK-LAB_MASTER_ATLAS_2026-09-29.zip ! WORK-LAB_MASTER_ATLAS_2026-09-29/sources/WORK-LAB-HERMES-TASKPACK-v2.0.0.zip ! WORK-LAB-HERMES-TASKPACK-v2.0.0/03_MASTER_EXECUTION_PLAN.md,sha256:ae550628e93f170e70274c6a16ba3de0133693d11342b6df2727930abb33b3f1,3426,ae550628e93f170e70274c6a16ba3de0133693d11342b6df2727930abb33b3f1,bebc96ba,PRESERVED_IN_COMPLETE_ARCHIVE
WL-REC-0035,WL-REC-0035,docs/history/owner-inputs/record-20261009/WORK-LAB-HISTORICAL-RECORDS-20261009.zip,originals/WORK-LAB_MASTER_ATLAS_2026-09-29.zip ! WORK-LAB_MASTER_ATLAS_2026-09-29/sources/WORK-LAB-HERMES-TASKPACK-v2.0.0.zip ! WORK-LAB-HERMES-TASKPACK-v2.0.0/07_CONTRACTS_AND_DATA_FLOW.md,sha256:d2e465f654b5b91649f97beb314b7e0ecf979673f0880c8cfc0b4030e3896fdc,1775,d2e465f654b5b91649f97beb314b7e0ecf979673f0880c8cfc0b4030e3896fdc,6b98ed47,PRESERVED_IN_COMPLETE_ARCHIVE
WL-REC-0035,WL-REC-0035,docs/history/owner-inputs/record-20261009/WORK-LAB-HISTORICAL-RECORDS-20261009.zip,originals/WORK-LAB_MASTER_ATLAS_2026-09-29.zip ! WORK-LAB_MASTER_ATLAS_2026-09-29/sources/WORK-LAB-HERMES-TASKPACK-v2.0.0.zip ! WORK-LAB-HERMES-TASKPACK-v2.0.0/11_AUDIT_BASELINE.md,sha256:9ad32a0e32f5f1671ef90eadd744ca94d050236e15b34536a8b68258983787ae,1892,9ad32a0e32f5f1671ef90eadd744ca94d050236e15b34536a8b68258983787ae,8387c27c,PRESERVED_IN_COMPLETE_ARCHIVE
WL-REC-0035,WL-REC-0035,docs/history/owner-inputs/record-20261009/WORK-LAB-HISTORICAL-RECORDS-20261009.zip,originals/WORK-LAB_MASTER_ATLAS_2026-09-29.zip ! WORK-LAB_MASTER_ATLAS_2026-09-29/sources/WORK-LAB-HERMES-TASKPACK-v2.0.0.zip ! WORK-LAB-HERMES-TASKPACK-v2.0.0/12_HERMES_START_COMMAND.md,sha256:51a978148f6dc54fe9da5ec61738a097a71e966b77de64266e22e3f69c93b7af,2495,51a978148f6dc54fe9da5ec61738a097a71e966b77de64266e22e3f69c93b7af,59edda33,PRESERVED_IN_COMPLETE_ARCHIVE
WL-REC-0035,WL-REC-0035,docs/history/owner-inputs/record-20261009/WORK-LAB-HISTORICAL-RECORDS-20261009.zip,originals/WORK-LAB_MASTER_ATLAS_2026-09-29.zip ! WORK-LAB_MASTER_ATLAS_2026-09-29/sources/WORK-LAB-HERMES-TASKPACK-v2.0.0.zip ! WORK-LAB-HERMES-TASKPACK-v2.0.0/13_SUPERSEDES_V1.md,sha256:f33c8af9da0a8062f3a8cce8d074e747d2f6e8b93c5cb87fcd589a71763284d5,1091,f33c8af9da0a8062f3a8cce8d074e747d2f6e8b93c5cb87fcd589a71763284d5,609b5b88,PRESERVED_IN_COMPLETE_ARCHIVE
WL-REC-0035,WL-REC-0035,docs/history/owner-inputs/record-20261009/WORK-LAB-HISTORICAL-RECORDS-20261009.zip,originals/WORK-LAB_MASTER_ATLAS_2026-09-29.zip ! WORK-LAB_MASTER_ATLAS_2026-09-29/sources/WORK-LAB-HERMES-TASKPACK-v2.0.0.zip ! WORK-LAB-HERMES-TASKPACK-v2.0.0/task-cards.yaml,sha256:52653180388b39ace850daaa21c9d1e427f09bd6c9dd1714f4698b4b84ceef5b,12426,52653180388b39ace850daaa21c9d1e427f09bd6c9dd1714f4698b4b84ceef5b,3f5b497d,PRESERVED_IN_COMPLETE_ARCHIVE
WL-REC-0035,WL-REC-0035,docs/history/owner-inputs/record-20261009/WORK-LAB-HISTORICAL-RECORDS-20261009.zip,originals/WORK-LAB_MASTER_ATLAS_2026-09-29.zip ! WORK-LAB_MASTER_ATLAS_2026-09-29/sources/WORK-LAB-HERMES-TASKPACK-v2.0.0.zip ! WORK-LAB-HERMES-TASKPACK-v2.0.0/05_OPEN_DESIGN_MINIGAME_ABSORPTION.md,sha256:9ae36e46daea065ccb8347031ddc6407a50852400b8d3f3b63ea5eca2986a7a3,3179,9ae36e46daea065ccb8347031ddc6407a50852400b8d3f3b63ea5eca2986a7a3,72c72d10,PRESERVED_IN_COMPLETE_ARCHIVE
WL-REC-0035,WL-REC-0035,docs/history/owner-inputs/record-20261009/WORK-LAB-HISTORICAL-RECORDS-20261009.zip,originals/WORK-LAB_MASTER_ATLAS_2026-09-29.zip ! WORK-LAB_MASTER_ATLAS_2026-09-29/sources/WORK-LAB-HERMES-TASKPACK-v2.0.0.zip ! WORK-LAB-HERMES-TASKPACK-v2.0.0/09_ACCEPTANCE_GATES.md,sha256:1d5d82ff6bf7647521cf7e0f541e9f6840acb4dc49e868132dc1cfc5c4b41b4d,2070,1d5d82ff6bf7647521cf7e0f541e9f6840acb4dc49e868132dc1cfc5c4b41b4d,691620ec,PRESERVED_IN_COMPLETE_ARCHIVE
WL-REC-0035,WL-REC-0035,docs/history/owner-inputs/record-20261009/WORK-LAB-HISTORICAL-RECORDS-20261009.zip,originals/WORK-LAB_MASTER_ATLAS_2026-09-29.zip ! WORK-LAB_MASTER_ATLAS_2026-09-29/sources/WORK-LAB-HERMES-TASKPACK-v2.0.0.zip ! WORK-LAB-HERMES-TASKPACK-v2.0.0/taskpack-manifest.yaml,sha256:2ea609dff2f91985be3d775fe060ea7c352441af7c2f5919c64b5ff07548df03,3329,2ea609dff2f91985be3d775fe060ea7c352441af7c2f5919c64b5ff07548df03,6f516ba0,PRESERVED_IN_COMPLETE_ARCHIVE
WL-REC-0035,WL-REC-0035,docs/history/owner-inputs/record-20261009/WORK-LAB-HISTORICAL-RECORDS-20261009.zip,originals/WORK-LAB_MASTER_ATLAS_2026-09-29.zip ! WORK-LAB_MASTER_ATLAS_2026-09-29/sources/WORK-LAB-HERMES-TASKPACK-v2.0.0.zip ! WORK-LAB-HERMES-TASKPACK-v2.0.0/00_START_HERE.md,sha256:2e86355976c7736c3cf368a661b789ef996f608d3cfe7fb59ae567db55e5d7f4,2566,2e86355976c7736c3cf368a661b789ef996f608d3cfe7fb59ae567db55e5d7f4,064d17c6,PRESERVED_IN_COMPLETE_ARCHIVE
WL-REC-0035,WL-REC-0035,docs/history/owner-inputs/record-20261009/WORK-LAB-HISTORICAL-RECORDS-20261009.zip,originals/WORK-LAB_MASTER_ATLAS_2026-09-29.zip ! WORK-LAB_MASTER_ATLAS_2026-09-29/sources/WORK-LAB-HERMES-TASKPACK-v2.0.0.zip ! WORK-LAB-HERMES-TASKPACK-v2.0.0/04_WORKFLOW_ASSISTANCE_TASKS.md,sha256:bfdd08d024ea955047080c7a9c8752b3c9fc225564b98e89a1007d98ded59fdd,2889,bfdd08d024ea955047080c7a9c8752b3c9fc225564b98e89a1007d98ded59fdd,5cffb4de,PRESERVED_IN_COMPLETE_ARCHIVE
WL-REC-0035,WL-REC-0035,docs/history/owner-inputs/record-20261009/WORK-LAB-HISTORICAL-RECORDS-20261009.zip,originals/WORK-LAB_MASTER_ATLAS_2026-09-29.zip ! WORK-LAB_MASTER_ATLAS_2026-09-29/sources/WORK-LAB-HERMES-TASKPACK-v2.0.0.zip ! WORK-LAB-HERMES-TASKPACK-v2.0.0/06_OBSERVER_TASKS.md,sha256:e91c39346237b3583baf8557344f2bec80975ea853d4b9fe2045400e21d80f01,2087,e91c39346237b3583baf8557344f2bec80975ea853d4b9fe2045400e21d80f01,a9f6e9e9,PRESERVED_IN_COMPLETE_ARCHIVE
WL-REC-0035,WL-REC-0035,docs/history/owner-inputs/record-20261009/WORK-LAB-HISTORICAL-RECORDS-20261009.zip,originals/WORK-LAB_MASTER_ATLAS_2026-09-29.zip ! WORK-LAB_MASTER_ATLAS_2026-09-29/sources/WORK-LAB-HISTORY-SOURCE-MANIFEST-2026-09-04.json,sha256:8693aa58484a150cac87de8bbf1a1dffc05eadb996df5a6f535914c5f1d77dd4,4901,8693aa58484a150cac87de8bbf1a1dffc05eadb996df5a6f535914c5f1d77dd4,e0c6ac63,PRESERVED_IN_COMPLETE_ARCHIVE
WL-REC-0035,WL-REC-0035,docs/history/owner-inputs/record-20261009/WORK-LAB-HISTORICAL-RECORDS-20261009.zip,originals/WORK-LAB_MASTER_ATLAS_2026-09-29.zip ! WORK-LAB_MASTER_ATLAS_2026-09-29/sources/WORK-LAB-LAYERED-FINAL-2026-09-14.zip,sha256:a6efdc628b7688c28c8552195db9cade483ca4c2821fd07360466e7fce291502,39431,a6efdc628b7688c28c8552195db9cade483ca4c2821fd07360466e7fce291502,049ba4f8,PRESERVED_IN_COMPLETE_ARCHIVE
WL-REC-0035,WL-REC-0035,docs/history/owner-inputs/record-20261009/WORK-LAB-HISTORICAL-RECORDS-20261009.zip,originals/WORK-LAB_MASTER_ATLAS_2026-09-29.zip ! WORK-LAB_MASTER_ATLAS_2026-09-29/sources/WORK-LAB-LAYERED-FINAL-2026-09-14.zip ! WORK-LAB-LAYERED-FINAL-2026-09-14/README.md,sha256:b3bed736d82e1ae17164a8d4f2f4d5f2f67ab8e77f98f4fba8a4666ce7510be8,2129,b3bed736d82e1ae17164a8d4f2f4d5f2f67ab8e77f98f4fba8a4666ce7510be8,89d3f671,PRESERVED_IN_COMPLETE_ARCHIVE
WL-REC-0035,WL-REC-0035,docs/history/owner-inputs/record-20261009/WORK-LAB-HISTORICAL-RECORDS-20261009.zip,originals/WORK-LAB_MASTER_ATLAS_2026-09-29.zip ! WORK-LAB_MASTER_ATLAS_2026-09-29/sources/WORK-LAB-LAYERED-FINAL-2026-09-14.zip ! WORK-LAB-LAYERED-FINAL-2026-09-14/00-RESEARCH-AND-LAYERS.md,sha256:4c7da67353cd2ecc6811fbc6a88641bce43c64533d778c7fadb4f0edf75d9afa,20454,4c7da67353cd2ecc6811fbc6a88641bce43c64533d778c7fadb4f0edf75d9afa,95f33d4d,PRESERVED_IN_COMPLETE_ARCHIVE
WL-REC-0035,WL-REC-0035,docs/history/owner-inputs/record-20261009/WORK-LAB-HISTORICAL-RECORDS-20261009.zip,originals/WORK-LAB_MASTER_ATLAS_2026-09-29.zip ! WORK-LAB_MASTER_ATLAS_2026-09-29/sources/WORK-LAB-LAYERED-FINAL-2026-09-14.zip ! WORK-LAB-LAYERED-FINAL-2026-09-14/01-DSH-TO-HERMES.md,sha256:ce4119678e1848a279c7ce69d50d3ce91422aebd0134d91519acb3821d2142bf,7599,ce4119678e1848a279c7ce69d50d3ce91422aebd0134d91519acb3821d2142bf,941d830b,PRESERVED_IN_COMPLETE_ARCHIVE
WL-REC-0035,WL-REC-0035,docs/history/owner-inputs/record-20261009/WORK-LAB-HISTORICAL-RECORDS-20261009.zip,originals/WORK-LAB_MASTER_ATLAS_2026-09-29.zip ! WORK-LAB_MASTER_ATLAS_2026-09-29/sources/WORK-LAB-LAYERED-FINAL-2026-09-14.zip ! WORK-LAB-LAYERED-FINAL-2026-09-14/02-HERMES-TO-CODEX.md,sha256:c0d23b216371186b9c25547686742323dcedd81a0c997ac2d0e0be60f6156dcc,7725,c0d23b216371186b9c25547686742323dcedd81a0c997ac2d0e0be60f6156dcc,bb5cee3f,PRESERVED_IN_COMPLETE_ARCHIVE
WL-REC-0035,WL-REC-0035,docs/history/owner-inputs/record-20261009/WORK-LAB-HISTORICAL-RECORDS-20261009.zip,originals/WORK-LAB_MASTER_ATLAS_2026-09-29.zip ! WORK-LAB_MASTER_ATLAS_2026-09-29/sources/WORK-LAB-LAYERED-FINAL-2026-09-14.zip ! WORK-LAB-LAYERED-FINAL-2026-09-14/03-CODEX-TO-DSH.md,sha256:1e911fba2b5ddf041ca9f2844f66fcf3daa445fee80864bc4e4c79210d61ee7d,7119,1e911fba2b5ddf041ca9f2844f66fcf3daa445fee80864bc4e4c79210d61ee7d,24a0bab6,PRESERVED_IN_COMPLETE_ARCHIVE
WL-REC-0035,WL-REC-0035,docs/history/owner-inputs/record-20261009/WORK-LAB-HISTORICAL-RECORDS-20261009.zip,originals/WORK-LAB_MASTER_ATLAS_2026-09-29.zip ! WORK-LAB_MASTER_ATLAS_2026-09-29/sources/WORK-LAB-LAYERED-FINAL-2026-09-14.zip ! WORK-LAB-LAYERED-FINAL-2026-09-14/04-INDEPENDENT-AUDIT.md,sha256:1618f022af069f5388dacabdf08be8b88eb5eca2ba51c0676a55f3e005974aa5,7529,1618f022af069f5388dacabdf08be8b88eb5eca2ba51c0676a55f3e005974aa5,440ce5cb,PRESERVED_IN_COMPLETE_ARCHIVE
WL-REC-0035,WL-REC-0035,docs/history/owner-inputs/record-20261009/WORK-LAB-HISTORICAL-RECORDS-20261009.zip,originals/WORK-LAB_MASTER_ATLAS_2026-09-29.zip ! WORK-LAB_MASTER_ATLAS_2026-09-29/sources/WORK-LAB-LAYERED-FINAL-2026-09-14.zip ! WORK-LAB-LAYERED-FINAL-2026-09-14/05-PRIOR-SOFTWARE-AUDIT.md,sha256:7118047fde75cff3593acf2a2ba0dcca1218c06d448507a372b6d2b32f812e61,23816,7118047fde75cff3593acf2a2ba0dcca1218c06d448507a372b6d2b32f812e61,5fe17783,PRESERVED_IN_COMPLETE_ARCHIVE
WL-REC-0035,WL-REC-0035,docs/history/owner-inputs/record-20261009/WORK-LAB-HISTORICAL-RECORDS-20261009.zip,originals/WORK-LAB_MASTER_ATLAS_2026-09-29.zip ! WORK-LAB_MASTER_ATLAS_2026-09-29/sources/WORK-LAB-Monorepo-Migration-Pack-v6.0.zip,sha256:283e520812c875a123636810936e6412eae6c6d37ba5e9cf247338c5c401748b,96164,283e520812c875a123636810936e6412eae6c6d37ba5e9cf247338c5c401748b,0ae250fb,PRESERVED_IN_COMPLETE_ARCHIVE
WL-REC-0035,WL-REC-0035,docs/history/owner-inputs/record-20261009/WORK-LAB-HISTORICAL-RECORDS-20261009.zip,originals/WORK-LAB_MASTER_ATLAS_2026-09-29.zip ! WORK-LAB_MASTER_ATLAS_2026-09-29/sources/WORK-LAB-Monorepo-Migration-Pack-v6.0.zip ! WORK-LAB-Monorepo-Migration-Pack-v6.0/CHECKSUMS.sha256,sha256:ac101ebca2b8e4e0a268eeafa5e50234fe90358a3b7aa1c0be6c20110bb91066,6952,ac101ebca2b8e4e0a268eeafa5e50234fe90358a3b7aa1c0be6c20110bb91066,8c6e3a96,PRESERVED_IN_COMPLETE_ARCHIVE
WL-REC-0035,WL-REC-0035,docs/history/owner-inputs/record-20261009/WORK-LAB-HISTORICAL-RECORDS-20261009.zip,originals/WORK-LAB_MASTER_ATLAS_2026-09-29.zip ! WORK-LAB_MASTER_ATLAS_2026-09-29/sources/WORK-LAB-Monorepo-Migration-Pack-v6.0.zip ! WORK-LAB-Monorepo-Migration-Pack-v6.0/10_ACCEPTANCE_EVIDENCE_AND_BENCHMARKS.md,sha256:94a5a68c104fe71866b974b71d53aa722999b1c109c6fcd9c2800479d6d7b93c,2545,94a5a68c104fe71866b974b71d53aa722999b1c109c6fcd9c2800479d6d7b93c,443f0850,PRESERVED_IN_COMPLETE_ARCHIVE
WL-REC-0035,WL-REC-0035,docs/history/owner-inputs/record-20261009/WORK-LAB-HISTORICAL-RECORDS-20261009.zip,originals/WORK-LAB_MASTER_ATLAS_2026-09-29.zip ! WORK-LAB_MASTER_ATLAS_2026-09-29/sources/WORK-LAB-Monorepo-Migration-Pack-v6.0.zip ! WORK-LAB-Monorepo-Migration-Pack-v6.0/validate_package.py,sha256:f6d398706debc79ace4dbc3ba6f2ecd5bde416f7c02ea251991dd57db12ec2b6,10579,f6d398706debc79ace4dbc3ba6f2ecd5bde416f7c02ea251991dd57db12ec2b6,a6633d66,PRESERVED_IN_COMPLETE_ARCHIVE
WL-REC-0035,WL-REC-0035,docs/history/owner-inputs/record-20261009/WORK-LAB-HISTORICAL-RECORDS-20261009.zip,originals/WORK-LAB_MASTER_ATLAS_2026-09-29.zip ! WORK-LAB_MASTER_ATLAS_2026-09-29/sources/WORK-LAB-Monorepo-Migration-Pack-v6.0.zip ! WORK-LAB-Monorepo-Migration-Pack-v6.0/09_CROSS_MODULE_CONTRACTS.md,sha256:800f9ac2eb012cb56c4bb9187fddfe5e5910b24356638c96efa581b9725f42b1,1711,800f9ac2eb012cb56c4bb9187fddfe5e5910b24356638c96efa581b9725f42b1,0de6565b,PRESERVED_IN_COMPLETE_ARCHIVE
WL-REC-0035,WL-REC-0035,docs/history/owner-inputs/record-20261009/WORK-LAB-HISTORICAL-RECORDS-20261009.zip,originals/WORK-LAB_MASTER_ATLAS_2026-09-29.zip ! WORK-LAB_MASTER_ATLAS_2026-09-29/sources/WORK-LAB-Monorepo-Migration-Pack-v6.0.zip ! WORK-LAB-Monorepo-Migration-Pack-v6.0/schemas/observability-event.schema.json,sha256:22eb46849e1ccf6881aff95e0f77e43803115cf163f40fddddd9e850b5942879,967,22eb46849e1ccf6881aff95e0f77e43803115cf163f40fddddd9e850b5942879,0cf46efb,PRESERVED_IN_COMPLETE_ARCHIVE
WL-REC-0035,WL-REC-0035,docs/history/owner-inputs/record-20261009/WORK-LAB-HISTORICAL-RECORDS-20261009.zip,originals/WORK-LAB_MASTER_ATLAS_2026-09-29.zip ! WORK-LAB_MASTER_ATLAS_2026-09-29/sources/WORK-LAB-Monorepo-Migration-Pack-v6.0.zip ! WORK-LAB-Monorepo-Migration-Pack-v6.0/schemas/runtime-lock.schema.json,sha256:1a7b34b3b1e0a518f6914f73fff2ba151370d6422ad6ce3b63f6f9783006541e,3375,1a7b34b3b1e0a518f6914f73fff2ba151370d6422ad6ce3b63f6f9783006541e,b6cfb0f6,PRESERVED_IN_COMPLETE_ARCHIVE
WL-REC-0035,WL-REC-0035,docs/history/owner-inputs/record-20261009/WORK-LAB-HISTORICAL-RECORDS-20261009.zip,originals/WORK-LAB_MASTER_ATLAS_2026-09-29.zip ! WORK-LAB_MASTER_ATLAS_2026-09-29/sources/WORK-LAB-Monorepo-Migration-Pack-v6.0.zip ! WORK-LAB-Monorepo-Migration-Pack-v6.0/schemas/evidence-envelope.schema.json,sha256:66457684f09d20e8125e5b46aa142c4cdd3c0f73c3408a53d37d8aff6767e2aa,2056,66457684f09d20e8125e5b46aa142c4cdd3c0f73c3408a53d37d8aff6767e2aa,4c6d9794,PRESERVED_IN_COMPLETE_ARCHIVE
WL-REC-0035,WL-REC-0035,docs/history/owner-inputs/record-20261009/WORK-LAB-HISTORICAL-RECORDS-20261009.zip,originals/WORK-LAB_MASTER_ATLAS_2026-09-29.zip ! WORK-LAB_MASTER_ATLAS_2026-09-29/sources/WORK-LAB-Monorepo-Migration-Pack-v6.0.zip ! WORK-LAB-Monorepo-Migration-Pack-v6.0/schemas/design-research-record.schema.json,sha256:41fa4166b74a9f7df4b3958b85d1f1e414d6821e82d9413ef2a075ed315d4842,4208,41fa4166b74a9f7df4b3958b85d1f1e414d6821e82d9413ef2a075ed315d4842,aa8da181,PRESERVED_IN_COMPLETE_ARCHIVE
WL-REC-0035,WL-REC-0035,docs/history/owner-inputs/record-20261009/WORK-LAB-HISTORICAL-RECORDS-20261009.zip,originals/WORK-LAB_MASTER_ATLAS_2026-09-29.zip ! WORK-LAB_MASTER_ATLAS_2026-09-29/sources/WORK-LAB-Monorepo-Migration-Pack-v6.0.zip ! WORK-LAB-Monorepo-Migration-Pack-v6.0/schemas/design-method-card.schema.json,sha256:05dc4dc8c1ba924cd3d4bae46b9098992e61cccd6afe1f93ca407ea3e353c32d,1631,05dc4dc8c1ba924cd3d4bae46b9098992e61cccd6afe1f93ca407ea3e353c32d,760d4253,PRESERVED_IN_COMPLETE_ARCHIVE
WL-REC-0035,WL-REC-0035,docs/history/owner-inputs/record-20261009/WORK-LAB-HISTORICAL-RECORDS-20261009.zip,originals/WORK-LAB_MASTER_ATLAS_2026-09-29.zip ! WORK-LAB_MASTER_ATLAS_2026-09-29/sources/WORK-LAB-Monorepo-Migration-Pack-v6.0.zip ! WORK-LAB-Monorepo-Migration-Pack-v6.0/schemas/taste-memory.schema.json,sha256:b8c869c0f0417c36d6cf28671d8cbe3b523a2aec9ed589bdf7a61861690848d6,1864,b8c869c0f0417c36d6cf28671d8cbe3b523a2aec9ed589bdf7a61861690848d6,b1012605,PRESERVED_IN_COMPLETE_ARCHIVE
WL-REC-0035,WL-REC-0035,docs/history/owner-inputs/record-20261009/WORK-LAB-HISTORICAL-RECORDS-20261009.zip,originals/WORK-LAB_MASTER_ATLAS_2026-09-29.zip ! WORK-LAB_MASTER_ATLAS_2026-09-29/sources/WORK-LAB-Monorepo-Migration-Pack-v6.0.zip ! WORK-LAB-Monorepo-Migration-Pack-v6.0/schemas/domain-pack.schema.json,sha256:c33e95f8c5123ab27a822d43ef6f5fafaad896751c0ebbeeaa2e1267f4a6b5c8,2034,c33e95f8c5123ab27a822d43ef6f5fafaad896751c0ebbeeaa2e1267f4a6b5c8,3d63bf57,PRESERVED_IN_COMPLETE_ARCHIVE
WL-REC-0035,WL-REC-0035,docs/history/owner-inputs/record-20261009/WORK-LAB-HISTORICAL-RECORDS-20261009.zip,originals/WORK-LAB_MASTER_ATLAS_2026-09-29.zip ! WORK-LAB_MASTER_ATLAS_2026-09-29/sources/WORK-LAB-Monorepo-Migration-Pack-v6.0.zip ! WORK-LAB-Monorepo-Migration-Pack-v6.0/schemas/cutover-decision.schema.json,sha256:bf517a1a8974ae87784261ac781bb078326c7acbd3c9ef810fcbad30eec1042a,1373,bf517a1a8974ae87784261ac781bb078326c7acbd3c9ef810fcbad30eec1042a,ae252c13,PRESERVED_IN_COMPLETE_ARCHIVE
WL-REC-0035,WL-REC-0035,docs/history/owner-inputs/record-20261009/WORK-LAB-HISTORICAL-RECORDS-20261009.zip,originals/WORK-LAB_MASTER_ATLAS_2026-09-29.zip ! WORK-LAB_MASTER_ATLAS_2026-09-29/sources/WORK-LAB-Monorepo-Migration-Pack-v6.0.zip ! WORK-LAB-Monorepo-Migration-Pack-v6.0/schemas/monorepo-manifest.schema.json,sha256:29b6d9106520fc268aa3b6af3414cee7af930bd3ff20cb50a3e32925571fdd25,2234,29b6d9106520fc268aa3b6af3414cee7af930bd3ff20cb50a3e32925571fdd25,9c96304c,PRESERVED_IN_COMPLETE_ARCHIVE
WL-REC-0035,WL-REC-0035,docs/history/owner-inputs/record-20261009/WORK-LAB-HISTORICAL-RECORDS-20261009.zip,originals/WORK-LAB_MASTER_ATLAS_2026-09-29.zip ! WORK-LAB_MASTER_ATLAS_2026-09-29/sources/WORK-LAB-Monorepo-Migration-Pack-v6.0.zip ! WORK-LAB-Monorepo-Migration-Pack-v6.0/schemas/archive-record.schema.json,sha256:c9c2ccd0d9d306e2997a3156aec02f98ec50482da6bc486baf12d0a7de58ca54,1120,c9c2ccd0d9d306e2997a3156aec02f98ec50482da6bc486baf12d0a7de58ca54,771ca6e4,PRESERVED_IN_COMPLETE_ARCHIVE
WL-REC-0035,WL-REC-0035,docs/history/owner-inputs/record-20261009/WORK-LAB-HISTORICAL-RECORDS-20261009.zip,originals/WORK-LAB_MASTER_ATLAS_2026-09-29.zip ! WORK-LAB_MASTER_ATLAS_2026-09-29/sources/WORK-LAB-Monorepo-Migration-Pack-v6.0.zip ! WORK-LAB-Monorepo-Migration-Pack-v6.0/schemas/migration-source.schema.json,sha256:f072e3ce120b3521e6df2a1808bdcbfbdbe183bd74a38309d6a4147d82b97d42,2451,f072e3ce120b3521e6df2a1808bdcbfbdbe183bd74a38309d6a4147d82b97d42,78c3cdaf,PRESERVED_IN_COMPLETE_ARCHIVE
WL-REC-0035,WL-REC-0035,docs/history/owner-inputs/record-20261009/WORK-LAB-HISTORICAL-RECORDS-20261009.zip,originals/WORK-LAB_MASTER_ATLAS_2026-09-29.zip ! WORK-LAB_MASTER_ATLAS_2026-09-29/sources/WORK-LAB-Monorepo-Migration-Pack-v6.0.zip ! WORK-LAB-Monorepo-Migration-Pack-v6.0/schemas/compatibility-manifest.schema.json,sha256:115aa609d6dfbed9431ab9b24520da40f0ff23a955e96bce96ab104de232fb8c,1708,115aa609d6dfbed9431ab9b24520da40f0ff23a955e96bce96ab104de232fb8c,aad11417,PRESERVED_IN_COMPLETE_ARCHIVE
WL-REC-0035,WL-REC-0035,docs/history/owner-inputs/record-20261009/WORK-LAB-HISTORICAL-RECORDS-20261009.zip,originals/WORK-LAB_MASTER_ATLAS_2026-09-29.zip ! WORK-LAB_MASTER_ATLAS_2026-09-29/sources/WORK-LAB-Monorepo-Migration-Pack-v6.0.zip ! WORK-LAB-Monorepo-Migration-Pack-v6.0/schemas/module-profile.schema.json,sha256:446c49788f2f7d818369e044731703206e452cd2dba560a9997de2280ceaef6c,1289,446c49788f2f7d818369e044731703206e452cd2dba560a9997de2280ceaef6c,b457cc96,PRESERVED_IN_COMPLETE_ARCHIVE
WL-REC-0035,WL-REC-0035,docs/history/owner-inputs/record-20261009/WORK-LAB-HISTORICAL-RECORDS-20261009.zip,originals/WORK-LAB_MASTER_ATLAS_2026-09-29.zip ! WORK-LAB_MASTER_ATLAS_2026-09-29/sources/WORK-LAB-Monorepo-Migration-Pack-v6.0.zip ! WORK-LAB-Monorepo-Migration-Pack-v6.0/schemas/design-brief.schema.json,sha256:3b382d7a066d3b53e811e8a54f80cba6acd2ad7c3f00663f987f47ace501364f,1965,3b382d7a066d3b53e811e8a54f80cba6acd2ad7c3f00663f987f47ace501364f,537ea80d,PRESERVED_IN_COMPLETE_ARCHIVE
WL-REC-0035,WL-REC-0035,docs/history/owner-inputs/record-20261009/WORK-LAB-HISTORICAL-RECORDS-20261009.zip,originals/WORK-LAB_MASTER_ATLAS_2026-09-29.zip ! WORK-LAB_MASTER_ATLAS_2026-09-29/sources/WORK-LAB-Monorepo-Migration-Pack-v6.0.zip ! WORK-LAB-Monorepo-Migration-Pack-v6.0/schemas/task-card.schema.json,sha256:557732a8a3def7c5e52d0648d4e7cc24aaf3ed61e850f44c6d3629b99126c473,2202,557732a8a3def7c5e52d0648d4e7cc24aaf3ed61e850f44c6d3629b99126c473,2c2cda74,PRESERVED_IN_COMPLETE_ARCHIVE
WL-REC-0035,WL-REC-0035,docs/history/owner-inputs/record-20261009/WORK-LAB-HISTORICAL-RECORDS-20261009.zip,originals/WORK-LAB_MASTER_ATLAS_2026-09-29.zip ! WORK-LAB_MASTER_ATLAS_2026-09-29/sources/WORK-LAB-Monorepo-Migration-Pack-v6.0.zip ! WORK-LAB-Monorepo-Migration-Pack-v6.0/schemas/migration-map.schema.json,sha256:48f0166a3214e82712f5f4f4405c726fdba744a82ef5a56ec887cdbf5f4d701b,1515,48f0166a3214e82712f5f4f4405c726fdba744a82ef5a56ec887cdbf5f4d701b,1ada357a,PRESERVED_IN_COMPLETE_ARCHIVE
WL-REC-0035,WL-REC-0035,docs/history/owner-inputs/record-20261009/WORK-LAB-HISTORICAL-RECORDS-20261009.zip,originals/WORK-LAB_MASTER_ATLAS_2026-09-29.zip ! WORK-LAB_MASTER_ATLAS_2026-09-29/sources/WORK-LAB-Monorepo-Migration-Pack-v6.0.zip ! WORK-LAB-Monorepo-Migration-Pack-v6.0/schemas/design-quality-report.schema.json,sha256:46f8805004e77aed4e6ca844255012c679577fa83c52cd28cddab319668ae910,2161,46f8805004e77aed4e6ca844255012c679577fa83c52cd28cddab319668ae910,0e85d0d5,PRESERVED_IN_COMPLETE_ARCHIVE
WL-REC-0035,WL-REC-0035,docs/history/owner-inputs/record-20261009/WORK-LAB-HISTORICAL-RECORDS-20261009.zip,originals/WORK-LAB_MASTER_ATLAS_2026-09-29.zip ! WORK-LAB_MASTER_ATLAS_2026-09-29/sources/WORK-LAB-Monorepo-Migration-Pack-v6.0.zip ! WORK-LAB-Monorepo-Migration-Pack-v6.0/templates/cutover-decision.example.json,sha256:bc9c3f7a0e3da1e306814851672e8be37e5eaa4d8c63de8d924d8d6b513175fe,634,bc9c3f7a0e3da1e306814851672e8be37e5eaa4d8c63de8d924d8d6b513175fe,245c2c99,PRESERVED_IN_COMPLETE_ARCHIVE
WL-REC-0035,WL-REC-0035,docs/history/owner-inputs/record-20261009/WORK-LAB-HISTORICAL-RECORDS-20261009.zip,originals/WORK-LAB_MASTER_ATLAS_2026-09-29.zip ! WORK-LAB_MASTER_ATLAS_2026-09-29/sources/WORK-LAB-Monorepo-Migration-Pack-v6.0.zip ! WORK-LAB-Monorepo-Migration-Pack-v6.0/templates/compatibility-manifest.example.json,sha256:efa5799dc19ac82dc851d9343464cc6e15629526f54b9121f6f4af227b092a3d,701,efa5799dc19ac82dc851d9343464cc6e15629526f54b9121f6f4af227b092a3d,9dc955d3,PRESERVED_IN_COMPLETE_ARCHIVE
WL-REC-0035,WL-REC-0035,docs/history/owner-inputs/record-20261009/WORK-LAB-HISTORICAL-RECORDS-20261009.zip,originals/WORK-LAB_MASTER_ATLAS_2026-09-29.zip ! WORK-LAB_MASTER_ATLAS_2026-09-29/sources/WORK-LAB-Monorepo-Migration-Pack-v6.0.zip ! WORK-LAB-Monorepo-Migration-Pack-v6.0/templates/minigame-module-profile.example.json,sha256:ca0bed51004552ef774cfd8dbfae0af349620b8bcf69955fb28bada6aa6ef528,500,ca0bed51004552ef774cfd8dbfae0af349620b8bcf69955fb28bada6aa6ef528,30887584,PRESERVED_IN_COMPLETE_ARCHIVE
WL-REC-0035,WL-REC-0035,docs/history/owner-inputs/record-20261009/WORK-LAB-HISTORICAL-RECORDS-20261009.zip,originals/WORK-LAB_MASTER_ATLAS_2026-09-29.zip ! WORK-LAB_MASTER_ATLAS_2026-09-29/sources/WORK-LAB-Monorepo-Migration-Pack-v6.0.zip ! WORK-LAB-Monorepo-Migration-Pack-v6.0/templates/workflow-module-profile.example.json,sha256:b2099b43adf2adaed893ae8bb62ba9b4c45bca3e59c68cd696f0e083fa708795,531,b2099b43adf2adaed893ae8bb62ba9b4c45bca3e59c68cd696f0e083fa708795,4d4d0a1f,PRESERVED_IN_COMPLETE_ARCHIVE
WL-REC-0035,WL-REC-0035,docs/history/owner-inputs/record-20261009/WORK-LAB-HISTORICAL-RECORDS-20261009.zip,originals/WORK-LAB_MASTER_ATLAS_2026-09-29.zip ! WORK-LAB_MASTER_ATLAS_2026-09-29/sources/WORK-LAB-Monorepo-Migration-Pack-v6.0.zip ! WORK-LAB-Monorepo-Migration-Pack-v6.0/templates/design-research-record.example.json,sha256:359caceba39055184362ed79dff033b0b5342bfd681592cfa522911673f484e0,1713,359caceba39055184362ed79dff033b0b5342bfd681592cfa522911673f484e0,d6d0ee5e,PRESERVED_IN_COMPLETE_ARCHIVE
WL-REC-0035,WL-REC-0035,docs/history/owner-inputs/record-20261009/WORK-LAB-HISTORICAL-RECORDS-20261009.zip,originals/WORK-LAB_MASTER_ATLAS_2026-09-29.zip ! WORK-LAB_MASTER_ATLAS_2026-09-29/sources/WORK-LAB-Monorepo-Migration-Pack-v6.0.zip ! WORK-LAB-Monorepo-Migration-Pack-v6.0/templates/open-design-domain-pack.example.json,sha256:1292c601c51771602cf4ae17027b01b32260a445a417886d80a52f8024f4e2d6,1022,1292c601c51771602cf4ae17027b01b32260a445a417886d80a52f8024f4e2d6,f5bd4821,PRESERVED_IN_COMPLETE_ARCHIVE
WL-REC-0035,WL-REC-0035,docs/history/owner-inputs/record-20261009/WORK-LAB-HISTORICAL-RECORDS-20261009.zip,originals/WORK-LAB_MASTER_ATLAS_2026-09-29.zip ! WORK-LAB_MASTER_ATLAS_2026-09-29/sources/WORK-LAB-Monorepo-Migration-Pack-v6.0.zip ! WORK-LAB-Monorepo-Migration-Pack-v6.0/templates/evidence-envelope.example.json,sha256:c252c16db9356fcb210977912e97e2438748842a2c9e5e140fee8e7c75da0e2e,1104,c252c16db9356fcb210977912e97e2438748842a2c9e5e140fee8e7c75da0e2e,fc00f51f,PRESERVED_IN_COMPLETE_ARCHIVE
WL-REC-0035,WL-REC-0035,docs/history/owner-inputs/record-20261009/WORK-LAB-HISTORICAL-RECORDS-20261009.zip,originals/WORK-LAB_MASTER_ATLAS_2026-09-29.zip ! WORK-LAB_MASTER_ATLAS_2026-09-29/sources/WORK-LAB-Monorepo-Migration-Pack-v6.0.zip ! WORK-LAB-Monorepo-Migration-Pack-v6.0/templates/minigame-design-brief.example.json,sha256:a7c017fa18dc73f6c1cea6b5bf730fb1719bd3e876b5f83f91160a318f995835,1152,a7c017fa18dc73f6c1cea6b5bf730fb1719bd3e876b5f83f91160a318f995835,77b97759,PRESERVED_IN_COMPLETE_ARCHIVE
WL-REC-0035,WL-REC-0035,docs/history/owner-inputs/record-20261009/WORK-LAB-HISTORICAL-RECORDS-20261009.zip,originals/WORK-LAB_MASTER_ATLAS_2026-09-29.zip ! WORK-LAB_MASTER_ATLAS_2026-09-29/sources/WORK-LAB-Monorepo-Migration-Pack-v6.0.zip ! WORK-LAB-Monorepo-Migration-Pack-v6.0/templates/design-method-card.example.json,sha256:a50bb1218ecefc5242f6f05dbb03a70ab54cf304117520caa933c27538e45414,1015,a50bb1218ecefc5242f6f05dbb03a70ab54cf304117520caa933c27538e45414,02251b05,PRESERVED_IN_COMPLETE_ARCHIVE
WL-REC-0035,WL-REC-0035,docs/history/owner-inputs/record-20261009/WORK-LAB-HISTORICAL-RECORDS-20261009.zip,originals/WORK-LAB_MASTER_ATLAS_2026-09-29.zip ! WORK-LAB_MASTER_ATLAS_2026-09-29/sources/WORK-LAB-Monorepo-Migration-Pack-v6.0.zip ! WORK-LAB-Monorepo-Migration-Pack-v6.0/templates/observability-event.example.json,sha256:746fa52077b9595da86bc716037cf0d74602510620ab474c5f70134aeea118d6,448,746fa52077b9595da86bc716037cf0d74602510620ab474c5f70134aeea118d6,77a0f8a2,PRESERVED_IN_COMPLETE_ARCHIVE
WL-REC-0035,WL-REC-0035,docs/history/owner-inputs/record-20261009/WORK-LAB-HISTORICAL-RECORDS-20261009.zip,originals/WORK-LAB_MASTER_ATLAS_2026-09-29.zip ! WORK-LAB_MASTER_ATLAS_2026-09-29/sources/WORK-LAB-Monorepo-Migration-Pack-v6.0.zip ! WORK-LAB-Monorepo-Migration-Pack-v6.0/templates/monorepo-manifest.example.json,sha256:2a33b2a71d43be80077996673b299e323b200bd881e38611d20e202e1e4d9b00,1390,2a33b2a71d43be80077996673b299e323b200bd881e38611d20e202e1e4d9b00,c339fef9,PRESERVED_IN_COMPLETE_ARCHIVE
WL-REC-0035,WL-REC-0035,docs/history/owner-inputs/record-20261009/WORK-LAB-HISTORICAL-RECORDS-20261009.zip,originals/WORK-LAB_MASTER_ATLAS_2026-09-29.zip ! WORK-LAB_MASTER_ATLAS_2026-09-29/sources/WORK-LAB-Monorepo-Migration-Pack-v6.0.zip ! WORK-LAB-Monorepo-Migration-Pack-v6.0/templates/archive-record.example.json,sha256:edf11456607802518656c14c033c93f8dbd3f44da18bd8b7547bec5517fde859,353,edf11456607802518656c14c033c93f8dbd3f44da18bd8b7547bec5517fde859,43d35a90,PRESERVED_IN_COMPLETE_ARCHIVE
WL-REC-0035,WL-REC-0035,docs/history/owner-inputs/record-20261009/WORK-LAB-HISTORICAL-RECORDS-20261009.zip,originals/WORK-LAB_MASTER_ATLAS_2026-09-29.zip ! WORK-LAB_MASTER_ATLAS_2026-09-29/sources/WORK-LAB-Monorepo-Migration-Pack-v6.0.zip ! WORK-LAB-Monorepo-Migration-Pack-v6.0/templates/migration-source.example.json,sha256:32184819d8f43db912dff42ebf5d603426f93e6a0e40cc8a7f031faf1d0a4ee3,887,32184819d8f43db912dff42ebf5d603426f93e6a0e40cc8a7f031faf1d0a4ee3,99c3a294,PRESERVED_IN_COMPLETE_ARCHIVE
WL-REC-0035,WL-REC-0035,docs/history/owner-inputs/record-20261009/WORK-LAB-HISTORICAL-RECORDS-20261009.zip,originals/WORK-LAB_MASTER_ATLAS_2026-09-29.zip ! WORK-LAB_MASTER_ATLAS_2026-09-29/sources/WORK-LAB-Monorepo-Migration-Pack-v6.0.zip ! WORK-LAB-Monorepo-Migration-Pack-v6.0/templates/runtime-lock.example.json,sha256:7dc3f0fdbc0d6ac4d4867b5cb972fcca5664f98d89fcdcadb86df01d743a6918,1431,7dc3f0fdbc0d6ac4d4867b5cb972fcca5664f98d89fcdcadb86df01d743a6918,7a96d599,PRESERVED_IN_COMPLETE_ARCHIVE
WL-REC-0035,WL-REC-0035,docs/history/owner-inputs/record-20261009/WORK-LAB-HISTORICAL-RECORDS-20261009.zip,originals/WORK-LAB_MASTER_ATLAS_2026-09-29.zip ! WORK-LAB_MASTER_ATLAS_2026-09-29/sources/WORK-LAB-Monorepo-Migration-Pack-v6.0.zip ! WORK-LAB-Monorepo-Migration-Pack-v6.0/templates/design-quality-report.example.json,sha256:6a775604db0658398058985ae93dfcef79473e9bcab2843a5b70d2b6966b2f4f,887,6a775604db0658398058985ae93dfcef79473e9bcab2843a5b70d2b6966b2f4f,03df3ab7,PRESERVED_IN_COMPLETE_ARCHIVE
WL-REC-0035,WL-REC-0035,docs/history/owner-inputs/record-20261009/WORK-LAB-HISTORICAL-RECORDS-20261009.zip,originals/WORK-LAB_MASTER_ATLAS_2026-09-29.zip ! WORK-LAB_MASTER_ATLAS_2026-09-29/sources/WORK-LAB-Monorepo-Migration-Pack-v6.0.zip ! WORK-LAB-Monorepo-Migration-Pack-v6.0/templates/taste-memory.example.json,sha256:c40b26f1512bd6dd7f91a891aafa1664ea4e883cbde76fdb871c915d83c6d8f0,806,c40b26f1512bd6dd7f91a891aafa1664ea4e883cbde76fdb871c915d83c6d8f0,7968da6b,PRESERVED_IN_COMPLETE_ARCHIVE
WL-REC-0035,WL-REC-0035,docs/history/owner-inputs/record-20261009/WORK-LAB-HISTORICAL-RECORDS-20261009.zip,originals/WORK-LAB_MASTER_ATLAS_2026-09-29.zip ! WORK-LAB_MASTER_ATLAS_2026-09-29/sources/WORK-LAB-Monorepo-Migration-Pack-v6.0.zip ! WORK-LAB-Monorepo-Migration-Pack-v6.0/templates/migration-map.example.json,sha256:9b8eb8b4e2fb65e97a1504b8c686ad95dcf2d596be8dd0e86d84bcda6d1d5abf,1085,9b8eb8b4e2fb65e97a1504b8c686ad95dcf2d596be8dd0e86d84bcda6d1d5abf,8b9b1dc8,PRESERVED_IN_COMPLETE_ARCHIVE
WL-REC-0035,WL-REC-0035,docs/history/owner-inputs/record-20261009/WORK-LAB-HISTORICAL-RECORDS-20261009.zip,originals/WORK-LAB_MASTER_ATLAS_2026-09-29.zip ! WORK-LAB_MASTER_ATLAS_2026-09-29/sources/WORK-LAB-Monorepo-Migration-Pack-v6.0.zip ! WORK-LAB-Monorepo-Migration-Pack-v6.0/templates/open-design-module-profile.example.json,sha256:d47a21a4baa0870d745549117d0127cd460047cf21c4f2c545deefa9f81da5a3,551,d47a21a4baa0870d745549117d0127cd460047cf21c4f2c545deefa9f81da5a3,fbcf3ef2,PRESERVED_IN_COMPLETE_ARCHIVE
WL-REC-0035,WL-REC-0035,docs/history/owner-inputs/record-20261009/WORK-LAB-HISTORICAL-RECORDS-20261009.zip,originals/WORK-LAB_MASTER_ATLAS_2026-09-29.zip ! WORK-LAB_MASTER_ATLAS_2026-09-29/sources/WORK-LAB-Monorepo-Migration-Pack-v6.0.zip ! WORK-LAB-Monorepo-Migration-Pack-v6.0/08_MINIGAME_ROADMAP.md,sha256:48dec437b8b54dccad4ea3912668e56fcc3f73dfb3a1af49f6c2d5a7ab0c4602,1499,48dec437b8b54dccad4ea3912668e56fcc3f73dfb3a1af49f6c2d5a7ab0c4602,9515300a,PRESERVED_IN_COMPLETE_ARCHIVE
WL-REC-0035,WL-REC-0035,docs/history/owner-inputs/record-20261009/WORK-LAB-HISTORICAL-RECORDS-20261009.zip,originals/WORK-LAB_MASTER_ATLAS_2026-09-29.zip ! WORK-LAB_MASTER_ATLAS_2026-09-29/sources/WORK-LAB-Monorepo-Migration-Pack-v6.0.zip ! WORK-LAB-Monorepo-Migration-Pack-v6.0/VALIDATION_REPORT.md,sha256:d2cb7ff9af7ac9e2b34d79dfe88736a50487400be62b82ba7c68ae55f407967a,762,d2cb7ff9af7ac9e2b34d79dfe88736a50487400be62b82ba7c68ae55f407967a,52571780,PRESERVED_IN_COMPLETE_ARCHIVE
WL-REC-0035,WL-REC-0035,docs/history/owner-inputs/record-20261009/WORK-LAB-HISTORICAL-RECORDS-20261009.zip,originals/WORK-LAB_MASTER_ATLAS_2026-09-29.zip ! WORK-LAB_MASTER_ATLAS_2026-09-29/sources/WORK-LAB-Monorepo-Migration-Pack-v6.0.zip ! WORK-LAB-Monorepo-Migration-Pack-v6.0/05_ROOT_GOVERNANCE_CI_AND_RELEASES.md,sha256:aff7e1a36a07b68059667760113325ee46c329d62ab984e2827f346dfcf89552,2383,aff7e1a36a07b68059667760113325ee46c329d62ab984e2827f346dfcf89552,f6f02fbc,PRESERVED_IN_COMPLETE_ARCHIVE
WL-REC-0035,WL-REC-0035,docs/history/owner-inputs/record-20261009/WORK-LAB-HISTORICAL-RECORDS-20261009.zip,originals/WORK-LAB_MASTER_ATLAS_2026-09-29.zip ! WORK-LAB_MASTER_ATLAS_2026-09-29/sources/WORK-LAB-Monorepo-Migration-Pack-v6.0.zip ! WORK-LAB-Monorepo-Migration-Pack-v6.0/target-layout/50-taskpacks/README.md,sha256:7b5f377d50a2ce17e4c0dc2e65bc4ac206b75f2e2f1a2641215a20afae5ad495,145,7b5f377d50a2ce17e4c0dc2e65bc4ac206b75f2e2f1a2641215a20afae5ad495,7b4d8d43,PRESERVED_IN_COMPLETE_ARCHIVE
WL-REC-0035,WL-REC-0035,docs/history/owner-inputs/record-20261009/WORK-LAB-HISTORICAL-RECORDS-20261009.zip,originals/WORK-LAB_MASTER_ATLAS_2026-09-29.zip ! WORK-LAB_MASTER_ATLAS_2026-09-29/sources/WORK-LAB-Monorepo-Migration-Pack-v6.0.zip ! WORK-LAB-Monorepo-Migration-Pack-v6.0/target-layout/.gitignore,sha256:53f33cf7b5b5a56d167e756b52cd94e9c87860afd03be05d671f5c284715e772,372,53f33cf7b5b5a56d167e756b52cd94e9c87860afd03be05d671f5c284715e772,4bbfe10f,PRESERVED_IN_COMPLETE_ARCHIVE
WL-REC-0035,WL-REC-0035,docs/history/owner-inputs/record-20261009/WORK-LAB-HISTORICAL-RECORDS-20261009.zip,originals/WORK-LAB_MASTER_ATLAS_2026-09-29.zip ! WORK-LAB_MASTER_ATLAS_2026-09-29/sources/WORK-LAB-Monorepo-Migration-Pack-v6.0.zip ! WORK-LAB-Monorepo-Migration-Pack-v6.0/target-layout/00-governance/projects.json,sha256:2a33b2a71d43be80077996673b299e323b200bd881e38611d20e202e1e4d9b00,1390,2a33b2a71d43be80077996673b299e323b200bd881e38611d20e202e1e4d9b00,c339fef9,PRESERVED_IN_COMPLETE_ARCHIVE
WL-REC-0035,WL-REC-0035,docs/history/owner-inputs/record-20261009/WORK-LAB-HISTORICAL-RECORDS-20261009.zip,originals/WORK-LAB_MASTER_ATLAS_2026-09-29.zip ! WORK-LAB_MASTER_ATLAS_2026-09-29/sources/WORK-LAB-Monorepo-Migration-Pack-v6.0.zip ! WORK-LAB-Monorepo-Migration-Pack-v6.0/target-layout/00-governance/rules/README.md,sha256:da3c767af4af4cb634fafedb82a37b88276140f7c46983e1eaad5346182a72a7,262,da3c767af4af4cb634fafedb82a37b88276140f7c46983e1eaad5346182a72a7,0af40864,PRESERVED_IN_COMPLETE_ARCHIVE
WL-REC-0035,WL-REC-0035,docs/history/owner-inputs/record-20261009/WORK-LAB-HISTORICAL-RECORDS-20261009.zip,originals/WORK-LAB_MASTER_ATLAS_2026-09-29.zip ! WORK-LAB_MASTER_ATLAS_2026-09-29/sources/WORK-LAB-Monorepo-Migration-Pack-v6.0.zip ! WORK-LAB-Monorepo-Migration-Pack-v6.0/target-layout/00-governance/contracts/README.md,sha256:e99e5380770a232233cbed4080ecbe305da1463b5a34023972854719d7da79a2,247,e99e5380770a232233cbed4080ecbe305da1463b5a34023972854719d7da79a2,8ba305b7,PRESERVED_IN_COMPLETE_ARCHIVE
WL-REC-0035,WL-REC-0035,docs/history/owner-inputs/record-20261009/WORK-LAB-HISTORICAL-RECORDS-20261009.zip,originals/WORK-LAB_MASTER_ATLAS_2026-09-29.zip ! WORK-LAB_MASTER_ATLAS_2026-09-29/sources/WORK-LAB-Monorepo-Migration-Pack-v6.0.zip ! WORK-LAB-Monorepo-Migration-Pack-v6.0/target-layout/00-governance/compatibility-policy.yaml,sha256:c230baa6cec3ffdccfe88f59d425f955c2fc3fba286811f9ff26f46a673fee3f,659,c230baa6cec3ffdccfe88f59d425f955c2fc3fba286811f9ff26f46a673fee3f,faaa2c9c,PRESERVED_IN_COMPLETE_ARCHIVE
WL-REC-0035,WL-REC-0035,docs/history/owner-inputs/record-20261009/WORK-LAB-HISTORICAL-RECORDS-20261009.zip,originals/WORK-LAB_MASTER_ATLAS_2026-09-29.zip ! WORK-LAB_MASTER_ATLAS_2026-09-29/sources/WORK-LAB-Monorepo-Migration-Pack-v6.0.zip ! WORK-LAB-Monorepo-Migration-Pack-v6.0/target-layout/README.md,sha256:d16fc568029fdfd1b1b627ce597fd8f64c1c2c083ff381e6357f86cecaaabf1c,617,d16fc568029fdfd1b1b627ce597fd8f64c1c2c083ff381e6357f86cecaaabf1c,da1ccabc,PRESERVED_IN_COMPLETE_ARCHIVE
WL-REC-0035,WL-REC-0035,docs/history/owner-inputs/record-20261009/WORK-LAB-HISTORICAL-RECORDS-20261009.zip,originals/WORK-LAB_MASTER_ATLAS_2026-09-29.zip ! WORK-LAB_MASTER_ATLAS_2026-09-29/sources/WORK-LAB-Monorepo-Migration-Pack-v6.0.zip ! WORK-LAB-Monorepo-Migration-Pack-v6.0/target-layout/90-archive-manifests/README.md,sha256:7781fdc6312fac57c9a3476ec1f8ac9725b21839365ae1c9e0d5e5da315973c2,192,7781fdc6312fac57c9a3476ec1f8ac9725b21839365ae1c9e0d5e5da315973c2,95402d31,PRESERVED_IN_COMPLETE_ARCHIVE
WL-REC-0035,WL-REC-0035,docs/history/owner-inputs/record-20261009/WORK-LAB-HISTORICAL-RECORDS-20261009.zip,originals/WORK-LAB_MASTER_ATLAS_2026-09-29.zip ! WORK-LAB_MASTER_ATLAS_2026-09-29/sources/WORK-LAB-Monorepo-Migration-Pack-v6.0.zip ! WORK-LAB-Monorepo-Migration-Pack-v6.0/target-layout/WORK-LAB.code-workspace,sha256:b5ea344329b4af5d0d82df85fabc81cb1da8075f3389fac2d23b521047a38b4f,475,b5ea344329b4af5d0d82df85fabc81cb1da8075f3389fac2d23b521047a38b4f,3a8fa606,PRESERVED_IN_COMPLETE_ARCHIVE
WL-REC-0035,WL-REC-0035,docs/history/owner-inputs/record-20261009/WORK-LAB-HISTORICAL-RECORDS-20261009.zip,originals/WORK-LAB_MASTER_ATLAS_2026-09-29.zip ! WORK-LAB_MASTER_ATLAS_2026-09-29/sources/WORK-LAB-Monorepo-Migration-Pack-v6.0.zip ! WORK-LAB-Monorepo-Migration-Pack-v6.0/16_CUTOVER_ARCHIVE_AND_ROLLBACK.md,sha256:5c156ed284445cf3021d21e821f28446f5cc90fcd479346e008b4882a22b660f,2529,5c156ed284445cf3021d21e821f28446f5cc90fcd479346e008b4882a22b660f,a95ad9da,PRESERVED_IN_COMPLETE_ARCHIVE
WL-REC-0035,WL-REC-0035,docs/history/owner-inputs/record-20261009/WORK-LAB-HISTORICAL-RECORDS-20261009.zip,originals/WORK-LAB_MASTER_ATLAS_2026-09-29.zip ! WORK-LAB_MASTER_ATLAS_2026-09-29/sources/WORK-LAB-Monorepo-Migration-Pack-v6.0.zip ! WORK-LAB-Monorepo-Migration-Pack-v6.0/03_MASTER_HERMES_TASKPACK.md,sha256:ed3596091c16d4e405d497ff1e0c4c452bef3be51eb919bc90f474877926de06,2902,ed3596091c16d4e405d497ff1e0c4c452bef3be51eb919bc90f474877926de06,c4e6fd77,PRESERVED_IN_COMPLETE_ARCHIVE
WL-REC-0035,WL-REC-0035,docs/history/owner-inputs/record-20261009/WORK-LAB-HISTORICAL-RECORDS-20261009.zip,originals/WORK-LAB_MASTER_ATLAS_2026-09-29.zip ! WORK-LAB_MASTER_ATLAS_2026-09-29/sources/WORK-LAB-Monorepo-Migration-Pack-v6.0.zip ! WORK-LAB-Monorepo-Migration-Pack-v6.0/15_BLOAT_SCOPE_AND_STOP_RULES.md,sha256:764993ee9a167801a7f1ab79fec26d46da09a3620dcba665fd3270c261ad79e6,2119,764993ee9a167801a7f1ab79fec26d46da09a3620dcba665fd3270c261ad79e6,1cc4cd99,PRESERVED_IN_COMPLETE_ARCHIVE
WL-REC-0035,WL-REC-0035,docs/history/owner-inputs/record-20261009/WORK-LAB-HISTORICAL-RECORDS-20261009.zip,originals/WORK-LAB_MASTER_ATLAS_2026-09-29.zip ! WORK-LAB_MASTER_ATLAS_2026-09-29/sources/WORK-LAB-Monorepo-Migration-Pack-v6.0.zip ! WORK-LAB-Monorepo-Migration-Pack-v6.0/06_WORKFLOW_ASSISTANCE_ROADMAP.md,sha256:5cc478aa919d6b61a870d3f2fa6e5799c6deaca1e6fdef8c4b3099f6cb4ba8fc,2390,5cc478aa919d6b61a870d3f2fa6e5799c6deaca1e6fdef8c4b3099f6cb4ba8fc,f0b306a5,PRESERVED_IN_COMPLETE_ARCHIVE
WL-REC-0035,WL-REC-0035,docs/history/owner-inputs/record-20261009/WORK-LAB-HISTORICAL-RECORDS-20261009.zip,originals/WORK-LAB_MASTER_ATLAS_2026-09-29.zip ! WORK-LAB_MASTER_ATLAS_2026-09-29/sources/WORK-LAB-Monorepo-Migration-Pack-v6.0.zip ! WORK-LAB-Monorepo-Migration-Pack-v6.0/11_WINDOWS_GITHUB_RUNBOOK.md,sha256:cc6a2c1abde441a8df2a341a63382bb68acc6a01157098f94f7b866803590a1f,2632,cc6a2c1abde441a8df2a341a63382bb68acc6a01157098f94f7b866803590a1f,9fd5a66a,PRESERVED_IN_COMPLETE_ARCHIVE
WL-REC-0035,WL-REC-0035,docs/history/owner-inputs/record-20261009/WORK-LAB-HISTORICAL-RECORDS-20261009.zip,originals/WORK-LAB_MASTER_ATLAS_2026-09-29.zip ! WORK-LAB_MASTER_ATLAS_2026-09-29/sources/WORK-LAB-Monorepo-Migration-Pack-v6.0.zip ! WORK-LAB-Monorepo-Migration-Pack-v6.0/04_HISTORY_PRESERVING_MIGRATION.md,sha256:9f90b3e8c99828a4dac5fc7f1ce7e41d038367da20db8cd6bcd2667783b666e8,2680,9f90b3e8c99828a4dac5fc7f1ce7e41d038367da20db8cd6bcd2667783b666e8,a6f6ad1b,PRESERVED_IN_COMPLETE_ARCHIVE
WL-REC-0035,WL-REC-0035,docs/history/owner-inputs/record-20261009/WORK-LAB-HISTORICAL-RECORDS-20261009.zip,originals/WORK-LAB_MASTER_ATLAS_2026-09-29.zip ! WORK-LAB_MASTER_ATLAS_2026-09-29/sources/WORK-LAB-Monorepo-Migration-Pack-v6.0.zip ! WORK-LAB-Monorepo-Migration-Pack-v6.0/07_OPEN_DESIGN_ROADMAP.md,sha256:a8f7833c8fc76a72dbe8beced864f081b7db9bd2f55954383c895f6085d0e951,2366,a8f7833c8fc76a72dbe8beced864f081b7db9bd2f55954383c895f6085d0e951,1d09e80f,PRESERVED_IN_COMPLETE_ARCHIVE
WL-REC-0035,WL-REC-0035,docs/history/owner-inputs/record-20261009/WORK-LAB-HISTORICAL-RECORDS-20261009.zip,originals/WORK-LAB_MASTER_ATLAS_2026-09-29.zip ! WORK-LAB_MASTER_ATLAS_2026-09-29/sources/WORK-LAB-Monorepo-Migration-Pack-v6.0.zip ! WORK-LAB-Monorepo-Migration-Pack-v6.0/tasks/task-cards.json,sha256:484809102b4d9b5a3a7982991a0fa0bf89868046a81315edd14f3c8f905084ed,72113,484809102b4d9b5a3a7982991a0fa0bf89868046a81315edd14f3c8f905084ed,04ef3808,PRESERVED_IN_COMPLETE_ARCHIVE
WL-REC-0035,WL-REC-0035,docs/history/owner-inputs/record-20261009/WORK-LAB-HISTORICAL-RECORDS-20261009.zip,originals/WORK-LAB_MASTER_ATLAS_2026-09-29.zip ! WORK-LAB_MASTER_ATLAS_2026-09-29/sources/WORK-LAB-Monorepo-Migration-Pack-v6.0.zip ! WORK-LAB-Monorepo-Migration-Pack-v6.0/scripts/Plan-WORKLABMigration.ps1,sha256:b51a2aaf1db1a38ef4fb6956138e6032eb9a669e26110d45ef18442df70e46e4,7359,b51a2aaf1db1a38ef4fb6956138e6032eb9a669e26110d45ef18442df70e46e4,7c9959c9,PRESERVED_IN_COMPLETE_ARCHIVE
WL-REC-0035,WL-REC-0035,docs/history/owner-inputs/record-20261009/WORK-LAB-HISTORICAL-RECORDS-20261009.zip,originals/WORK-LAB_MASTER_ATLAS_2026-09-29.zip ! WORK-LAB_MASTER_ATLAS_2026-09-29/sources/WORK-LAB-Monorepo-Migration-Pack-v6.0.zip ! WORK-LAB-Monorepo-Migration-Pack-v6.0/taskpack-manifest.yaml,sha256:cf6c7da0edb8278e62151123f7ab43945d73659a795bdf0a226cf48cce5ea441,5381,cf6c7da0edb8278e62151123f7ab43945d73659a795bdf0a226cf48cce5ea441,60504559,PRESERVED_IN_COMPLETE_ARCHIVE
WL-REC-0035,WL-REC-0035,docs/history/owner-inputs/record-20261009/WORK-LAB-HISTORICAL-RECORDS-20261009.zip,originals/WORK-LAB_MASTER_ATLAS_2026-09-29.zip ! WORK-LAB_MASTER_ATLAS_2026-09-29/sources/WORK-LAB-Monorepo-Migration-Pack-v6.0.zip ! WORK-LAB-Monorepo-Migration-Pack-v6.0/13_COMPATIBILITY_AND_VERSION_POLICY.md,sha256:26034ebac232fe9ca4ad4560907f963f8de05910fdbf5d521531461f3217f629,1664,26034ebac232fe9ca4ad4560907f963f8de05910fdbf5d521531461f3217f629,3d5c64d9,PRESERVED_IN_COMPLETE_ARCHIVE
WL-REC-0035,WL-REC-0035,docs/history/owner-inputs/record-20261009/WORK-LAB-HISTORICAL-RECORDS-20261009.zip,originals/WORK-LAB_MASTER_ATLAS_2026-09-29.zip ! WORK-LAB_MASTER_ATLAS_2026-09-29/sources/WORK-LAB-Monorepo-Migration-Pack-v6.0.zip ! WORK-LAB-Monorepo-Migration-Pack-v6.0/14_MASTER_KNOWLEDGE_STRATEGY.md,sha256:a6cff6aea88a5a0cb6f9d303aaba1409ecde4f388c59a49d4218bb23f26d8d2b,2156,a6cff6aea88a5a0cb6f9d303aaba1409ecde4f388c59a49d4218bb23f26d8d2b,2eb386d1,PRESERVED_IN_COMPLETE_ARCHIVE
WL-REC-0035,WL-REC-0035,docs/history/owner-inputs/record-20261009/WORK-LAB-HISTORICAL-RECORDS-20261009.zip,originals/WORK-LAB_MASTER_ATLAS_2026-09-29.zip ! WORK-LAB_MASTER_ATLAS_2026-09-29/sources/WORK-LAB-Monorepo-Migration-Pack-v6.0.zip ! WORK-LAB-Monorepo-Migration-Pack-v6.0/02_AUDIT_BASELINE_AND_UNKNOWNS.md,sha256:6c3cf6baf3c57fcf99e86e5211b33a555ffa280433beabce443cb0d68f0a4e0f,2637,6c3cf6baf3c57fcf99e86e5211b33a555ffa280433beabce443cb0d68f0a4e0f,4824abd8,PRESERVED_IN_COMPLETE_ARCHIVE
WL-REC-0035,WL-REC-0035,docs/history/owner-inputs/record-20261009/WORK-LAB-HISTORICAL-RECORDS-20261009.zip,originals/WORK-LAB_MASTER_ATLAS_2026-09-29.zip ! WORK-LAB_MASTER_ATLAS_2026-09-29/sources/WORK-LAB-Monorepo-Migration-Pack-v6.0.zip ! WORK-LAB-Monorepo-Migration-Pack-v6.0/00_START_HERE.md,sha256:44a585bab46353650c5890cb43563878be85cb7151f7ba37067533e1b6a97d30,1927,44a585bab46353650c5890cb43563878be85cb7151f7ba37067533e1b6a97d30,e452ea97,PRESERVED_IN_COMPLETE_ARCHIVE
WL-REC-0035,WL-REC-0035,docs/history/owner-inputs/record-20261009/WORK-LAB-HISTORICAL-RECORDS-20261009.zip,originals/WORK-LAB_MASTER_ATLAS_2026-09-29.zip ! WORK-LAB_MASTER_ATLAS_2026-09-29/sources/WORK-LAB-Monorepo-Migration-Pack-v6.0.zip ! WORK-LAB-Monorepo-Migration-Pack-v6.0/01_FINAL_ARCHITECTURE_DECISION.md,sha256:28792f34cc5b31a67aa56f960c87609ab4fa21243d1f011c1e1d2c3a62dd78e7,2417,28792f34cc5b31a67aa56f960c87609ab4fa21243d1f011c1e1d2c3a62dd78e7,9883d6dd,PRESERVED_IN_COMPLETE_ARCHIVE
WL-REC-0035,WL-REC-0035,docs/history/owner-inputs/record-20261009/WORK-LAB-HISTORICAL-RECORDS-20261009.zip,originals/WORK-LAB_MASTER_ATLAS_2026-09-29.zip ! WORK-LAB_MASTER_ATLAS_2026-09-29/sources/WORK-LAB-Monorepo-Migration-Pack-v6.0.zip ! WORK-LAB-Monorepo-Migration-Pack-v6.0/18_TASK_INDEX_AND_DELIVERY.md,sha256:3f86bac6fd54116e219297945109d1c70e945cebec26485823532e98ff50046c,1986,3f86bac6fd54116e219297945109d1c70e945cebec26485823532e98ff50046c,caa7d3c4,PRESERVED_IN_COMPLETE_ARCHIVE
WL-REC-0035,WL-REC-0035,docs/history/owner-inputs/record-20261009/WORK-LAB-HISTORICAL-RECORDS-20261009.zip,originals/WORK-LAB_MASTER_ATLAS_2026-09-29.zip ! WORK-LAB_MASTER_ATLAS_2026-09-29/sources/WORK-LAB-Monorepo-Migration-Pack-v6.0.zip ! WORK-LAB-Monorepo-Migration-Pack-v6.0/17_REMOTE_ARTIFACT_CROSSWALK.md,sha256:49e1f72e7cd84dbf80764a38de9bcd6bb6ee61fe4f9644f4e7f1c1815dedf001,1705,49e1f72e7cd84dbf80764a38de9bcd6bb6ee61fe4f9644f4e7f1c1815dedf001,1683d444,PRESERVED_IN_COMPLETE_ARCHIVE
WL-REC-0035,WL-REC-0035,docs/history/owner-inputs/record-20261009/WORK-LAB-HISTORICAL-RECORDS-20261009.zip,originals/WORK-LAB_MASTER_ATLAS_2026-09-29.zip ! WORK-LAB_MASTER_ATLAS_2026-09-29/sources/WORK-LAB-Monorepo-Migration-Pack-v6.0.zip ! WORK-LAB-Monorepo-Migration-Pack-v6.0/12_HERMES_START_COMMAND.md,sha256:96361c901257648c24ae9ee615735bafc52dc84f359a8d0f85d727a902dc37f5,2834,96361c901257648c24ae9ee615735bafc52dc84f359a8d0f85d727a902dc37f5,29bb9cf9,PRESERVED_IN_COMPLETE_ARCHIVE
WL-REC-0035,WL-REC-0035,docs/history/owner-inputs/record-20261009/WORK-LAB-HISTORICAL-RECORDS-20261009.zip,originals/WORK-LAB_MASTER_ATLAS_2026-09-29.zip ! WORK-LAB_MASTER_ATLAS_2026-09-29/sources/WORK-LAB-NATIVE-FIRST-TASKPACK-2026-09-12.zip,sha256:06648b15f0d035e32346790e6d654bed5061e6ee44ec1837c72adf857e9a74da,38726,06648b15f0d035e32346790e6d654bed5061e6ee44ec1837c72adf857e9a74da,06789d52,PRESERVED_IN_COMPLETE_ARCHIVE
WL-REC-0035,WL-REC-0035,docs/history/owner-inputs/record-20261009/WORK-LAB-HISTORICAL-RECORDS-20261009.zip,originals/WORK-LAB_MASTER_ATLAS_2026-09-29.zip ! WORK-LAB_MASTER_ATLAS_2026-09-29/sources/WORK-LAB-NATIVE-FIRST-TASKPACK.md,sha256:634e1843880c0772fa4ae1080722732c8378713f0bc6a9d63958baf5a4c9405b,28316,634e1843880c0772fa4ae1080722732c8378713f0bc6a9d63958baf5a4c9405b,295e0a66,PRESERVED_IN_COMPLETE_ARCHIVE
WL-REC-0035,WL-REC-0035,docs/history/owner-inputs/record-20261009/WORK-LAB-HISTORICAL-RECORDS-20261009.zip,originals/WORK-LAB_MASTER_ATLAS_2026-09-29.zip ! WORK-LAB_MASTER_ATLAS_2026-09-29/sources/WORK-LAB-NEW-CHAT-HANDOFF-2026-09-03.md,sha256:dff24bed285700d2b2c873d39e1356340f4599268449bbd6ab1e74ead525afce,11876,dff24bed285700d2b2c873d39e1356340f4599268449bbd6ab1e74ead525afce,1060a615,PRESERVED_IN_COMPLETE_ARCHIVE
WL-REC-0035,WL-REC-0035,docs/history/owner-inputs/record-20261009/WORK-LAB-HISTORICAL-RECORDS-20261009.zip,originals/WORK-LAB_MASTER_ATLAS_2026-09-29.zip ! WORK-LAB_MASTER_ATLAS_2026-09-29/sources/WORK-LAB-OBSERVER-READ-ONLY-ENHANCEMENT-TASKPACK-2026-08-11.md,sha256:3d9f96fd243b90d0ee06f8e3b757a111b0874704c6832b2fd5cd02ed08f227c8,6661,3d9f96fd243b90d0ee06f8e3b757a111b0874704c6832b2fd5cd02ed08f227c8,d2fd0bd4,PRESERVED_IN_COMPLETE_ARCHIVE
WL-REC-0035,WL-REC-0035,docs/history/owner-inputs/record-20261009/WORK-LAB-HISTORICAL-RECORDS-20261009.zip,originals/WORK-LAB_MASTER_ATLAS_2026-09-29.zip ! WORK-LAB_MASTER_ATLAS_2026-09-29/sources/WORK-LAB-OBSERVER-VISUAL-ASSETS-R2.zip,sha256:38597deef78a6f0bfb552c4762c0e95085d493a8c20505044d3ff8409ddeee96,963969,38597deef78a6f0bfb552c4762c0e95085d493a8c20505044d3ff8409ddeee96,e35742fa,PRESERVED_IN_COMPLETE_ARCHIVE
WL-REC-0035,WL-REC-0035,docs/history/owner-inputs/record-20261009/WORK-LAB-HISTORICAL-RECORDS-20261009.zip,originals/WORK-LAB_MASTER_ATLAS_2026-09-29.zip ! WORK-LAB_MASTER_ATLAS_2026-09-29/sources/WORK-LAB-OBSERVER-VISUAL-ASSETS-R2.zip ! WORK-LAB-OBSERVER-VISUAL-ASSETS-R2/01-RESEARCH-AND-DESIGN-AUDIT.md,sha256:67ab06c34713ee4b947eecf7f0a2bac79b6f349a2a33c14613dcd776418a924e,4401,67ab06c34713ee4b947eecf7f0a2bac79b6f349a2a33c14613dcd776418a924e,ed5efead,PRESERVED_IN_COMPLETE_ARCHIVE
WL-REC-0035,WL-REC-0035,docs/history/owner-inputs/record-20261009/WORK-LAB-HISTORICAL-RECORDS-20261009.zip,originals/WORK-LAB_MASTER_ATLAS_2026-09-29.zip ! WORK-LAB_MASTER_ATLAS_2026-09-29/sources/WORK-LAB-OBSERVER-VISUAL-ASSETS-R2.zip ! WORK-LAB-OBSERVER-VISUAL-ASSETS-R2/00-START-HERE.md,sha256:c5d0e06d20bae6968514ce0bf9d23e37e5cb3751e0cda20de299e98e609f1a42,2230,c5d0e06d20bae6968514ce0bf9d23e37e5cb3751e0cda20de299e98e609f1a42,1976b498,PRESERVED_IN_COMPLETE_ARCHIVE
WL-REC-0035,WL-REC-0035,docs/history/owner-inputs/record-20261009/WORK-LAB-HISTORICAL-RECORDS-20261009.zip,originals/WORK-LAB_MASTER_ATLAS_2026-09-29.zip ! WORK-LAB_MASTER_ATLAS_2026-09-29/sources/WORK-LAB-OBSERVER-VISUAL-ASSETS-R2.zip ! WORK-LAB-OBSERVER-VISUAL-ASSETS-R2/05-ASSET-MANIFEST.md,sha256:53d8f03bd0c2806c559493cc67fbf8e710b5ccabea941531f74839dda6b24173,1375,53d8f03bd0c2806c559493cc67fbf8e710b5ccabea941531f74839dda6b24173,448acc2e,PRESERVED_IN_COMPLETE_ARCHIVE
WL-REC-0035,WL-REC-0035,docs/history/owner-inputs/record-20261009/WORK-LAB-HISTORICAL-RECORDS-20261009.zip,originals/WORK-LAB_MASTER_ATLAS_2026-09-29.zip ! WORK-LAB_MASTER_ATLAS_2026-09-29/sources/WORK-LAB-OBSERVER-VISUAL-ASSETS-R2.zip ! WORK-LAB-OBSERVER-VISUAL-ASSETS-R2/screenshots/full-dark.jpg,sha256:0f7308d0897b493fe9ebc2b99446720b6716c8dfa44c13dcd1c703aeb4eea533,169416,0f7308d0897b493fe9ebc2b99446720b6716c8dfa44c13dcd1c703aeb4eea533,52f6a29a,PRESERVED_IN_COMPLETE_ARCHIVE
WL-REC-0035,WL-REC-0035,docs/history/owner-inputs/record-20261009/WORK-LAB-HISTORICAL-RECORDS-20261009.zip,originals/WORK-LAB_MASTER_ATLAS_2026-09-29.zip ! WORK-LAB_MASTER_ATLAS_2026-09-29/sources/WORK-LAB-OBSERVER-VISUAL-ASSETS-R2.zip ! WORK-LAB-OBSERVER-VISUAL-ASSETS-R2/screenshots/full-light.jpg,sha256:e347db3550746ea9dabdfd9d2f04f7daaf1ca27719b8947db1312ab25b807f3e,174282,e347db3550746ea9dabdfd9d2f04f7daaf1ca27719b8947db1312ab25b807f3e,2e0c5e3e,PRESERVED_IN_COMPLETE_ARCHIVE
WL-REC-0035,WL-REC-0035,docs/history/owner-inputs/record-20261009/WORK-LAB-HISTORICAL-RECORDS-20261009.zip,originals/WORK-LAB_MASTER_ATLAS_2026-09-29.zip ! WORK-LAB_MASTER_ATLAS_2026-09-29/sources/WORK-LAB-OBSERVER-VISUAL-ASSETS-R2.zip ! WORK-LAB-OBSERVER-VISUAL-ASSETS-R2/screenshots/compact-dark.jpg,sha256:2255b0bccd0c516fefb87d71503b4485dd966c1c34368727a47cd5b246a6fcc6,46392,2255b0bccd0c516fefb87d71503b4485dd966c1c34368727a47cd5b246a6fcc6,7e540443,PRESERVED_IN_COMPLETE_ARCHIVE
WL-REC-0035,WL-REC-0035,docs/history/owner-inputs/record-20261009/WORK-LAB-HISTORICAL-RECORDS-20261009.zip,originals/WORK-LAB_MASTER_ATLAS_2026-09-29.zip ! WORK-LAB_MASTER_ATLAS_2026-09-29/sources/WORK-LAB-OBSERVER-VISUAL-ASSETS-R2.zip ! WORK-LAB-OBSERVER-VISUAL-ASSETS-R2/screenshots/compact-light-stage.jpg,sha256:685f1e8fb016a254801f020e5e36d8486c10d994df90aebb87be7ea2dd4278e5,60020,685f1e8fb016a254801f020e5e36d8486c10d994df90aebb87be7ea2dd4278e5,0e6f360d,PRESERVED_IN_COMPLETE_ARCHIVE
WL-REC-0035,WL-REC-0035,docs/history/owner-inputs/record-20261009/WORK-LAB-HISTORICAL-RECORDS-20261009.zip,originals/WORK-LAB_MASTER_ATLAS_2026-09-29.zip ! WORK-LAB_MASTER_ATLAS_2026-09-29/sources/WORK-LAB-OBSERVER-VISUAL-ASSETS-R2.zip ! WORK-LAB-OBSERVER-VISUAL-ASSETS-R2/screenshots/compact-light.jpg,sha256:ee60648d3944f41221a2358a9cedba79d04143ba53af7be0173df6f6b58e1649,45963,ee60648d3944f41221a2358a9cedba79d04143ba53af7be0173df6f6b58e1649,4034cc98,PRESERVED_IN_COMPLETE_ARCHIVE
WL-REC-0035,WL-REC-0035,docs/history/owner-inputs/record-20261009/WORK-LAB-HISTORICAL-RECORDS-20261009.zip,originals/WORK-LAB_MASTER_ATLAS_2026-09-29.zip ! WORK-LAB_MASTER_ATLAS_2026-09-29/sources/WORK-LAB-OBSERVER-VISUAL-ASSETS-R2.zip ! WORK-LAB-OBSERVER-VISUAL-ASSETS-R2/screenshots/compact-dark-stage.jpg,sha256:ecbe098fc5e126420c03f11debd51425372c444092a21181a8a54e88ab28b121,58736,ecbe098fc5e126420c03f11debd51425372c444092a21181a8a54e88ab28b121,6e6d956a,PRESERVED_IN_COMPLETE_ARCHIVE
WL-REC-0035,WL-REC-0035,docs/history/owner-inputs/record-20261009/WORK-LAB-HISTORICAL-RECORDS-20261009.zip,originals/WORK-LAB_MASTER_ATLAS_2026-09-29.zip ! WORK-LAB_MASTER_ATLAS_2026-09-29/sources/WORK-LAB-OBSERVER-VISUAL-ASSETS-R2.zip ! WORK-LAB-OBSERVER-VISUAL-ASSETS-R2/brand/observer-icons.svg,sha256:2dafc74e185fde83b190e99b37890e66a7005c73e23de10db0e531c0dbbf726b,2711,2dafc74e185fde83b190e99b37890e66a7005c73e23de10db0e531c0dbbf726b,d6c55bc3,PRESERVED_IN_COMPLETE_ARCHIVE
WL-REC-0035,WL-REC-0035,docs/history/owner-inputs/record-20261009/WORK-LAB-HISTORICAL-RECORDS-20261009.zip,originals/WORK-LAB_MASTER_ATLAS_2026-09-29.zip ! WORK-LAB_MASTER_ATLAS_2026-09-29/sources/WORK-LAB-OBSERVER-VISUAL-ASSETS-R2.zip ! WORK-LAB-OBSERVER-VISUAL-ASSETS-R2/brand/app-icon-16.png,sha256:8b75cff640fdb225f5df11b395cf380d3d28e4871cf61a5eef66a25c0d8c6618,374,8b75cff640fdb225f5df11b395cf380d3d28e4871cf61a5eef66a25c0d8c6618,d2017460,PRESERVED_IN_COMPLETE_ARCHIVE
WL-REC-0035,WL-REC-0035,docs/history/owner-inputs/record-20261009/WORK-LAB-HISTORICAL-RECORDS-20261009.zip,originals/WORK-LAB_MASTER_ATLAS_2026-09-29.zip ! WORK-LAB_MASTER_ATLAS_2026-09-29/sources/WORK-LAB-OBSERVER-VISUAL-ASSETS-R2.zip ! WORK-LAB-OBSERVER-VISUAL-ASSETS-R2/brand/app-icon-64.png,sha256:ac543bea7794968ffb5e185af6c2aefd9886dff542b714c2525d42d0f6efac35,1202,ac543bea7794968ffb5e185af6c2aefd9886dff542b714c2525d42d0f6efac35,a279eafc,PRESERVED_IN_COMPLETE_ARCHIVE
WL-REC-0035,WL-REC-0035,docs/history/owner-inputs/record-20261009/WORK-LAB-HISTORICAL-RECORDS-20261009.zip,originals/WORK-LAB_MASTER_ATLAS_2026-09-29.zip ! WORK-LAB_MASTER_ATLAS_2026-09-29/sources/WORK-LAB-OBSERVER-VISUAL-ASSETS-R2.zip ! WORK-LAB-OBSERVER-VISUAL-ASSETS-R2/brand/app-icon-512.png,sha256:5ea1ef2f20aecfba554f02897e5644bb7980d50c608f4aea6ce7d30c5e44f088,14047,5ea1ef2f20aecfba554f02897e5644bb7980d50c608f4aea6ce7d30c5e44f088,f645c4eb,PRESERVED_IN_COMPLETE_ARCHIVE
WL-REC-0035,WL-REC-0035,docs/history/owner-inputs/record-20261009/WORK-LAB-HISTORICAL-RECORDS-20261009.zip,originals/WORK-LAB_MASTER_ATLAS_2026-09-29.zip ! WORK-LAB_MASTER_ATLAS_2026-09-29/sources/WORK-LAB-OBSERVER-VISUAL-ASSETS-R2.zip ! WORK-LAB-OBSERVER-VISUAL-ASSETS-R2/brand/design-tokens.json,sha256:679b69b56e6c272ccd9f3d3122a6f3dfc4171779652871abe97aa67ca3e83a4f,453,679b69b56e6c272ccd9f3d3122a6f3dfc4171779652871abe97aa67ca3e83a4f,92667f49,PRESERVED_IN_COMPLETE_ARCHIVE
WL-REC-0035,WL-REC-0035,docs/history/owner-inputs/record-20261009/WORK-LAB-HISTORICAL-RECORDS-20261009.zip,originals/WORK-LAB_MASTER_ATLAS_2026-09-29.zip ! WORK-LAB_MASTER_ATLAS_2026-09-29/sources/WORK-LAB-OBSERVER-VISUAL-ASSETS-R2.zip ! WORK-LAB-OBSERVER-VISUAL-ASSETS-R2/brand/app-icon-32.png,sha256:5c8f43acabfeb2a1d5d2dd8b347a13a4ae00a6686619ee10927d37c7d20949f0,632,5c8f43acabfeb2a1d5d2dd8b347a13a4ae00a6686619ee10927d37c7d20949f0,8f5f1388,PRESERVED_IN_COMPLETE_ARCHIVE
WL-REC-0035,WL-REC-0035,docs/history/owner-inputs/record-20261009/WORK-LAB-HISTORICAL-RECORDS-20261009.zip,originals/WORK-LAB_MASTER_ATLAS_2026-09-29.zip ! WORK-LAB_MASTER_ATLAS_2026-09-29/sources/WORK-LAB-OBSERVER-VISUAL-ASSETS-R2.zip ! WORK-LAB-OBSERVER-VISUAL-ASSETS-R2/brand/work-lab-observer-tray.svg,sha256:1d01ce390094c7391387c2fbff60499107150413f9e935bcaa1051187d48bfe2,281,1d01ce390094c7391387c2fbff60499107150413f9e935bcaa1051187d48bfe2,182aeb3e,PRESERVED_IN_COMPLETE_ARCHIVE
WL-REC-0035,WL-REC-0035,docs/history/owner-inputs/record-20261009/WORK-LAB-HISTORICAL-RECORDS-20261009.zip,originals/WORK-LAB_MASTER_ATLAS_2026-09-29.zip ! WORK-LAB_MASTER_ATLAS_2026-09-29/sources/WORK-LAB-OBSERVER-VISUAL-ASSETS-R2.zip ! WORK-LAB-OBSERVER-VISUAL-ASSETS-R2/brand/app-icon-128.png,sha256:d61c3cfb39dac025a3505e8ee5d765c0c9a88b9c1fe44f1acda80a017c87f2ef,2445,d61c3cfb39dac025a3505e8ee5d765c0c9a88b9c1fe44f1acda80a017c87f2ef,58e1a915,PRESERVED_IN_COMPLETE_ARCHIVE
WL-REC-0035,WL-REC-0035,docs/history/owner-inputs/record-20261009/WORK-LAB-HISTORICAL-RECORDS-20261009.zip,originals/WORK-LAB_MASTER_ATLAS_2026-09-29.zip ! WORK-LAB_MASTER_ATLAS_2026-09-29/sources/WORK-LAB-OBSERVER-VISUAL-ASSETS-R2.zip ! WORK-LAB-OBSERVER-VISUAL-ASSETS-R2/brand/work-lab-observer-symbol.svg,sha256:d62f7fc22ee40693ec2707374b202775652c86663ddfda1584f74e37c4e3b310,997,d62f7fc22ee40693ec2707374b202775652c86663ddfda1584f74e37c4e3b310,4ac7d744,PRESERVED_IN_COMPLETE_ARCHIVE
WL-REC-0035,WL-REC-0035,docs/history/owner-inputs/record-20261009/WORK-LAB-HISTORICAL-RECORDS-20261009.zip,originals/WORK-LAB_MASTER_ATLAS_2026-09-29.zip ! WORK-LAB_MASTER_ATLAS_2026-09-29/sources/WORK-LAB-OBSERVER-VISUAL-ASSETS-R2.zip ! WORK-LAB-OBSERVER-VISUAL-ASSETS-R2/brand/app-icon-256.png,sha256:fc0fa4305faf8e72620d33bf085b03d3261c46f3dc8e5d1fe12b868ea2fabb2e,5800,fc0fa4305faf8e72620d33bf085b03d3261c46f3dc8e5d1fe12b868ea2fabb2e,aa60c0db,PRESERVED_IN_COMPLETE_ARCHIVE
WL-REC-0035,WL-REC-0035,docs/history/owner-inputs/record-20261009/WORK-LAB-HISTORICAL-RECORDS-20261009.zip,originals/WORK-LAB_MASTER_ATLAS_2026-09-29.zip ! WORK-LAB_MASTER_ATLAS_2026-09-29/sources/WORK-LAB-OBSERVER-VISUAL-ASSETS-R2.zip ! WORK-LAB-OBSERVER-VISUAL-ASSETS-R2/03-DATA-SEMANTICS-AND-ACCURACY.md,sha256:72c516d72728ead53f67fc89a0a3a1c0e2e1d7fdeac851c0a90c6046a449f5c3,3564,72c516d72728ead53f67fc89a0a3a1c0e2e1d7fdeac851c0a90c6046a449f5c3,e07c93b6,PRESERVED_IN_COMPLETE_ARCHIVE
WL-REC-0035,WL-REC-0035,docs/history/owner-inputs/record-20261009/WORK-LAB-HISTORICAL-RECORDS-20261009.zip,originals/WORK-LAB_MASTER_ATLAS_2026-09-29.zip ! WORK-LAB_MASTER_ATLAS_2026-09-29/sources/WORK-LAB-OBSERVER-VISUAL-ASSETS-R2.zip ! WORK-LAB-OBSERVER-VISUAL-ASSETS-R2/slices/08-ci-pipeline-dark.jpg,sha256:93679a6fead8541395ef6beb10749a1c5be99b3308810e14d5b0ca8ad50b64d2,9633,93679a6fead8541395ef6beb10749a1c5be99b3308810e14d5b0ca8ad50b64d2,66aab8b4,PRESERVED_IN_COMPLETE_ARCHIVE
WL-REC-0035,WL-REC-0035,docs/history/owner-inputs/record-20261009/WORK-LAB-HISTORICAL-RECORDS-20261009.zip,originals/WORK-LAB_MASTER_ATLAS_2026-09-29.zip ! WORK-LAB_MASTER_ATLAS_2026-09-29/sources/WORK-LAB-OBSERVER-VISUAL-ASSETS-R2.zip ! WORK-LAB-OBSERVER-VISUAL-ASSETS-R2/slices/17-metrics-light.jpg,sha256:a016d1f33518a89c9606d2fbeabd46fc81d8f521c44a316aadbbe9e028b381d6,13028,a016d1f33518a89c9606d2fbeabd46fc81d8f521c44a316aadbbe9e028b381d6,799eb34c,PRESERVED_IN_COMPLETE_ARCHIVE
WL-REC-0035,WL-REC-0035,docs/history/owner-inputs/record-20261009/WORK-LAB-HISTORICAL-RECORDS-20261009.zip,originals/WORK-LAB_MASTER_ATLAS_2026-09-29.zip ! WORK-LAB_MASTER_ATLAS_2026-09-29/sources/WORK-LAB-OBSERVER-VISUAL-ASSETS-R2.zip ! WORK-LAB-OBSERVER-VISUAL-ASSETS-R2/slices/04-metrics-dark.jpg,sha256:0e4204b24dae5403d7c22ef89c33ea021fa7eb75a090c605968f90d6eb4d6457,13069,0e4204b24dae5403d7c22ef89c33ea021fa7eb75a090c605968f90d6eb4d6457,274e9f31,PRESERVED_IN_COMPLETE_ARCHIVE
WL-REC-0035,WL-REC-0035,docs/history/owner-inputs/record-20261009/WORK-LAB-HISTORICAL-RECORDS-20261009.zip,originals/WORK-LAB_MASTER_ATLAS_2026-09-29.zip ! WORK-LAB_MASTER_ATLAS_2026-09-29/sources/WORK-LAB-OBSERVER-VISUAL-ASSETS-R2.zip ! WORK-LAB-OBSERVER-VISUAL-ASSETS-R2/slices/12-compact-metrics-dark.jpg,sha256:341b53ea6f80c70668f307510b63fa7e2ce15b4b8818b9b79e28c242377954af,6499,341b53ea6f80c70668f307510b63fa7e2ce15b4b8818b9b79e28c242377954af,f16c71c7,PRESERVED_IN_COMPLETE_ARCHIVE
WL-REC-0035,WL-REC-0035,docs/history/owner-inputs/record-20261009/WORK-LAB-HISTORICAL-RECORDS-20261009.zip,originals/WORK-LAB_MASTER_ATLAS_2026-09-29.zip ! WORK-LAB_MASTER_ATLAS_2026-09-29/sources/WORK-LAB-OBSERVER-VISUAL-ASSETS-R2.zip ! WORK-LAB-OBSERVER-VISUAL-ASSETS-R2/slices/15-compact-usage-dark.jpg,sha256:25dfef256d6e0e0e326583f33366c90a2e0e1aa4a91b5925423568c75c63e41f,6608,25dfef256d6e0e0e326583f33366c90a2e0e1aa4a91b5925423568c75c63e41f,f6a5a90e,PRESERVED_IN_COMPLETE_ARCHIVE
WL-REC-0035,WL-REC-0035,docs/history/owner-inputs/record-20261009/WORK-LAB-HISTORICAL-RECORDS-20261009.zip,originals/WORK-LAB_MASTER_ATLAS_2026-09-29.zip ! WORK-LAB_MASTER_ATLAS_2026-09-29/sources/WORK-LAB-OBSERVER-VISUAL-ASSETS-R2.zip ! WORK-LAB-OBSERVER-VISUAL-ASSETS-R2/slices/06-blocker-dark.jpg,sha256:e65b7ea3b62652ec6dbfe845965d63c1e52845f04c5e3e0bb783ac078eead3ac,13490,e65b7ea3b62652ec6dbfe845965d63c1e52845f04c5e3e0bb783ac078eead3ac,be9eee67,PRESERVED_IN_COMPLETE_ARCHIVE
WL-REC-0035,WL-REC-0035,docs/history/owner-inputs/record-20261009/WORK-LAB-HISTORICAL-RECORDS-20261009.zip,originals/WORK-LAB_MASTER_ATLAS_2026-09-29.zip ! WORK-LAB_MASTER_ATLAS_2026-09-29/sources/WORK-LAB-OBSERVER-VISUAL-ASSETS-R2.zip ! WORK-LAB-OBSERVER-VISUAL-ASSETS-R2/slices/16-compact-health-dark.jpg,sha256:31e4a26335c7b070171951d316f9c027a74b4d77791f9ca11ea6afd7068b9788,3755,31e4a26335c7b070171951d316f9c027a74b4d77791f9ca11ea6afd7068b9788,f9bde7bc,PRESERVED_IN_COMPLETE_ARCHIVE
WL-REC-0035,WL-REC-0035,docs/history/owner-inputs/record-20261009/WORK-LAB-HISTORICAL-RECORDS-20261009.zip,originals/WORK-LAB_MASTER_ATLAS_2026-09-29.zip ! WORK-LAB_MASTER_ATLAS_2026-09-29/sources/WORK-LAB-OBSERVER-VISUAL-ASSETS-R2.zip ! WORK-LAB-OBSERVER-VISUAL-ASSETS-R2/slices/20-governance-light.jpg,sha256:838247409c7b31b3bc1d36b83262bb4bd57e3d1c815cd6d7cfef3a6bffc67e79,9202,838247409c7b31b3bc1d36b83262bb4bd57e3d1c815cd6d7cfef3a6bffc67e79,60535c25,PRESERVED_IN_COMPLETE_ARCHIVE
WL-REC-0035,WL-REC-0035,docs/history/owner-inputs/record-20261009/WORK-LAB-HISTORICAL-RECORDS-20261009.zip,originals/WORK-LAB_MASTER_ATLAS_2026-09-29.zip ! WORK-LAB_MASTER_ATLAS_2026-09-29/sources/WORK-LAB-OBSERVER-VISUAL-ASSETS-R2.zip ! WORK-LAB-OBSERVER-VISUAL-ASSETS-R2/slices/05-project-matrix-dark.jpg,sha256:d2313b11891f22dce09b7c8ad10b41dd44f40eb321674da48a5c8e983d728c60,23414,d2313b11891f22dce09b7c8ad10b41dd44f40eb321674da48a5c8e983d728c60,95456c15,PRESERVED_IN_COMPLETE_ARCHIVE
WL-REC-0035,WL-REC-0035,docs/history/owner-inputs/record-20261009/WORK-LAB-HISTORICAL-RECORDS-20261009.zip,originals/WORK-LAB_MASTER_ATLAS_2026-09-29.zip ! WORK-LAB_MASTER_ATLAS_2026-09-29/sources/WORK-LAB-OBSERVER-VISUAL-ASSETS-R2.zip ! WORK-LAB-OBSERVER-VISUAL-ASSETS-R2/slices/14-compact-blocker-dark.jpg,sha256:8786e25bb658bade9071a097cff3acf8ed95b4ac0e9b0a3f7db78233ba345e7f,8127,8786e25bb658bade9071a097cff3acf8ed95b4ac0e9b0a3f7db78233ba345e7f,8294febd,PRESERVED_IN_COMPLETE_ARCHIVE
WL-REC-0035,WL-REC-0035,docs/history/owner-inputs/record-20261009/WORK-LAB-HISTORICAL-RECORDS-20261009.zip,originals/WORK-LAB_MASTER_ATLAS_2026-09-29.zip ! WORK-LAB_MASTER_ATLAS_2026-09-29/sources/WORK-LAB-OBSERVER-VISUAL-ASSETS-R2.zip ! WORK-LAB-OBSERVER-VISUAL-ASSETS-R2/slices/19-blocker-light.jpg,sha256:f1d42717fae19cd78f77ad9e4e9fe3f4b00d507a18ef2291f27341411c2553df,13706,f1d42717fae19cd78f77ad9e4e9fe3f4b00d507a18ef2291f27341411c2553df,960ca101,PRESERVED_IN_COMPLETE_ARCHIVE
WL-REC-0035,WL-REC-0035,docs/history/owner-inputs/record-20261009/WORK-LAB-HISTORICAL-RECORDS-20261009.zip,originals/WORK-LAB_MASTER_ATLAS_2026-09-29.zip ! WORK-LAB_MASTER_ATLAS_2026-09-29/sources/WORK-LAB-OBSERVER-VISUAL-ASSETS-R2.zip ! WORK-LAB-OBSERVER-VISUAL-ASSETS-R2/slices/03-attention-dark.jpg,sha256:01278b689c6b51343b933d9d6f372a6fdfc9a7d0c9ba1793823ffe3a7ef7eadf,8228,01278b689c6b51343b933d9d6f372a6fdfc9a7d0c9ba1793823ffe3a7ef7eadf,a3833ce1,PRESERVED_IN_COMPLETE_ARCHIVE
WL-REC-0035,WL-REC-0035,docs/history/owner-inputs/record-20261009/WORK-LAB-HISTORICAL-RECORDS-20261009.zip,originals/WORK-LAB_MASTER_ATLAS_2026-09-29.zip ! WORK-LAB_MASTER_ATLAS_2026-09-29/sources/WORK-LAB-OBSERVER-VISUAL-ASSETS-R2.zip ! WORK-LAB-OBSERVER-VISUAL-ASSETS-R2/slices/13-compact-projects-dark.jpg,sha256:8a19987204d2b976a5bec6ff7c9d1a06d54dbfd9a071a487657f52e78ec3436e,6845,8a19987204d2b976a5bec6ff7c9d1a06d54dbfd9a071a487657f52e78ec3436e,c865dbb7,PRESERVED_IN_COMPLETE_ARCHIVE
WL-REC-0035,WL-REC-0035,docs/history/owner-inputs/record-20261009/WORK-LAB-HISTORICAL-RECORDS-20261009.zip,originals/WORK-LAB_MASTER_ATLAS_2026-09-29.zip ! WORK-LAB_MASTER_ATLAS_2026-09-29/sources/WORK-LAB-OBSERVER-VISUAL-ASSETS-R2.zip ! WORK-LAB-OBSERVER-VISUAL-ASSETS-R2/slices/11-readonly-boundary-dark.jpg,sha256:25c6520e0da141b1b62d301a7386db0cb9ae92f5bf3a7a302a421ec62ae27605,6635,25c6520e0da141b1b62d301a7386db0cb9ae92f5bf3a7a302a421ec62ae27605,eab5824f,PRESERVED_IN_COMPLETE_ARCHIVE
WL-REC-0035,WL-REC-0035,docs/history/owner-inputs/record-20261009/WORK-LAB-HISTORICAL-RECORDS-20261009.zip,originals/WORK-LAB_MASTER_ATLAS_2026-09-29.zip ! WORK-LAB_MASTER_ATLAS_2026-09-29/sources/WORK-LAB-OBSERVER-VISUAL-ASSETS-R2.zip ! WORK-LAB-OBSERVER-VISUAL-ASSETS-R2/slices/09-governance-dark.jpg,sha256:76d99ebb2a6b8658a2e2b2a0d976cd99a62a41b5c9aaff55a80d8965b2b10cf7,8974,76d99ebb2a6b8658a2e2b2a0d976cd99a62a41b5c9aaff55a80d8965b2b10cf7,1d482673,PRESERVED_IN_COMPLETE_ARCHIVE
WL-REC-0035,WL-REC-0035,docs/history/owner-inputs/record-20261009/WORK-LAB-HISTORICAL-RECORDS-20261009.zip,originals/WORK-LAB_MASTER_ATLAS_2026-09-29.zip ! WORK-LAB_MASTER_ATLAS_2026-09-29/sources/WORK-LAB-OBSERVER-VISUAL-ASSETS-R2.zip ! WORK-LAB-OBSERVER-VISUAL-ASSETS-R2/slices/10-data-quality-dark.jpg,sha256:a79bba3ecd72bd46eee25961ce6bfc75be0796acf4f311d072d1007ed99d0c4b,7969,a79bba3ecd72bd46eee25961ce6bfc75be0796acf4f311d072d1007ed99d0c4b,277e3df3,PRESERVED_IN_COMPLETE_ARCHIVE
WL-REC-0035,WL-REC-0035,docs/history/owner-inputs/record-20261009/WORK-LAB-HISTORICAL-RECORDS-20261009.zip,originals/WORK-LAB_MASTER_ATLAS_2026-09-29.zip ! WORK-LAB_MASTER_ATLAS_2026-09-29/sources/WORK-LAB-OBSERVER-VISUAL-ASSETS-R2.zip ! WORK-LAB-OBSERVER-VISUAL-ASSETS-R2/slices/18-project-matrix-light.jpg,sha256:f56aa68705b94e35018dd8ddb9883a6bc424e2e7eac5d3060a59b04521fdc018,24594,f56aa68705b94e35018dd8ddb9883a6bc424e2e7eac5d3060a59b04521fdc018,9108107c,PRESERVED_IN_COMPLETE_ARCHIVE
WL-REC-0035,WL-REC-0035,docs/history/owner-inputs/record-20261009/WORK-LAB-HISTORICAL-RECORDS-20261009.zip,originals/WORK-LAB_MASTER_ATLAS_2026-09-29.zip ! WORK-LAB_MASTER_ATLAS_2026-09-29/sources/WORK-LAB-OBSERVER-VISUAL-ASSETS-R2.zip ! WORK-LAB-OBSERVER-VISUAL-ASSETS-R2/slices/07-usage-dark.jpg,sha256:a83eb157e539bd6ffe94ff62a13bb479eb7a4d7f9fcd31365f85e58b35d3e1f1,30414,a83eb157e539bd6ffe94ff62a13bb479eb7a4d7f9fcd31365f85e58b35d3e1f1,3c88d944,PRESERVED_IN_COMPLETE_ARCHIVE
WL-REC-0035,WL-REC-0035,docs/history/owner-inputs/record-20261009/WORK-LAB-HISTORICAL-RECORDS-20261009.zip,originals/WORK-LAB_MASTER_ATLAS_2026-09-29.zip ! WORK-LAB_MASTER_ATLAS_2026-09-29/sources/WORK-LAB-OBSERVER-VISUAL-ASSETS-R2.zip ! WORK-LAB-OBSERVER-VISUAL-ASSETS-R2/slices/01-topbar-dark.jpg,sha256:ccb39ddc0245f4832b25a542497795f6bc7ceccd6a645d494c0d91139889b690,7502,ccb39ddc0245f4832b25a542497795f6bc7ceccd6a645d494c0d91139889b690,2379274b,PRESERVED_IN_COMPLETE_ARCHIVE
WL-REC-0035,WL-REC-0035,docs/history/owner-inputs/record-20261009/WORK-LAB-HISTORICAL-RECORDS-20261009.zip,originals/WORK-LAB_MASTER_ATLAS_2026-09-29.zip ! WORK-LAB_MASTER_ATLAS_2026-09-29/sources/WORK-LAB-OBSERVER-VISUAL-ASSETS-R2.zip ! WORK-LAB-OBSERVER-VISUAL-ASSETS-R2/slices/02-hero-dark.jpg,sha256:c35732dfb9413aecf61c4c82d4441cffe28b46354cef72aca772b4bb7f74a8d7,12631,c35732dfb9413aecf61c4c82d4441cffe28b46354cef72aca772b4bb7f74a8d7,470b4d50,PRESERVED_IN_COMPLETE_ARCHIVE
WL-REC-0035,WL-REC-0035,docs/history/owner-inputs/record-20261009/WORK-LAB-HISTORICAL-RECORDS-20261009.zip,originals/WORK-LAB_MASTER_ATLAS_2026-09-29.zip ! WORK-LAB_MASTER_ATLAS_2026-09-29/sources/WORK-LAB-OBSERVER-VISUAL-ASSETS-R2.zip ! WORK-LAB-OBSERVER-VISUAL-ASSETS-R2/SHA256SUMS.txt,sha256:b1e3d2d331619aea4dcddcf93029721070519124237b57c60b04ab5c53de634d,4264,b1e3d2d331619aea4dcddcf93029721070519124237b57c60b04ab5c53de634d,99eaf3e9,PRESERVED_IN_COMPLETE_ARCHIVE
WL-REC-0035,WL-REC-0035,docs/history/owner-inputs/record-20261009/WORK-LAB-HISTORICAL-RECORDS-20261009.zip,originals/WORK-LAB_MASTER_ATLAS_2026-09-29.zip ! WORK-LAB_MASTER_ATLAS_2026-09-29/sources/WORK-LAB-OBSERVER-VISUAL-ASSETS-R2.zip ! WORK-LAB-OBSERVER-VISUAL-ASSETS-R2/06-UIUX-ACCEPTANCE-CHECKLIST.md,sha256:76cd589a2e5d33ce5bc6adee8aab0cdef14dbd2177a39e23f982364126c45cb2,1895,76cd589a2e5d33ce5bc6adee8aab0cdef14dbd2177a39e23f982364126c45cb2,15f2cc13,PRESERVED_IN_COMPLETE_ARCHIVE
WL-REC-0035,WL-REC-0035,docs/history/owner-inputs/record-20261009/WORK-LAB-HISTORICAL-RECORDS-20261009.zip,originals/WORK-LAB_MASTER_ATLAS_2026-09-29.zip ! WORK-LAB_MASTER_ATLAS_2026-09-29/sources/WORK-LAB-OBSERVER-VISUAL-ASSETS-R2.zip ! WORK-LAB-OBSERVER-VISUAL-ASSETS-R2/PREVIEW-BOARD.jpg,sha256:624158fc412f9e2db1b87c5576da4e8637a363f51630204048437b3c30f234dc,266578,624158fc412f9e2db1b87c5576da4e8637a363f51630204048437b3c30f234dc,1e86d486,PRESERVED_IN_COMPLETE_ARCHIVE
WL-REC-0035,WL-REC-0035,docs/history/owner-inputs/record-20261009/WORK-LAB-HISTORICAL-RECORDS-20261009.zip,originals/WORK-LAB_MASTER_ATLAS_2026-09-29.zip ! WORK-LAB_MASTER_ATLAS_2026-09-29/sources/WORK-LAB-OBSERVER-VISUAL-ASSETS-R2.zip ! WORK-LAB-OBSERVER-VISUAL-ASSETS-R2/02-INFORMATION-ARCHITECTURE.md,sha256:999ed002a3e25e4dd4d55171d9aef6eb93db9b024184e18670cb6c62aba86fa0,2713,999ed002a3e25e4dd4d55171d9aef6eb93db9b024184e18670cb6c62aba86fa0,e89c811d,PRESERVED_IN_COMPLETE_ARCHIVE
WL-REC-0035,WL-REC-0035,docs/history/owner-inputs/record-20261009/WORK-LAB-HISTORICAL-RECORDS-20261009.zip,originals/WORK-LAB_MASTER_ATLAS_2026-09-29.zip ! WORK-LAB_MASTER_ATLAS_2026-09-29/sources/WORK-LAB-OBSERVER-VISUAL-ASSETS-R2.zip ! WORK-LAB-OBSERVER-VISUAL-ASSETS-R2/04-HERMES-INTEGRATION-TASKPACK.md,sha256:a15a705f2f0ce62709beebb5b96e0fbaf68c41db76ee148570317d6cb2db78c4,7127,a15a705f2f0ce62709beebb5b96e0fbaf68c41db76ee148570317d6cb2db78c4,9e7790bf,PRESERVED_IN_COMPLETE_ARCHIVE
WL-REC-0035,WL-REC-0035,docs/history/owner-inputs/record-20261009/WORK-LAB-HISTORICAL-RECORDS-20261009.zip,originals/WORK-LAB_MASTER_ATLAS_2026-09-29.zip ! WORK-LAB_MASTER_ATLAS_2026-09-29/sources/WORK-LAB-STAGE-2-ABSORPTION-INTEROPERABILITY-HERMES-TASKPACK.md,sha256:b5d63723a231b34083d0d6c9c244cdaf7393707a379b1849d948ad31e1b42c53,31771,b5d63723a231b34083d0d6c9c244cdaf7393707a379b1849d948ad31e1b42c53,3f72a4e4,PRESERVED_IN_COMPLETE_ARCHIVE
WL-REC-0035,WL-REC-0035,docs/history/owner-inputs/record-20261009/WORK-LAB-HISTORICAL-RECORDS-20261009.zip,originals/WORK-LAB_MASTER_ATLAS_2026-09-29.zip ! WORK-LAB_MASTER_ATLAS_2026-09-29/sources/WORK-LAB-STAGE-2-SELECTIVE-ABSORPTION-DELTA-HERMES-TASKPACK.md,sha256:ec01a6d9c69ebf34b327daa04a81275328f34a4b4c7695fbde08f21fbdc947fe,23329,ec01a6d9c69ebf34b327daa04a81275328f34a4b4c7695fbde08f21fbdc947fe,c58b859e,PRESERVED_IN_COMPLETE_ARCHIVE
WL-REC-0035,WL-REC-0035,docs/history/owner-inputs/record-20261009/WORK-LAB-HISTORICAL-RECORDS-20261009.zip,originals/WORK-LAB_MASTER_ATLAS_2026-09-29.zip ! WORK-LAB_MASTER_ATLAS_2026-09-29/sources/WORK-LAB-STAGE-3-CANONICAL-HERMES-TASKPACK-2026-08-08.md,sha256:6665594acef95a338fc5d6209531ae9d1b5f5aae19de55349b53061b94be6e73,47618,6665594acef95a338fc5d6209531ae9d1b5f5aae19de55349b53061b94be6e73,638ddb15,PRESERVED_IN_COMPLETE_ARCHIVE
WL-REC-0035,WL-REC-0035,docs/history/owner-inputs/record-20261009/WORK-LAB-HISTORICAL-RECORDS-20261009.zip,originals/WORK-LAB_MASTER_ATLAS_2026-09-29.zip ! WORK-LAB_MASTER_ATLAS_2026-09-29/sources/WORK-LAB-UPDATE-AUDIT-2026-09-05.md,sha256:c118f23def2393e9d506c448c6b8f6b8d7bbbaa27982aeaee9641e29f9108882,26762,c118f23def2393e9d506c448c6b8f6b8d7bbbaa27982aeaee9641e29f9108882,4c2f5d29,PRESERVED_IN_COMPLETE_ARCHIVE
WL-REC-0035,WL-REC-0035,docs/history/owner-inputs/record-20261009/WORK-LAB-HISTORICAL-RECORDS-20261009.zip,originals/WORK-LAB_MASTER_ATLAS_2026-09-29.zip ! WORK-LAB_MASTER_ATLAS_2026-09-29/sources/WORK-LAB_Cloud_Reaudit_2026-08-14.md,sha256:9ad90174423db7e97cee8cf837f64991d5d46064619362fe7840cd66de5926cd,15956,9ad90174423db7e97cee8cf837f64991d5d46064619362fe7840cd66de5926cd,872770bf,PRESERVED_IN_COMPLETE_ARCHIVE
WL-REC-0035,WL-REC-0035,docs/history/owner-inputs/record-20261009/WORK-LAB-HISTORICAL-RECORDS-20261009.zip,originals/WORK-LAB_MASTER_ATLAS_2026-09-29.zip ! WORK-LAB_MASTER_ATLAS_2026-09-29/sources/WORK-LAB_Global_Config_Governance_DeDup_TaskPack_2026-08-13.md,sha256:ab2bd911e830b2b13464c583f8c1d976822777910efa4c7f527b49a565f46711,15359,ab2bd911e830b2b13464c583f8c1d976822777910efa4c7f527b49a565f46711,c9bcdbcd,PRESERVED_IN_COMPLETE_ARCHIVE
WL-REC-0035,WL-REC-0035,docs/history/owner-inputs/record-20261009/WORK-LAB-HISTORICAL-RECORDS-20261009.zip,originals/WORK-LAB_MASTER_ATLAS_2026-09-29.zip ! WORK-LAB_MASTER_ATLAS_2026-09-29/sources/WORK-LAB_L7_前端开发规范工程包.zip,sha256:5900d954785263edb60d1d2a6f827d7ae4529cc41f59ce54da97aef3f77b475f,10638,5900d954785263edb60d1d2a6f827d7ae4529cc41f59ce54da97aef3f77b475f,a590892d,PRESERVED_IN_COMPLETE_ARCHIVE
WL-REC-0035,WL-REC-0035,docs/history/owner-inputs/record-20261009/WORK-LAB-HISTORICAL-RECORDS-20261009.zip,originals/WORK-LAB_MASTER_ATLAS_2026-09-29.zip ! WORK-LAB_MASTER_ATLAS_2026-09-29/sources/WORK-LAB_L7_前端开发规范工程包.zip ! README.md,sha256:041d935b94a746bf21dc9c394f004dfb3d1115a8c1e4ac27720301f82f5cf76f,544,041d935b94a746bf21dc9c394f004dfb3d1115a8c1e4ac27720301f82f5cf76f,e7a7a917,PRESERVED_IN_COMPLETE_ARCHIVE
WL-REC-0035,WL-REC-0035,docs/history/owner-inputs/record-20261009/WORK-LAB-HISTORICAL-RECORDS-20261009.zip,originals/WORK-LAB_MASTER_ATLAS_2026-09-29.zip ! WORK-LAB_MASTER_ATLAS_2026-09-29/sources/WORK-LAB_L7_前端开发规范工程包.zip ! pages/page-map.json,sha256:61f2616140ff8e3afb1849f1cf1ad00cc7113ea4016d287875973ee35e387d27,3270,61f2616140ff8e3afb1849f1cf1ad00cc7113ea4016d287875973ee35e387d27,3365dea8,PRESERVED_IN_COMPLETE_ARCHIVE
WL-REC-0035,WL-REC-0035,docs/history/owner-inputs/record-20261009/WORK-LAB-HISTORICAL-RECORDS-20261009.zip,originals/WORK-LAB_MASTER_ATLAS_2026-09-29.zip ! WORK-LAB_MASTER_ATLAS_2026-09-29/sources/WORK-LAB_L7_前端开发规范工程包.zip ! state/domain-state-machine.json,sha256:97e3ed9804e48f61c95952a68735902fbce1be8c4450923bd02dd9f9b35560ab,966,97e3ed9804e48f61c95952a68735902fbce1be8c4450923bd02dd9f9b35560ab,3dc66168,PRESERVED_IN_COMPLETE_ARCHIVE
WL-REC-0035,WL-REC-0035,docs/history/owner-inputs/record-20261009/WORK-LAB-HISTORICAL-RECORDS-20261009.zip,originals/WORK-LAB_MASTER_ATLAS_2026-09-29.zip ! WORK-LAB_MASTER_ATLAS_2026-09-29/sources/WORK-LAB_L7_前端开发规范工程包.zip ! docs/frontend-architecture.md,sha256:db8853f7a560795a323c068a851917c6809a11335a3ae6e099b3f165606d60b6,1466,db8853f7a560795a323c068a851917c6809a11335a3ae6e099b3f165606d60b6,891d0ac4,PRESERVED_IN_COMPLETE_ARCHIVE
WL-REC-0035,WL-REC-0035,docs/history/owner-inputs/record-20261009/WORK-LAB-HISTORICAL-RECORDS-20261009.zip,originals/WORK-LAB_MASTER_ATLAS_2026-09-29.zip ! WORK-LAB_MASTER_ATLAS_2026-09-29/sources/WORK-LAB_L7_前端开发规范工程包.zip ! docs/route-matrix.md,sha256:04a2c35d234e031adbb091da362e082430c6797c9f4ad5c2ac9036cddbfd9708,608,04a2c35d234e031adbb091da362e082430c6797c9f4ad5c2ac9036cddbfd9708,c7842d1e,PRESERVED_IN_COMPLETE_ARCHIVE
WL-REC-0035,WL-REC-0035,docs/history/owner-inputs/record-20261009/WORK-LAB-HISTORICAL-RECORDS-20261009.zip,originals/WORK-LAB_MASTER_ATLAS_2026-09-29.zip ! WORK-LAB_MASTER_ATLAS_2026-09-29/sources/WORK-LAB_L7_前端开发规范工程包.zip ! docs/acceptance-checklist.md,sha256:1ada17c102319f374a6c3fbffaf9670bae1fc48c421a2e0ddc2a17f137dbde73,935,1ada17c102319f374a6c3fbffaf9670bae1fc48c421a2e0ddc2a17f137dbde73,c9568f93,PRESERVED_IN_COMPLETE_ARCHIVE
WL-REC-0035,WL-REC-0035,docs/history/owner-inputs/record-20261009/WORK-LAB-HISTORICAL-RECORDS-20261009.zip,originals/WORK-LAB_MASTER_ATLAS_2026-09-29.zip ! WORK-LAB_MASTER_ATLAS_2026-09-29/sources/WORK-LAB_L7_前端开发规范工程包.zip ! examples/AppShell.tsx,sha256:8cab8905f0da1627857a745c21e8bfa21b4a41e536b2eccdcd8057063d6f757b,456,8cab8905f0da1627857a745c21e8bfa21b4a41e536b2eccdcd8057063d6f757b,a1b3b8ee,PRESERVED_IN_COMPLETE_ARCHIVE
WL-REC-0035,WL-REC-0035,docs/history/owner-inputs/record-20261009/WORK-LAB-HISTORICAL-RECORDS-20261009.zip,originals/WORK-LAB_MASTER_ATLAS_2026-09-29.zip ! WORK-LAB_MASTER_ATLAS_2026-09-29/sources/WORK-LAB_L7_前端开发规范工程包.zip ! examples/PageTemplate.tsx,sha256:4e4e96d4b555267d251c6037a5d12ef78b6ff5de845817b0ec2051f1a37dfd67,517,4e4e96d4b555267d251c6037a5d12ef78b6ff5de845817b0ec2051f1a37dfd67,77a5e937,PRESERVED_IN_COMPLETE_ARCHIVE
WL-REC-0035,WL-REC-0035,docs/history/owner-inputs/record-20261009/WORK-LAB-HISTORICAL-RECORDS-20261009.zip,originals/WORK-LAB_MASTER_ATLAS_2026-09-29.zip ! WORK-LAB_MASTER_ATLAS_2026-09-29/sources/WORK-LAB_L7_前端开发规范工程包.zip ! theme/tokens.json,sha256:abcb8fc8cfd05992f47980dc6ab26df340ae133da8477a9094bfc19c38a6d95d,293,abcb8fc8cfd05992f47980dc6ab26df340ae133da8477a9094bfc19c38a6d95d,a89aeb47,PRESERVED_IN_COMPLETE_ARCHIVE
WL-REC-0035,WL-REC-0035,docs/history/owner-inputs/record-20261009/WORK-LAB-HISTORICAL-RECORDS-20261009.zip,originals/WORK-LAB_MASTER_ATLAS_2026-09-29.zip ! WORK-LAB_MASTER_ATLAS_2026-09-29/sources/WORK-LAB_L7_前端开发规范工程包.zip ! theme/tokens.css,sha256:d15132601593b0736330f062941f726f4efdc268d15e71bf2036dffe1e7c345f,399,d15132601593b0736330f062941f726f4efdc268d15e71bf2036dffe1e7c345f,af150955,PRESERVED_IN_COMPLETE_ARCHIVE
WL-REC-0035,WL-REC-0035,docs/history/owner-inputs/record-20261009/WORK-LAB-HISTORICAL-RECORDS-20261009.zip,originals/WORK-LAB_MASTER_ATLAS_2026-09-29.zip ! WORK-LAB_MASTER_ATLAS_2026-09-29/sources/WORK-LAB_L7_前端开发规范工程包.zip ! routes/routes.json,sha256:d85d90af48a11e78fc84823df9835a4b9df5be282dbb8146c66b0aff5d6fac3d,1038,d85d90af48a11e78fc84823df9835a4b9df5be282dbb8146c66b0aff5d6fac3d,a8de8d05,PRESERVED_IN_COMPLETE_ARCHIVE
WL-REC-0035,WL-REC-0035,docs/history/owner-inputs/record-20261009/WORK-LAB-HISTORICAL-RECORDS-20261009.zip,originals/WORK-LAB_MASTER_ATLAS_2026-09-29.zip ! WORK-LAB_MASTER_ATLAS_2026-09-29/sources/WORK-LAB_L7_前端开发规范工程包.zip ! routes/routes.ts,sha256:5ee5380701233f4af8aaaa5f30373495f8d64fee8cd580671f8249067ecc154d,831,5ee5380701233f4af8aaaa5f30373495f8d64fee8cd580671f8249067ecc154d,da4d99c4,PRESERVED_IN_COMPLETE_ARCHIVE
WL-REC-0035,WL-REC-0035,docs/history/owner-inputs/record-20261009/WORK-LAB-HISTORICAL-RECORDS-20261009.zip,originals/WORK-LAB_MASTER_ATLAS_2026-09-29.zip ! WORK-LAB_MASTER_ATLAS_2026-09-29/sources/WORK-LAB_L7_前端开发规范工程包.zip ! routes/navigation.ts,sha256:8d690757e89a79ac0f27ffc6fbf5fb1f1ae659a39c24a3771c168b95463e1630,108,8d690757e89a79ac0f27ffc6fbf5fb1f1ae659a39c24a3771c168b95463e1630,16e71287,PRESERVED_IN_COMPLETE_ARCHIVE
WL-REC-0035,WL-REC-0035,docs/history/owner-inputs/record-20261009/WORK-LAB-HISTORICAL-RECORDS-20261009.zip,originals/WORK-LAB_MASTER_ATLAS_2026-09-29.zip ! WORK-LAB_MASTER_ATLAS_2026-09-29/sources/WORK-LAB_L7_前端开发规范工程包.zip ! permissions/permissions.json,sha256:83a7891ea1093bd16d38840affabd62c994987965e6c0eabaa52dd273c7d2c54,3425,83a7891ea1093bd16d38840affabd62c994987965e6c0eabaa52dd273c7d2c54,dbb42b29,PRESERVED_IN_COMPLETE_ARCHIVE
WL-REC-0035,WL-REC-0035,docs/history/owner-inputs/record-20261009/WORK-LAB-HISTORICAL-RECORDS-20261009.zip,originals/WORK-LAB_MASTER_ATLAS_2026-09-29.zip ! WORK-LAB_MASTER_ATLAS_2026-09-29/sources/WORK-LAB_L7_前端开发规范工程包.zip ! components/component-overrides.json,sha256:2eb9375c50111ec8fa1e4671a2089aff0e475b368ffbb9be279b22520de31aeb,448,2eb9375c50111ec8fa1e4671a2089aff0e475b368ffbb9be279b22520de31aeb,f744b16a,PRESERVED_IN_COMPLETE_ARCHIVE
WL-REC-0035,WL-REC-0035,docs/history/owner-inputs/record-20261009/WORK-LAB-HISTORICAL-RECORDS-20261009.zip,originals/WORK-LAB_MASTER_ATLAS_2026-09-29.zip ! WORK-LAB_MASTER_ATLAS_2026-09-29/sources/WORK-LAB_L7_前端开发规范工程包.zip ! components/types.ts,sha256:4f4155f26518245626af74c47d4f691c650b26e7fbdc558bda4e4a8b2b3f089e,530,4f4155f26518245626af74c47d4f691c650b26e7fbdc558bda4e4a8b2b3f089e,a9a05e8b,PRESERVED_IN_COMPLETE_ARCHIVE
WL-REC-0035,WL-REC-0035,docs/history/owner-inputs/record-20261009/WORK-LAB-HISTORICAL-RECORDS-20261009.zip,originals/WORK-LAB_MASTER_ATLAS_2026-09-29.zip ! WORK-LAB_MASTER_ATLAS_2026-09-29/sources/WORK-LAB_L7_前端开发规范工程包.zip ! shared-ui-core/base-tokens.css,sha256:d6ada3eb1688447db977cf56b58967e69394360a4714387c6911764a5e5c086b,461,d6ada3eb1688447db977cf56b58967e69394360a4714387c6911764a5e5c086b,2e1d300a,PRESERVED_IN_COMPLETE_ARCHIVE
WL-REC-0035,WL-REC-0035,docs/history/owner-inputs/record-20261009/WORK-LAB-HISTORICAL-RECORDS-20261009.zip,originals/WORK-LAB_MASTER_ATLAS_2026-09-29.zip ! WORK-LAB_MASTER_ATLAS_2026-09-29/sources/WORK-LAB_L7_前端开发规范工程包.zip ! shared-ui-core/breakpoints.css,sha256:1c49246f09a08e2b45512c6ce55fa5dbc61719c6636c384f9ac839f71431fc2c,390,1c49246f09a08e2b45512c6ce55fa5dbc61719c6636c384f9ac839f71431fc2c,1b57b356,PRESERVED_IN_COMPLETE_ARCHIVE
WL-REC-0035,WL-REC-0035,docs/history/owner-inputs/record-20261009/WORK-LAB-HISTORICAL-RECORDS-20261009.zip,originals/WORK-LAB_MASTER_ATLAS_2026-09-29.zip ! WORK-LAB_MASTER_ATLAS_2026-09-29/sources/WORK-LAB_L7_前端开发规范工程包.zip ! shared-ui-core/folder-structure.md,sha256:a83618a079d87b753763c6f67857cf3bc44620ef2650e865ea02f98bb2dce7ff,735,a83618a079d87b753763c6f67857cf3bc44620ef2650e865ea02f98bb2dce7ff,2b4c8c07,PRESERVED_IN_COMPLETE_ARCHIVE
WL-REC-0035,WL-REC-0035,docs/history/owner-inputs/record-20261009/WORK-LAB-HISTORICAL-RECORDS-20261009.zip,originals/WORK-LAB_MASTER_ATLAS_2026-09-29.zip ! WORK-LAB_MASTER_ATLAS_2026-09-29/sources/WORK-LAB_L7_前端开发规范工程包.zip ! shared-ui-core/component-contracts.md,sha256:4ac08562fadc92b908492863ae7e2831aa5d375c2a0566ad70109e7249df3b76,1002,4ac08562fadc92b908492863ae7e2831aa5d375c2a0566ad70109e7249df3b76,48beb028,PRESERVED_IN_COMPLETE_ARCHIVE
WL-REC-0035,WL-REC-0035,docs/history/owner-inputs/record-20261009/WORK-LAB-HISTORICAL-RECORDS-20261009.zip,originals/WORK-LAB_MASTER_ATLAS_2026-09-29.zip ! WORK-LAB_MASTER_ATLAS_2026-09-29/sources/WORK-LAB_L7_前端开发规范工程包.zip ! shared-ui-core/component-registry.json,sha256:1f8e2e3073048755e0e465e5b9cd7be56f4526fbe4666a5d818422fbfe5fd602,9035,1f8e2e3073048755e0e465e5b9cd7be56f4526fbe4666a5d818422fbfe5fd602,10a28bde,PRESERVED_IN_COMPLETE_ARCHIVE
WL-REC-0035,WL-REC-0035,docs/history/owner-inputs/record-20261009/WORK-LAB-HISTORICAL-RECORDS-20261009.zip,originals/WORK-LAB_MASTER_ATLAS_2026-09-29.zip ! WORK-LAB_MASTER_ATLAS_2026-09-29/sources/WORK-LAB_L7_前端开发规范工程包.zip ! shared-ui-core/motion.css,sha256:9ced91a10a8a73eb6247dc13975f65b1a98ed386f093509a71d0aaf3755bbb66,375,9ced91a10a8a73eb6247dc13975f65b1a98ed386f093509a71d0aaf3755bbb66,0c6ac20c,PRESERVED_IN_COMPLETE_ARCHIVE
WL-REC-0035,WL-REC-0035,docs/history/owner-inputs/record-20261009/WORK-LAB-HISTORICAL-RECORDS-20261009.zip,originals/WORK-LAB_MASTER_ATLAS_2026-09-29.zip ! WORK-LAB_MASTER_ATLAS_2026-09-29/sources/WORK-LAB_L7_前端开发规范工程包.zip ! FRONTEND_GOVERNANCE.md,sha256:c21b526fef0fb17559ece1dbb57e6b37afb545588547320c0885b0b76042050e,964,c21b526fef0fb17559ece1dbb57e6b37afb545588547320c0885b0b76042050e,fdb5198e,PRESERVED_IN_COMPLETE_ARCHIVE
WL-REC-0035,WL-REC-0035,docs/history/owner-inputs/record-20261009/WORK-LAB-HISTORICAL-RECORDS-20261009.zip,originals/WORK-LAB_MASTER_ATLAS_2026-09-29.zip ! WORK-LAB_MASTER_ATLAS_2026-09-29/sources/WORK-LAB_Observer_3_BlackWhite_Frontend_Source.zip,sha256:52a8ddb68dee9418bb1363032eb07293770ab74ec575fcecf3e492971a5aaa39,1780,52a8ddb68dee9418bb1363032eb07293770ab74ec575fcecf3e492971a5aaa39,1106daab,PRESERVED_IN_COMPLETE_ARCHIVE
WL-REC-0035,WL-REC-0035,docs/history/owner-inputs/record-20261009/WORK-LAB-HISTORICAL-RECORDS-20261009.zip,originals/WORK-LAB_MASTER_ATLAS_2026-09-29.zip ! WORK-LAB_MASTER_ATLAS_2026-09-29/sources/WORK-LAB_Observer_3_BlackWhite_Frontend_Source.zip ! web/index.html,sha256:f89404c663ca2ac7b9480037a7e44eeea24f3ccd44add96847aeccfe8694f4d3,1991,f89404c663ca2ac7b9480037a7e44eeea24f3ccd44add96847aeccfe8694f4d3,710e898f,PRESERVED_IN_COMPLETE_ARCHIVE
WL-REC-0035,WL-REC-0035,docs/history/owner-inputs/record-20261009/WORK-LAB-HISTORICAL-RECORDS-20261009.zip,originals/WORK-LAB_MASTER_ATLAS_2026-09-29.zip ! WORK-LAB_MASTER_ATLAS_2026-09-29/sources/WORK-LAB_Observer_3_BlackWhite_Frontend_Source.zip ! web/styles.css,sha256:cc8709c7712b6e1b6e9a58cc8b53360347175ba5c90119a0c12f092eb9f40d32,1598,cc8709c7712b6e1b6e9a58cc8b53360347175ba5c90119a0c12f092eb9f40d32,38686282,PRESERVED_IN_COMPLETE_ARCHIVE
WL-REC-0035,WL-REC-0035,docs/history/owner-inputs/record-20261009/WORK-LAB-HISTORICAL-RECORDS-20261009.zip,originals/WORK-LAB_MASTER_ATLAS_2026-09-29.zip ! WORK-LAB_MASTER_ATLAS_2026-09-29/sources/WORK-LAB_Observer_3_BlackWhite_Frontend_Source.zip ! web/app.js,sha256:f829b024d847ffd283160d534d1e7bc443fc972b31e375f96f352baf7b29d1b3,53,f829b024d847ffd283160d534d1e7bc443fc972b31e375f96f352baf7b29d1b3,342f3435,PRESERVED_IN_COMPLETE_ARCHIVE
WL-REC-0035,WL-REC-0035,docs/history/owner-inputs/record-20261009/WORK-LAB-HISTORICAL-RECORDS-20261009.zip,originals/WORK-LAB_MASTER_ATLAS_2026-09-29.zip ! WORK-LAB_MASTER_ATLAS_2026-09-29/sources/WORK-LAB_and_ArcheAxis-Knowledge-OS_Config_Governance_TaskPacks_2026-08-13.zip,sha256:1fc777d0263bd881c21b1171dbf95a7b9056957143b2c4ec7154836b67cbf167,15837,1fc777d0263bd881c21b1171dbf95a7b9056957143b2c4ec7154836b67cbf167,2bec2ded,PRESERVED_IN_COMPLETE_ARCHIVE
WL-REC-0035,WL-REC-0035,docs/history/owner-inputs/record-20261009/WORK-LAB-HISTORICAL-RECORDS-20261009.zip,originals/WORK-LAB_MASTER_ATLAS_2026-09-29.zip ! WORK-LAB_MASTER_ATLAS_2026-09-29/sources/WORK-LAB_and_ArcheAxis-Knowledge-OS_Config_Governance_TaskPacks_2026-08-13.zip ! WORK-LAB_Global_Config_Governance_DeDup_TaskPack_2026-08-13.md,sha256:ab2bd911e830b2b13464c583f8c1d976822777910efa4c7f527b49a565f46711,15359,ab2bd911e830b2b13464c583f8c1d976822777910efa4c7f527b49a565f46711,c9bcdbcd,PRESERVED_IN_COMPLETE_ARCHIVE
WL-REC-0035,WL-REC-0035,docs/history/owner-inputs/record-20261009/WORK-LAB-HISTORICAL-RECORDS-20261009.zip,originals/WORK-LAB_MASTER_ATLAS_2026-09-29.zip ! WORK-LAB_MASTER_ATLAS_2026-09-29/sources/WORK-LAB_and_ArcheAxis-Knowledge-OS_Config_Governance_TaskPacks_2026-08-13.zip ! ArcheAxis-Knowledge-OS_Project_Config_CI_DeDup_TaskPack_2026-08-13.md,sha256:35a256ad3d76e27053561677b58d95b0d585b03248bc914f8e0775d04fc50107,17804,35a256ad3d76e27053561677b58d95b0d585b03248bc914f8e0775d04fc50107,10f09514,PRESERVED_IN_COMPLETE_ARCHIVE
WL-REC-0035,WL-REC-0035,docs/history/owner-inputs/record-20261009/WORK-LAB-HISTORICAL-RECORDS-20261009.zip,originals/WORK-LAB_MASTER_ATLAS_2026-09-29.zip ! WORK-LAB_MASTER_ATLAS_2026-09-29/sources/Workflow-assistance_Final_HERMES_TaskPack_v1.0.zip,sha256:127034c2c88e14f4c42c84775da0939ad37edf3b4b7b865877168d4d666288f6,23076,127034c2c88e14f4c42c84775da0939ad37edf3b4b7b865877168d4d666288f6,89e291cc,PRESERVED_IN_COMPLETE_ARCHIVE
WL-REC-0035,WL-REC-0035,docs/history/owner-inputs/record-20261009/WORK-LAB-HISTORICAL-RECORDS-20261009.zip,originals/WORK-LAB_MASTER_ATLAS_2026-09-29.zip ! WORK-LAB_MASTER_ATLAS_2026-09-29/sources/Workflow-assistance_Final_HERMES_TaskPack_v1.0.zip ! Workflow-assistance_Final_HERMES_TaskPack_v1.0/00_README.md,sha256:c26966b36b0c968f266cb460e6958d5e58da07e18bf7ddb1d4c4401d10c33323,1396,c26966b36b0c968f266cb460e6958d5e58da07e18bf7ddb1d4c4401d10c33323,138d46c0,PRESERVED_IN_COMPLETE_ARCHIVE
WL-REC-0035,WL-REC-0035,docs/history/owner-inputs/record-20261009/WORK-LAB-HISTORICAL-RECORDS-20261009.zip,originals/WORK-LAB_MASTER_ATLAS_2026-09-29.zip ! WORK-LAB_MASTER_ATLAS_2026-09-29/sources/Workflow-assistance_Final_HERMES_TaskPack_v1.0.zip ! Workflow-assistance_Final_HERMES_TaskPack_v1.0/01_MASTER_HERMES_TASKPACK.md,sha256:0794813dd92f4cdfc2edff71677d2c0ee905810d65a9887d34ee57f91ac02c37,27400,0794813dd92f4cdfc2edff71677d2c0ee905810d65a9887d34ee57f91ac02c37,d496ebc6,PRESERVED_IN_COMPLETE_ARCHIVE
WL-REC-0035,WL-REC-0035,docs/history/owner-inputs/record-20261009/WORK-LAB-HISTORICAL-RECORDS-20261009.zip,originals/WORK-LAB_MASTER_ATLAS_2026-09-29.zip ! WORK-LAB_MASTER_ATLAS_2026-09-29/sources/Workflow-assistance_Final_HERMES_TaskPack_v1.0.zip ! Workflow-assistance_Final_HERMES_TaskPack_v1.0/02_TARGET_ARCHITECTURE.md,sha256:cc70558bfccdd4b50ca4ee6bad9ab3070c5309edadad7299ed820900383e5c41,1145,cc70558bfccdd4b50ca4ee6bad9ab3070c5309edadad7299ed820900383e5c41,27619fac,PRESERVED_IN_COMPLETE_ARCHIVE
WL-REC-0035,WL-REC-0035,docs/history/owner-inputs/record-20261009/WORK-LAB-HISTORICAL-RECORDS-20261009.zip,originals/WORK-LAB_MASTER_ATLAS_2026-09-29.zip ! WORK-LAB_MASTER_ATLAS_2026-09-29/sources/Workflow-assistance_Final_HERMES_TaskPack_v1.0.zip ! Workflow-assistance_Final_HERMES_TaskPack_v1.0/03_KNOWN_FINDINGS.md,sha256:738db6700c217a5c964c62aa55582a02aef6cdc1b0c1a73fb72823a223e68c32,1370,738db6700c217a5c964c62aa55582a02aef6cdc1b0c1a73fb72823a223e68c32,903b0267,PRESERVED_IN_COMPLETE_ARCHIVE
WL-REC-0035,WL-REC-0035,docs/history/owner-inputs/record-20261009/WORK-LAB-HISTORICAL-RECORDS-20261009.zip,originals/WORK-LAB_MASTER_ATLAS_2026-09-29.zip ! WORK-LAB_MASTER_ATLAS_2026-09-29/sources/Workflow-assistance_Final_HERMES_TaskPack_v1.0.zip ! Workflow-assistance_Final_HERMES_TaskPack_v1.0/04_TASK_RISK_POLICY.yaml,sha256:020ebac5786d8e8b762026d52ea252c734b2bbbed8e869a5dece2e73a92b7cf0,846,020ebac5786d8e8b762026d52ea252c734b2bbbed8e869a5dece2e73a92b7cf0,bed75317,PRESERVED_IN_COMPLETE_ARCHIVE
WL-REC-0035,WL-REC-0035,docs/history/owner-inputs/record-20261009/WORK-LAB-HISTORICAL-RECORDS-20261009.zip,originals/WORK-LAB_MASTER_ATLAS_2026-09-29.zip ! WORK-LAB_MASTER_ATLAS_2026-09-29/sources/Workflow-assistance_Final_HERMES_TaskPack_v1.0.zip ! Workflow-assistance_Final_HERMES_TaskPack_v1.0/05_APPROVAL_MANIFEST.yaml,sha256:e2a430a1d7c1a741b5e7eddad376ef7d3bc0a103f20b08d7b624c7c7e7de64d8,344,e2a430a1d7c1a741b5e7eddad376ef7d3bc0a103f20b08d7b624c7c7e7de64d8,5f4fd8af,PRESERVED_IN_COMPLETE_ARCHIVE
WL-REC-0035,WL-REC-0035,docs/history/owner-inputs/record-20261009/WORK-LAB-HISTORICAL-RECORDS-20261009.zip,originals/WORK-LAB_MASTER_ATLAS_2026-09-29.zip ! WORK-LAB_MASTER_ATLAS_2026-09-29/sources/Workflow-assistance_Final_HERMES_TaskPack_v1.0.zip ! Workflow-assistance_Final_HERMES_TaskPack_v1.0/06_TASK_TICKET_SCHEMA.yaml,sha256:b5fa50f74ac7fa12ea45125a322ff35cebc1cd438d9a05a77aede7d998d9e1eb,627,b5fa50f74ac7fa12ea45125a322ff35cebc1cd438d9a05a77aede7d998d9e1eb,28fe1018,PRESERVED_IN_COMPLETE_ARCHIVE
WL-REC-0035,WL-REC-0035,docs/history/owner-inputs/record-20261009/WORK-LAB-HISTORICAL-RECORDS-20261009.zip,originals/WORK-LAB_MASTER_ATLAS_2026-09-29.zip ! WORK-LAB_MASTER_ATLAS_2026-09-29/sources/Workflow-assistance_Final_HERMES_TaskPack_v1.0.zip ! Workflow-assistance_Final_HERMES_TaskPack_v1.0/07_GITHUB_CI_POLICY.yaml,sha256:e2f3e43e73ce2dc69de5d5169791b175e87be0efb70f5973fab82eda42391738,542,e2f3e43e73ce2dc69de5d5169791b175e87be0efb70f5973fab82eda42391738,6c47ec69,PRESERVED_IN_COMPLETE_ARCHIVE
WL-REC-0035,WL-REC-0035,docs/history/owner-inputs/record-20261009/WORK-LAB-HISTORICAL-RECORDS-20261009.zip,originals/WORK-LAB_MASTER_ATLAS_2026-09-29.zip ! WORK-LAB_MASTER_ATLAS_2026-09-29/sources/Workflow-assistance_Final_HERMES_TaskPack_v1.0.zip ! Workflow-assistance_Final_HERMES_TaskPack_v1.0/08_DOCTOR_REPORT_SCHEMA.json,sha256:f35da56b726760a31d3bffb0dcb2ade69badd1666d4a1b9ad91d4c245d29722b,2054,f35da56b726760a31d3bffb0dcb2ade69badd1666d4a1b9ad91d4c245d29722b,574b3bfa,PRESERVED_IN_COMPLETE_ARCHIVE
WL-REC-0035,WL-REC-0035,docs/history/owner-inputs/record-20261009/WORK-LAB-HISTORICAL-RECORDS-20261009.zip,originals/WORK-LAB_MASTER_ATLAS_2026-09-29.zip ! WORK-LAB_MASTER_ATLAS_2026-09-29/sources/Workflow-assistance_Final_HERMES_TaskPack_v1.0.zip ! Workflow-assistance_Final_HERMES_TaskPack_v1.0/09_RELEASE_EVIDENCE_SCHEMA.json,sha256:8786beef9a3a7998f5e1e1e07e12c052438684fa5558148b102592ea4e182627,976,8786beef9a3a7998f5e1e1e07e12c052438684fa5558148b102592ea4e182627,7a6ba0d0,PRESERVED_IN_COMPLETE_ARCHIVE
WL-REC-0035,WL-REC-0035,docs/history/owner-inputs/record-20261009/WORK-LAB-HISTORICAL-RECORDS-20261009.zip,originals/WORK-LAB_MASTER_ATLAS_2026-09-29.zip ! WORK-LAB_MASTER_ATLAS_2026-09-29/sources/Workflow-assistance_Final_HERMES_TaskPack_v1.0.zip ! Workflow-assistance_Final_HERMES_TaskPack_v1.0/10_ROLLBACK_DRILL.md,sha256:336bcec7b7278ed84455ee107056f4addbed907eb8db3ef52ee9a3fc3a9a146e,997,336bcec7b7278ed84455ee107056f4addbed907eb8db3ef52ee9a3fc3a9a146e,96a20485,PRESERVED_IN_COMPLETE_ARCHIVE
WL-REC-0035,WL-REC-0035,docs/history/owner-inputs/record-20261009/WORK-LAB-HISTORICAL-RECORDS-20261009.zip,originals/WORK-LAB_MASTER_ATLAS_2026-09-29.zip ! WORK-LAB_MASTER_ATLAS_2026-09-29/sources/Workflow-assistance_Final_HERMES_TaskPack_v1.0.zip ! Workflow-assistance_Final_HERMES_TaskPack_v1.0/11_HERMES_COMMANDS.md,sha256:80892f2eff708e87cf174c17b291214ca66d602b682491c7eb470e1e91c1b4fc,1257,80892f2eff708e87cf174c17b291214ca66d602b682491c7eb470e1e91c1b4fc,1d07b3d0,PRESERVED_IN_COMPLETE_ARCHIVE
WL-REC-0035,WL-REC-0035,docs/history/owner-inputs/record-20261009/WORK-LAB-HISTORICAL-RECORDS-20261009.zip,originals/WORK-LAB_MASTER_ATLAS_2026-09-29.zip ! WORK-LAB_MASTER_ATLAS_2026-09-29/sources/Workflow-assistance_Final_HERMES_TaskPack_v1.0.zip ! Workflow-assistance_Final_HERMES_TaskPack_v1.0/12_ACCEPTANCE_CHECKLIST.md,sha256:e0e0760a7cdd771490cce159992d5e6041af951abc919f0b6fb59559d01bb813,1948,e0e0760a7cdd771490cce159992d5e6041af951abc919f0b6fb59559d01bb813,cadaf45e,PRESERVED_IN_COMPLETE_ARCHIVE
WL-REC-0035,WL-REC-0035,docs/history/owner-inputs/record-20261009/WORK-LAB-HISTORICAL-RECORDS-20261009.zip,originals/WORK-LAB_MASTER_ATLAS_2026-09-29.zip ! WORK-LAB_MASTER_ATLAS_2026-09-29/sources/Workflow-assistance_Final_HERMES_TaskPack_v1.0.zip ! Workflow-assistance_Final_HERMES_TaskPack_v1.0/13_FINAL_REPORT_TEMPLATE.md,sha256:1eaf97e72b7751bbb653dba18c31c3e41433bc34efbe883f8b7114683e4ed4d1,1034,1eaf97e72b7751bbb653dba18c31c3e41433bc34efbe883f8b7114683e4ed4d1,2acbc7d4,PRESERVED_IN_COMPLETE_ARCHIVE
WL-REC-0035,WL-REC-0035,docs/history/owner-inputs/record-20261009/WORK-LAB-HISTORICAL-RECORDS-20261009.zip,originals/WORK-LAB_MASTER_ATLAS_2026-09-29.zip ! WORK-LAB_MASTER_ATLAS_2026-09-29/sources/Workflow-assistance_Global_Control_Execution_Observability_TaskPack_v3.1.zip,sha256:cb61199715483c3b3e8b6c27f87bb799bfa84142dd40d9511d8d5125b959adf5,44913,cb61199715483c3b3e8b6c27f87bb799bfa84142dd40d9511d8d5125b959adf5,ab0bc0ff,PRESERVED_IN_COMPLETE_ARCHIVE
WL-REC-0035,WL-REC-0035,docs/history/owner-inputs/record-20261009/WORK-LAB-HISTORICAL-RECORDS-20261009.zip,originals/WORK-LAB_MASTER_ATLAS_2026-09-29.zip ! WORK-LAB_MASTER_ATLAS_2026-09-29/sources/Workflow-assistance_Global_Control_Execution_Observability_TaskPack_v3.1.zip ! Workflow-assistance_Global_Control_Execution_Observability_TaskPack_v3.1/15_VALIDATION_REPORT.md,sha256:04fe789fc9da373b6ce1d269f34eaa32cfdf3b5f23e08c4220eb0dfcf5efe2d8,855,04fe789fc9da373b6ce1d269f34eaa32cfdf3b5f23e08c4220eb0dfcf5efe2d8,cff8f8b0,PRESERVED_IN_COMPLETE_ARCHIVE
WL-REC-0035,WL-REC-0035,docs/history/owner-inputs/record-20261009/WORK-LAB-HISTORICAL-RECORDS-20261009.zip,originals/WORK-LAB_MASTER_ATLAS_2026-09-29.zip ! WORK-LAB_MASTER_ATLAS_2026-09-29/sources/Workflow-assistance_Global_Control_Execution_Observability_TaskPack_v3.1.zip ! Workflow-assistance_Global_Control_Execution_Observability_TaskPack_v3.1/04_GLOBAL_ASSET_AND_ADAPTERS.md,sha256:d90627609e135d307110c67cdddb1b067923121f9d2f07b8add3e08ae61aba3b,3330,d90627609e135d307110c67cdddb1b067923121f9d2f07b8add3e08ae61aba3b,caac650f,PRESERVED_IN_COMPLETE_ARCHIVE
WL-REC-0035,WL-REC-0035,docs/history/owner-inputs/record-20261009/WORK-LAB-HISTORICAL-RECORDS-20261009.zip,originals/WORK-LAB_MASTER_ATLAS_2026-09-29.zip ! WORK-LAB_MASTER_ATLAS_2026-09-29/sources/Workflow-assistance_Global_Control_Execution_Observability_TaskPack_v3.1.zip ! Workflow-assistance_Global_Control_Execution_Observability_TaskPack_v3.1/config/capability-matrix.yaml,sha256:29b2cea3577e6fb8fb89e25d814e2aeb5ad4b187a1ea7fa3710d8129741dccf0,965,29b2cea3577e6fb8fb89e25d814e2aeb5ad4b187a1ea7fa3710d8129741dccf0,748cdfa4,PRESERVED_IN_COMPLETE_ARCHIVE
WL-REC-0035,WL-REC-0035,docs/history/owner-inputs/record-20261009/WORK-LAB-HISTORICAL-RECORDS-20261009.zip,originals/WORK-LAB_MASTER_ATLAS_2026-09-29.zip ! WORK-LAB_MASTER_ATLAS_2026-09-29/sources/Workflow-assistance_Global_Control_Execution_Observability_TaskPack_v3.1.zip ! Workflow-assistance_Global_Control_Execution_Observability_TaskPack_v3.1/config/execution-defaults.yaml,sha256:dea6754955ffe8f5770f6ce02bf611c1da0d94d8cf70742d849fc78be082bd9f,924,dea6754955ffe8f5770f6ce02bf611c1da0d94d8cf70742d849fc78be082bd9f,8231fc6b,PRESERVED_IN_COMPLETE_ARCHIVE
WL-REC-0035,WL-REC-0035,docs/history/owner-inputs/record-20261009/WORK-LAB-HISTORICAL-RECORDS-20261009.zip,originals/WORK-LAB_MASTER_ATLAS_2026-09-29.zip ! WORK-LAB_MASTER_ATLAS_2026-09-29/sources/Workflow-assistance_Global_Control_Execution_Observability_TaskPack_v3.1.zip ! Workflow-assistance_Global_Control_Execution_Observability_TaskPack_v3.1/config/error-taxonomy.yaml,sha256:2d2e8cf42b119bb5f17fa156354b7475d4d0426ae988afaff96f09bed6e5ea5c,1006,2d2e8cf42b119bb5f17fa156354b7475d4d0426ae988afaff96f09bed6e5ea5c,644e7602,PRESERVED_IN_COMPLETE_ARCHIVE
WL-REC-0035,WL-REC-0035,docs/history/owner-inputs/record-20261009/WORK-LAB-HISTORICAL-RECORDS-20261009.zip,originals/WORK-LAB_MASTER_ATLAS_2026-09-29.zip ! WORK-LAB_MASTER_ATLAS_2026-09-29/sources/Workflow-assistance_Global_Control_Execution_Observability_TaskPack_v3.1.zip ! Workflow-assistance_Global_Control_Execution_Observability_TaskPack_v3.1/config/scope-budget.yaml,sha256:2060bbeec84a3361183f6a953b8c670305a036d6e79ff98fd2bcd758231c82f6,654,2060bbeec84a3361183f6a953b8c670305a036d6e79ff98fd2bcd758231c82f6,47ff5fbb,PRESERVED_IN_COMPLETE_ARCHIVE
WL-REC-0035,WL-REC-0035,docs/history/owner-inputs/record-20261009/WORK-LAB-HISTORICAL-RECORDS-20261009.zip,originals/WORK-LAB_MASTER_ATLAS_2026-09-29.zip ! WORK-LAB_MASTER_ATLAS_2026-09-29/sources/Workflow-assistance_Global_Control_Execution_Observability_TaskPack_v3.1.zip ! Workflow-assistance_Global_Control_Execution_Observability_TaskPack_v3.1/config/adapter-matrix.yaml,sha256:e8ff1e6cbe28cff53e606e70ba1f038a322b1ec6a8ced90544ec70e847b95b9c,1161,e8ff1e6cbe28cff53e606e70ba1f038a322b1ec6a8ced90544ec70e847b95b9c,6e6cbda0,PRESERVED_IN_COMPLETE_ARCHIVE
WL-REC-0035,WL-REC-0035,docs/history/owner-inputs/record-20261009/WORK-LAB-HISTORICAL-RECORDS-20261009.zip,originals/WORK-LAB_MASTER_ATLAS_2026-09-29.zip ! WORK-LAB_MASTER_ATLAS_2026-09-29/sources/Workflow-assistance_Global_Control_Execution_Observability_TaskPack_v3.1.zip ! Workflow-assistance_Global_Control_Execution_Observability_TaskPack_v3.1/schemas/observation-event.schema.json,sha256:4f8a27c2f25ed4874cb0121386c38a506e87b785a0dcfb77cd377face4b31d83,1651,4f8a27c2f25ed4874cb0121386c38a506e87b785a0dcfb77cd377face4b31d83,3056d68a,PRESERVED_IN_COMPLETE_ARCHIVE
WL-REC-0035,WL-REC-0035,docs/history/owner-inputs/record-20261009/WORK-LAB-HISTORICAL-RECORDS-20261009.zip,originals/WORK-LAB_MASTER_ATLAS_2026-09-29.zip ! WORK-LAB_MASTER_ATLAS_2026-09-29/sources/Workflow-assistance_Global_Control_Execution_Observability_TaskPack_v3.1.zip ! Workflow-assistance_Global_Control_Execution_Observability_TaskPack_v3.1/schemas/action-plan.schema.json,sha256:b8e8a9c0b30a4b79ab1b0ddde8f39213715c8af6c9700d4d69e9bcc0f812915a,960,b8e8a9c0b30a4b79ab1b0ddde8f39213715c8af6c9700d4d69e9bcc0f812915a,c0b8be7f,PRESERVED_IN_COMPLETE_ARCHIVE
WL-REC-0035,WL-REC-0035,docs/history/owner-inputs/record-20261009/WORK-LAB-HISTORICAL-RECORDS-20261009.zip,originals/WORK-LAB_MASTER_ATLAS_2026-09-29.zip ! WORK-LAB_MASTER_ATLAS_2026-09-29/sources/Workflow-assistance_Global_Control_Execution_Observability_TaskPack_v3.1.zip ! Workflow-assistance_Global_Control_Execution_Observability_TaskPack_v3.1/schemas/task-cards.schema.json,sha256:6bb1915149d9082bc207726a1f767c69d9ce3f24f4295f449a447dde790d5440,1601,6bb1915149d9082bc207726a1f767c69d9ce3f24f4295f449a447dde790d5440,0935e3d5,PRESERVED_IN_COMPLETE_ARCHIVE
WL-REC-0035,WL-REC-0035,docs/history/owner-inputs/record-20261009/WORK-LAB-HISTORICAL-RECORDS-20261009.zip,originals/WORK-LAB_MASTER_ATLAS_2026-09-29.zip ! WORK-LAB_MASTER_ATLAS_2026-09-29/sources/Workflow-assistance_Global_Control_Execution_Observability_TaskPack_v3.1.zip ! Workflow-assistance_Global_Control_Execution_Observability_TaskPack_v3.1/schemas/asset-manifest.schema.json,sha256:d2cd4663a0e8fea90e48e6b8169d47905646863663a42ba3ad60796cccd1d06d,1039,d2cd4663a0e8fea90e48e6b8169d47905646863663a42ba3ad60796cccd1d06d,bc600300,PRESERVED_IN_COMPLETE_ARCHIVE
WL-REC-0035,WL-REC-0035,docs/history/owner-inputs/record-20261009/WORK-LAB-HISTORICAL-RECORDS-20261009.zip,originals/WORK-LAB_MASTER_ATLAS_2026-09-29.zip ! WORK-LAB_MASTER_ATLAS_2026-09-29/sources/Workflow-assistance_Global_Control_Execution_Observability_TaskPack_v3.1.zip ! Workflow-assistance_Global_Control_Execution_Observability_TaskPack_v3.1/schemas/execution-state.schema.json,sha256:79af3831a2fa86cb0c7881e983f95ec63fe6c431ac0a9a0b66d2d38448229279,1430,79af3831a2fa86cb0c7881e983f95ec63fe6c431ac0a9a0b66d2d38448229279,6f88ca88,PRESERVED_IN_COMPLETE_ARCHIVE
WL-REC-0035,WL-REC-0035,docs/history/owner-inputs/record-20261009/WORK-LAB-HISTORICAL-RECORDS-20261009.zip,originals/WORK-LAB_MASTER_ATLAS_2026-09-29.zip ! WORK-LAB_MASTER_ATLAS_2026-09-29/sources/Workflow-assistance_Global_Control_Execution_Observability_TaskPack_v3.1.zip ! Workflow-assistance_Global_Control_Execution_Observability_TaskPack_v3.1/schemas/client-adapter.schema.json,sha256:d2dd26444c23cceed7499a5c99dd11619c8f81c71ee25e1df81e50d2d10c2ddf,1353,d2dd26444c23cceed7499a5c99dd11619c8f81c71ee25e1df81e50d2d10c2ddf,f4f97828,PRESERVED_IN_COMPLETE_ARCHIVE
WL-REC-0035,WL-REC-0035,docs/history/owner-inputs/record-20261009/WORK-LAB-HISTORICAL-RECORDS-20261009.zip,originals/WORK-LAB_MASTER_ATLAS_2026-09-29.zip ! WORK-LAB_MASTER_ATLAS_2026-09-29/sources/Workflow-assistance_Global_Control_Execution_Observability_TaskPack_v3.1.zip ! Workflow-assistance_Global_Control_Execution_Observability_TaskPack_v3.1/10_MASTER_HERMES_TASKPACK.md,sha256:4e8ab75f74835dc82df652d95c9606aea35c24d5daccb2baab26047c6fb45524,3767,4e8ab75f74835dc82df652d95c9606aea35c24d5daccb2baab26047c6fb45524,27f32254,PRESERVED_IN_COMPLETE_ARCHIVE
WL-REC-0035,WL-REC-0035,docs/history/owner-inputs/record-20261009/WORK-LAB-HISTORICAL-RECORDS-20261009.zip,originals/WORK-LAB_MASTER_ATLAS_2026-09-29.zip ! WORK-LAB_MASTER_ATLAS_2026-09-29/sources/Workflow-assistance_Global_Control_Execution_Observability_TaskPack_v3.1.zip ! Workflow-assistance_Global_Control_Execution_Observability_TaskPack_v3.1/12_SUPERSESSION_AND_DECISIONS.md,sha256:46c51e269e0d6b29e69a0cc750c1af3ff0c9ad2f610305761f10edf747b2741b,2566,46c51e269e0d6b29e69a0cc750c1af3ff0c9ad2f610305761f10edf747b2741b,b0a2f66d,PRESERVED_IN_COMPLETE_ARCHIVE
WL-REC-0035,WL-REC-0035,docs/history/owner-inputs/record-20261009/WORK-LAB-HISTORICAL-RECORDS-20261009.zip,originals/WORK-LAB_MASTER_ATLAS_2026-09-29.zip ! WORK-LAB_MASTER_ATLAS_2026-09-29/sources/Workflow-assistance_Global_Control_Execution_Observability_TaskPack_v3.1.zip ! Workflow-assistance_Global_Control_Execution_Observability_TaskPack_v3.1/13_HERMES_START_COMMAND.md,sha256:4f0c66c97df14828427bd3b8f81ca04597d92aacb534a42b577defb23581589c,1299,4f0c66c97df14828427bd3b8f81ca04597d92aacb534a42b577defb23581589c,fe3fc5f3,PRESERVED_IN_COMPLETE_ARCHIVE
WL-REC-0035,WL-REC-0035,docs/history/owner-inputs/record-20261009/WORK-LAB-HISTORICAL-RECORDS-20261009.zip,originals/WORK-LAB_MASTER_ATLAS_2026-09-29.zip ! WORK-LAB_MASTER_ATLAS_2026-09-29/sources/Workflow-assistance_Global_Control_Execution_Observability_TaskPack_v3.1.zip ! Workflow-assistance_Global_Control_Execution_Observability_TaskPack_v3.1/02_CURRENT_CAPABILITY_AND_GAPS.md,sha256:34fb58d6aebc6c445082030613e885524441dbef3d77c20a45d9dbe9dd3511bf,2842,34fb58d6aebc6c445082030613e885524441dbef3d77c20a45d9dbe9dd3511bf,6583cf3f,PRESERVED_IN_COMPLETE_ARCHIVE
WL-REC-0035,WL-REC-0035,docs/history/owner-inputs/record-20261009/WORK-LAB-HISTORICAL-RECORDS-20261009.zip,originals/WORK-LAB_MASTER_ATLAS_2026-09-29.zip ! WORK-LAB_MASTER_ATLAS_2026-09-29/sources/Workflow-assistance_Global_Control_Execution_Observability_TaskPack_v3.1.zip ! Workflow-assistance_Global_Control_Execution_Observability_TaskPack_v3.1/07_DELIVERY_NETWORK_TRANSFER.md,sha256:5a9726fb01bf08d923a8e8e76b42a21bec46fc42456d375ace1375bda94ca0ef,2065,5a9726fb01bf08d923a8e8e76b42a21bec46fc42456d375ace1375bda94ca0ef,d18e2c24,PRESERVED_IN_COMPLETE_ARCHIVE
WL-REC-0035,WL-REC-0035,docs/history/owner-inputs/record-20261009/WORK-LAB-HISTORICAL-RECORDS-20261009.zip,originals/WORK-LAB_MASTER_ATLAS_2026-09-29.zip ! WORK-LAB_MASTER_ATLAS_2026-09-29/sources/Workflow-assistance_Global_Control_Execution_Observability_TaskPack_v3.1.zip ! Workflow-assistance_Global_Control_Execution_Observability_TaskPack_v3.1/01_POSITIONING_AND_PRODUCT_MODEL.md,sha256:bbfc25d4f7357564fef2031773c09cff5f549bb4beb0c3e2b67287a5c6726462,3029,bbfc25d4f7357564fef2031773c09cff5f549bb4beb0c3e2b67287a5c6726462,4e502bb4,PRESERVED_IN_COMPLETE_ARCHIVE
WL-REC-0035,WL-REC-0035,docs/history/owner-inputs/record-20261009/WORK-LAB-HISTORICAL-RECORDS-20261009.zip,originals/WORK-LAB_MASTER_ATLAS_2026-09-29.zip ! WORK-LAB_MASTER_ATLAS_2026-09-29/sources/Workflow-assistance_Global_Control_Execution_Observability_TaskPack_v3.1.zip ! Workflow-assistance_Global_Control_Execution_Observability_TaskPack_v3.1/06_EFFICIENCY_AND_TOKEN.md,sha256:3202b0ed28b793b87fcc0f1b05f95e78ecb56bc34167952507f5469b01d8b6f5,2403,3202b0ed28b793b87fcc0f1b05f95e78ecb56bc34167952507f5469b01d8b6f5,83965626,PRESERVED_IN_COMPLETE_ARCHIVE
WL-REC-0035,WL-REC-0035,docs/history/owner-inputs/record-20261009/WORK-LAB-HISTORICAL-RECORDS-20261009.zip,originals/WORK-LAB_MASTER_ATLAS_2026-09-29.zip ! WORK-LAB_MASTER_ATLAS_2026-09-29/sources/Workflow-assistance_Global_Control_Execution_Observability_TaskPack_v3.1.zip ! Workflow-assistance_Global_Control_Execution_Observability_TaskPack_v3.1/tasks/task-cards.json,sha256:aa641202d9d4a19d73cae1b86c0eeff7387d757094ee507c9de8b1df9b41a1de,13271,aa641202d9d4a19d73cae1b86c0eeff7387d757094ee507c9de8b1df9b41a1de,1243c72a,PRESERVED_IN_COMPLETE_ARCHIVE
WL-REC-0035,WL-REC-0035,docs/history/owner-inputs/record-20261009/WORK-LAB-HISTORICAL-RECORDS-20261009.zip,originals/WORK-LAB_MASTER_ATLAS_2026-09-29.zip ! WORK-LAB_MASTER_ATLAS_2026-09-29/sources/Workflow-assistance_Global_Control_Execution_Observability_TaskPack_v3.1.zip ! Workflow-assistance_Global_Control_Execution_Observability_TaskPack_v3.1/05_EXECUTION_STATE_MACHINE.md,sha256:1e4287f5b1cab724586b0bba8b6a15681cfffe6e2b9f4463085938f2dc5b89e6,3497,1e4287f5b1cab724586b0bba8b6a15681cfffe6e2b9f4463085938f2dc5b89e6,b75dc5cc,PRESERVED_IN_COMPLETE_ARCHIVE
WL-REC-0035,WL-REC-0035,docs/history/owner-inputs/record-20261009/WORK-LAB-HISTORICAL-RECORDS-20261009.zip,originals/WORK-LAB_MASTER_ATLAS_2026-09-29.zip ! WORK-LAB_MASTER_ATLAS_2026-09-29/sources/Workflow-assistance_Global_Control_Execution_Observability_TaskPack_v3.1.zip ! Workflow-assistance_Global_Control_Execution_Observability_TaskPack_v3.1/03_TARGET_ARCHITECTURE.md,sha256:394a0dddb709cca5a607bfc7c37793f8338742e7ee7420c0e85a8ba574a5e4ea,2299,394a0dddb709cca5a607bfc7c37793f8338742e7ee7420c0e85a8ba574a5e4ea,61d51c39,PRESERVED_IN_COMPLETE_ARCHIVE
WL-REC-0035,WL-REC-0035,docs/history/owner-inputs/record-20261009/WORK-LAB-HISTORICAL-RECORDS-20261009.zip,originals/WORK-LAB_MASTER_ATLAS_2026-09-29.zip ! WORK-LAB_MASTER_ATLAS_2026-09-29/sources/Workflow-assistance_Global_Control_Execution_Observability_TaskPack_v3.1.zip ! Workflow-assistance_Global_Control_Execution_Observability_TaskPack_v3.1/00_START_HERE.md,sha256:2f062a5926a1229b74d600966f12ec70aabadd37de5fae27f45c9ea427e558c3,2008,2f062a5926a1229b74d600966f12ec70aabadd37de5fae27f45c9ea427e558c3,9ad379fc,PRESERVED_IN_COMPLETE_ARCHIVE
WL-REC-0035,WL-REC-0035,docs/history/owner-inputs/record-20261009/WORK-LAB-HISTORICAL-RECORDS-20261009.zip,originals/WORK-LAB_MASTER_ATLAS_2026-09-29.zip ! WORK-LAB_MASTER_ATLAS_2026-09-29/sources/Workflow-assistance_Global_Control_Execution_Observability_TaskPack_v3.1.zip ! Workflow-assistance_Global_Control_Execution_Observability_TaskPack_v3.1/14_SOURCES_AND_BASELINE.md,sha256:ba123943b1470ab42b5c68dbb16fa2a1a95f71e63ec3aacd122c308a82e0ab27,3169,ba123943b1470ab42b5c68dbb16fa2a1a95f71e63ec3aacd122c308a82e0ab27,6b5074d6,PRESERVED_IN_COMPLETE_ARCHIVE
WL-REC-0035,WL-REC-0035,docs/history/owner-inputs/record-20261009/WORK-LAB-HISTORICAL-RECORDS-20261009.zip,originals/WORK-LAB_MASTER_ATLAS_2026-09-29.zip ! WORK-LAB_MASTER_ATLAS_2026-09-29/sources/Workflow-assistance_Global_Control_Execution_Observability_TaskPack_v3.1.zip ! Workflow-assistance_Global_Control_Execution_Observability_TaskPack_v3.1/09_SCOPE_BUDGET_AND_ROADMAP.md,sha256:9907c37b647ffb1b90c51b57a68ae07d2c0f06a2dbf8bfbaaab6b90ac31c70ff,2411,9907c37b647ffb1b90c51b57a68ae07d2c0f06a2dbf8bfbaaab6b90ac31c70ff,3df0f9a3,PRESERVED_IN_COMPLETE_ARCHIVE
WL-REC-0035,WL-REC-0035,docs/history/owner-inputs/record-20261009/WORK-LAB-HISTORICAL-RECORDS-20261009.zip,originals/WORK-LAB_MASTER_ATLAS_2026-09-29.zip ! WORK-LAB_MASTER_ATLAS_2026-09-29/sources/Workflow-assistance_Global_Control_Execution_Observability_TaskPack_v3.1.zip ! Workflow-assistance_Global_Control_Execution_Observability_TaskPack_v3.1/08_OBSERVABILITY_AND_UI.md,sha256:d2c9b10d6171d66c2610c26d1d652d40179986f99af335b3daefe1bfdbf33052,2403,d2c9b10d6171d66c2610c26d1d652d40179986f99af335b3daefe1bfdbf33052,23b7b06b,PRESERVED_IN_COMPLETE_ARCHIVE
WL-REC-0035,WL-REC-0035,docs/history/owner-inputs/record-20261009/WORK-LAB-HISTORICAL-RECORDS-20261009.zip,originals/WORK-LAB_MASTER_ATLAS_2026-09-29.zip ! WORK-LAB_MASTER_ATLAS_2026-09-29/sources/Workflow-assistance_Global_Control_Execution_Observability_TaskPack_v3.1.zip ! Workflow-assistance_Global_Control_Execution_Observability_TaskPack_v3.1/11_ACCEPTANCE_CHECKLIST.md,sha256:265d518fa57d51456b8cb712c569fad24aebe3d43f380043787d760f47f16a8c,2596,265d518fa57d51456b8cb712c569fad24aebe3d43f380043787d760f47f16a8c,6ff4ddd0,PRESERVED_IN_COMPLETE_ARCHIVE
WL-REC-0035,WL-REC-0035,docs/history/owner-inputs/record-20261009/WORK-LAB-HISTORICAL-RECORDS-20261009.zip,originals/WORK-LAB_MASTER_ATLAS_2026-09-29.zip ! WORK-LAB_MASTER_ATLAS_2026-09-29/sources/Workflow-assistance_Lean_Evidence_Console_TaskPack_v3.0.zip,sha256:f99f13b8ca689cb4f743c3fb3d42eedf711146e9c507dcfa7b4ebc0d685eeaa8,34611,f99f13b8ca689cb4f743c3fb3d42eedf711146e9c507dcfa7b4ebc0d685eeaa8,99b3485f,PRESERVED_IN_COMPLETE_ARCHIVE
WL-REC-0035,WL-REC-0035,docs/history/owner-inputs/record-20261009/WORK-LAB-HISTORICAL-RECORDS-20261009.zip,originals/WORK-LAB_MASTER_ATLAS_2026-09-29.zip ! WORK-LAB_MASTER_ATLAS_2026-09-29/sources/Workflow-assistance_Lean_Evidence_Console_TaskPack_v3.0.zip ! Workflow-assistance_Lean_Evidence_Console_TaskPack_v3.0/05_REFACTOR_AND_ADAPTER_PLAN.md,sha256:ebc6f65f9656de83f4b588313167cf065145f352eb08f3f529272157fee6f983,2994,ebc6f65f9656de83f4b588313167cf065145f352eb08f3f529272157fee6f983,208ef6b0,PRESERVED_IN_COMPLETE_ARCHIVE
WL-REC-0035,WL-REC-0035,docs/history/owner-inputs/record-20261009/WORK-LAB-HISTORICAL-RECORDS-20261009.zip,originals/WORK-LAB_MASTER_ATLAS_2026-09-29.zip ! WORK-LAB_MASTER_ATLAS_2026-09-29/sources/Workflow-assistance_Lean_Evidence_Console_TaskPack_v3.0.zip ! Workflow-assistance_Lean_Evidence_Console_TaskPack_v3.0/02_SCOPE_FREEZE.md,sha256:dd7efd0bd04cf964664d341b0f275416646e4b340022a6deda1f90be2925ae61,2452,dd7efd0bd04cf964664d341b0f275416646e4b340022a6deda1f90be2925ae61,874ea140,PRESERVED_IN_COMPLETE_ARCHIVE
WL-REC-0035,WL-REC-0035,docs/history/owner-inputs/record-20261009/WORK-LAB-HISTORICAL-RECORDS-20261009.zip,originals/WORK-LAB_MASTER_ATLAS_2026-09-29.zip ! WORK-LAB_MASTER_ATLAS_2026-09-29/sources/Workflow-assistance_Lean_Evidence_Console_TaskPack_v3.0.zip ! Workflow-assistance_Lean_Evidence_Console_TaskPack_v3.0/11_HERMES_START_COMMAND.md,sha256:2b414ec9ad98da0f29ddc7dfc8691a7b6a87da461514ada77f4b0b33ad5e3e53,1263,2b414ec9ad98da0f29ddc7dfc8691a7b6a87da461514ada77f4b0b33ad5e3e53,2599a1a8,PRESERVED_IN_COMPLETE_ARCHIVE
WL-REC-0035,WL-REC-0035,docs/history/owner-inputs/record-20261009/WORK-LAB-HISTORICAL-RECORDS-20261009.zip,originals/WORK-LAB_MASTER_ATLAS_2026-09-29.zip ! WORK-LAB_MASTER_ATLAS_2026-09-29/sources/Workflow-assistance_Lean_Evidence_Console_TaskPack_v3.0.zip ! Workflow-assistance_Lean_Evidence_Console_TaskPack_v3.0/07_IMPLEMENTATION_ROADMAP.md,sha256:1dcedef6bab28d132babb22c19679372587e9320760d94b68d843a95a8f60918,1884,1dcedef6bab28d132babb22c19679372587e9320760d94b68d843a95a8f60918,30f18625,PRESERVED_IN_COMPLETE_ARCHIVE
WL-REC-0035,WL-REC-0035,docs/history/owner-inputs/record-20261009/WORK-LAB-HISTORICAL-RECORDS-20261009.zip,originals/WORK-LAB_MASTER_ATLAS_2026-09-29.zip ! WORK-LAB_MASTER_ATLAS_2026-09-29/sources/Workflow-assistance_Lean_Evidence_Console_TaskPack_v3.0.zip ! Workflow-assistance_Lean_Evidence_Console_TaskPack_v3.0/config/execution-defaults.yaml,sha256:47dfc197b987cf7f60810361ad96da9c26da4215eb9131bcd23ccca7af2e0310,1077,47dfc197b987cf7f60810361ad96da9c26da4215eb9131bcd23ccca7af2e0310,5b5bfcfd,PRESERVED_IN_COMPLETE_ARCHIVE
WL-REC-0035,WL-REC-0035,docs/history/owner-inputs/record-20261009/WORK-LAB-HISTORICAL-RECORDS-20261009.zip,originals/WORK-LAB_MASTER_ATLAS_2026-09-29.zip ! WORK-LAB_MASTER_ATLAS_2026-09-29/sources/Workflow-assistance_Lean_Evidence_Console_TaskPack_v3.0.zip ! Workflow-assistance_Lean_Evidence_Console_TaskPack_v3.0/config/scope-budget.yaml,sha256:3e34c1c1434e9f24799b1391f246433402b1ed75e3869eef1f0eaa4634ba41d8,924,3e34c1c1434e9f24799b1391f246433402b1ed75e3869eef1f0eaa4634ba41d8,159058f3,PRESERVED_IN_COMPLETE_ARCHIVE
WL-REC-0035,WL-REC-0035,docs/history/owner-inputs/record-20261009/WORK-LAB-HISTORICAL-RECORDS-20261009.zip,originals/WORK-LAB_MASTER_ATLAS_2026-09-29.zip ! WORK-LAB_MASTER_ATLAS_2026-09-29/sources/Workflow-assistance_Lean_Evidence_Console_TaskPack_v3.0.zip ! Workflow-assistance_Lean_Evidence_Console_TaskPack_v3.0/config/adapter-matrix.yaml,sha256:2ec98d5ee05cf74018c47a402b32af4a289ba0753a5aa370ad4cf7c0ea000d70,1488,2ec98d5ee05cf74018c47a402b32af4a289ba0753a5aa370ad4cf7c0ea000d70,52de0f6d,PRESERVED_IN_COMPLETE_ARCHIVE
WL-REC-0035,WL-REC-0035,docs/history/owner-inputs/record-20261009/WORK-LAB-HISTORICAL-RECORDS-20261009.zip,originals/WORK-LAB_MASTER_ATLAS_2026-09-29.zip ! WORK-LAB_MASTER_ATLAS_2026-09-29/sources/Workflow-assistance_Lean_Evidence_Console_TaskPack_v3.0.zip ! Workflow-assistance_Lean_Evidence_Console_TaskPack_v3.0/schemas/task-cards.schema.json,sha256:5bebdf4f879b971badf848749519069a7668e8dec2ce2a2446f74f33cdfb6b5b,2212,5bebdf4f879b971badf848749519069a7668e8dec2ce2a2446f74f33cdfb6b5b,d76ea9a5,PRESERVED_IN_COMPLETE_ARCHIVE
WL-REC-0035,WL-REC-0035,docs/history/owner-inputs/record-20261009/WORK-LAB-HISTORICAL-RECORDS-20261009.zip,originals/WORK-LAB_MASTER_ATLAS_2026-09-29.zip ! WORK-LAB_MASTER_ATLAS_2026-09-29/sources/Workflow-assistance_Lean_Evidence_Console_TaskPack_v3.0.zip ! Workflow-assistance_Lean_Evidence_Console_TaskPack_v3.0/schemas/architecture-exception.schema.json,sha256:aab48c2e1a67521481f9f978b1c164df3bfc95a61c1a5a8cd34cccf845e593e0,1210,aab48c2e1a67521481f9f978b1c164df3bfc95a61c1a5a8cd34cccf845e593e0,62bad583,PRESERVED_IN_COMPLETE_ARCHIVE
WL-REC-0035,WL-REC-0035,docs/history/owner-inputs/record-20261009/WORK-LAB-HISTORICAL-RECORDS-20261009.zip,originals/WORK-LAB_MASTER_ATLAS_2026-09-29.zip ! WORK-LAB_MASTER_ATLAS_2026-09-29/sources/Workflow-assistance_Lean_Evidence_Console_TaskPack_v3.0.zip ! Workflow-assistance_Lean_Evidence_Console_TaskPack_v3.0/schemas/event-lite.schema.json,sha256:a659e29b67027954dab193229550fbb4245fa42f70e859adb5fa4803286fb4df,2341,a659e29b67027954dab193229550fbb4245fa42f70e859adb5fa4803286fb4df,33416b87,PRESERVED_IN_COMPLETE_ARCHIVE
WL-REC-0035,WL-REC-0035,docs/history/owner-inputs/record-20261009/WORK-LAB-HISTORICAL-RECORDS-20261009.zip,originals/WORK-LAB_MASTER_ATLAS_2026-09-29.zip ! WORK-LAB_MASTER_ATLAS_2026-09-29/sources/Workflow-assistance_Lean_Evidence_Console_TaskPack_v3.0.zip ! Workflow-assistance_Lean_Evidence_Console_TaskPack_v3.0/10_SUPERSESSION_AND_DECISIONS.md,sha256:05546b81c1030b5be3b89ef99c21e537c9df79e4dba4181bdc4c6560cdb0d6e4,1644,05546b81c1030b5be3b89ef99c21e537c9df79e4dba4181bdc4c6560cdb0d6e4,96d84064,PRESERVED_IN_COMPLETE_ARCHIVE
WL-REC-0035,WL-REC-0035,docs/history/owner-inputs/record-20261009/WORK-LAB-HISTORICAL-RECORDS-20261009.zip,originals/WORK-LAB_MASTER_ATLAS_2026-09-29.zip ! WORK-LAB_MASTER_ATLAS_2026-09-29/sources/Workflow-assistance_Lean_Evidence_Console_TaskPack_v3.0.zip ! Workflow-assistance_Lean_Evidence_Console_TaskPack_v3.0/06_SECURITY_AND_EVIDENCE.md,sha256:9c9f9ee5cd2134ad9ce81e4e74ecec07b64a1bb412dc747f4053f1e6efded0b1,3033,9c9f9ee5cd2134ad9ce81e4e74ecec07b64a1bb412dc747f4053f1e6efded0b1,6f894a3a,PRESERVED_IN_COMPLETE_ARCHIVE
WL-REC-0035,WL-REC-0035,docs/history/owner-inputs/record-20261009/WORK-LAB-HISTORICAL-RECORDS-20261009.zip,originals/WORK-LAB_MASTER_ATLAS_2026-09-29.zip ! WORK-LAB_MASTER_ATLAS_2026-09-29/sources/Workflow-assistance_Lean_Evidence_Console_TaskPack_v3.0.zip ! Workflow-assistance_Lean_Evidence_Console_TaskPack_v3.0/12_SOURCES_AND_BASELINE.md,sha256:0f446a196cea93c8f747e3cfff454eed283991b3a10f2825d34630f8fdc554fa,1750,0f446a196cea93c8f747e3cfff454eed283991b3a10f2825d34630f8fdc554fa,81d34f80,PRESERVED_IN_COMPLETE_ARCHIVE
WL-REC-0035,WL-REC-0035,docs/history/owner-inputs/record-20261009/WORK-LAB-HISTORICAL-RECORDS-20261009.zip,originals/WORK-LAB_MASTER_ATLAS_2026-09-29.zip ! WORK-LAB_MASTER_ATLAS_2026-09-29/sources/Workflow-assistance_Lean_Evidence_Console_TaskPack_v3.0.zip ! Workflow-assistance_Lean_Evidence_Console_TaskPack_v3.0/09_ACCEPTANCE_CHECKLIST.md,sha256:6a5c3d2b34885ee1fd144ae0a1602692b2f5fccc1c0d65769108abd81857d592,2707,6a5c3d2b34885ee1fd144ae0a1602692b2f5fccc1c0d65769108abd81857d592,42e2f691,PRESERVED_IN_COMPLETE_ARCHIVE
WL-REC-0035,WL-REC-0035,docs/history/owner-inputs/record-20261009/WORK-LAB-HISTORICAL-RECORDS-20261009.zip,originals/WORK-LAB_MASTER_ATLAS_2026-09-29.zip ! WORK-LAB_MASTER_ATLAS_2026-09-29/sources/Workflow-assistance_Lean_Evidence_Console_TaskPack_v3.0.zip ! Workflow-assistance_Lean_Evidence_Console_TaskPack_v3.0/tasks/task-cards.json,sha256:7856b737ed91cf872aa8e63ef8120c44f56837a7d5dc8eaeb06a61823c0d2983,8907,7856b737ed91cf872aa8e63ef8120c44f56837a7d5dc8eaeb06a61823c0d2983,6f910cca,PRESERVED_IN_COMPLETE_ARCHIVE
WL-REC-0035,WL-REC-0035,docs/history/owner-inputs/record-20261009/WORK-LAB-HISTORICAL-RECORDS-20261009.zip,originals/WORK-LAB_MASTER_ATLAS_2026-09-29.zip ! WORK-LAB_MASTER_ATLAS_2026-09-29/sources/Workflow-assistance_Lean_Evidence_Console_TaskPack_v3.0.zip ! Workflow-assistance_Lean_Evidence_Console_TaskPack_v3.0/04_LEAN_ARCHITECTURE.md,sha256:d7c6cdf40c1082ffc8988564492018b820269ae83e3b02bf1f644bd4dc65f794,2580,d7c6cdf40c1082ffc8988564492018b820269ae83e3b02bf1f644bd4dc65f794,73ca6432,PRESERVED_IN_COMPLETE_ARCHIVE
WL-REC-0035,WL-REC-0035,docs/history/owner-inputs/record-20261009/WORK-LAB-HISTORICAL-RECORDS-20261009.zip,originals/WORK-LAB_MASTER_ATLAS_2026-09-29.zip ! WORK-LAB_MASTER_ATLAS_2026-09-29/sources/Workflow-assistance_Lean_Evidence_Console_TaskPack_v3.0.zip ! Workflow-assistance_Lean_Evidence_Console_TaskPack_v3.0/03_PRODUCT_AND_UI_SPEC.md,sha256:5722653495ef252b2253980e62be417bcd4c84128314794264e6ded2da74e34d,2777,5722653495ef252b2253980e62be417bcd4c84128314794264e6ded2da74e34d,b2eebe88,PRESERVED_IN_COMPLETE_ARCHIVE
WL-REC-0035,WL-REC-0035,docs/history/owner-inputs/record-20261009/WORK-LAB-HISTORICAL-RECORDS-20261009.zip,originals/WORK-LAB_MASTER_ATLAS_2026-09-29.zip ! WORK-LAB_MASTER_ATLAS_2026-09-29/sources/Workflow-assistance_Lean_Evidence_Console_TaskPack_v3.0.zip ! Workflow-assistance_Lean_Evidence_Console_TaskPack_v3.0/08_MASTER_HERMES_TASKPACK.md,sha256:4e79693e8ca8d949a29fb8e61266dde979fc925fc9a800afc56a83b2eec6c180,5496,4e79693e8ca8d949a29fb8e61266dde979fc925fc9a800afc56a83b2eec6c180,06d1713e,PRESERVED_IN_COMPLETE_ARCHIVE
WL-REC-0035,WL-REC-0035,docs/history/owner-inputs/record-20261009/WORK-LAB-HISTORICAL-RECORDS-20261009.zip,originals/WORK-LAB_MASTER_ATLAS_2026-09-29.zip ! WORK-LAB_MASTER_ATLAS_2026-09-29/sources/Workflow-assistance_Lean_Evidence_Console_TaskPack_v3.0.zip ! Workflow-assistance_Lean_Evidence_Console_TaskPack_v3.0/00_START_HERE.md,sha256:32dea4b965abd716537dcd1f3807f80238eb28141385fa60965390c05d881150,2398,32dea4b965abd716537dcd1f3807f80238eb28141385fa60965390c05d881150,1edabf72,PRESERVED_IN_COMPLETE_ARCHIVE
WL-REC-0035,WL-REC-0035,docs/history/owner-inputs/record-20261009/WORK-LAB-HISTORICAL-RECORDS-20261009.zip,originals/WORK-LAB_MASTER_ATLAS_2026-09-29.zip ! WORK-LAB_MASTER_ATLAS_2026-09-29/sources/Workflow-assistance_Lean_Evidence_Console_TaskPack_v3.0.zip ! Workflow-assistance_Lean_Evidence_Console_TaskPack_v3.0/01_MULTI_ROUND_AUDIT.md,sha256:40e1ccdef211459656e21766e9467c010994549a452f09b05eb95cc83fe8d7a3,3591,40e1ccdef211459656e21766e9467c010994549a452f09b05eb95cc83fe8d7a3,00cb78fb,PRESERVED_IN_COMPLETE_ARCHIVE
WL-REC-0035,WL-REC-0035,docs/history/owner-inputs/record-20261009/WORK-LAB-HISTORICAL-RECORDS-20261009.zip,originals/WORK-LAB_MASTER_ATLAS_2026-09-29.zip ! WORK-LAB_MASTER_ATLAS_2026-09-29/sources/Workflow-assistance_Visualization_Audit_TaskPack_v2.0.zip,sha256:73d0e3bf1e1d26b2a44164288e05fa19e5874c85bc770af7ac5db191be9e1ca6,32772,73d0e3bf1e1d26b2a44164288e05fa19e5874c85bc770af7ac5db191be9e1ca6,2ce59504,PRESERVED_IN_COMPLETE_ARCHIVE
WL-REC-0035,WL-REC-0035,docs/history/owner-inputs/record-20261009/WORK-LAB-HISTORICAL-RECORDS-20261009.zip,originals/WORK-LAB_MASTER_ATLAS_2026-09-29.zip ! WORK-LAB_MASTER_ATLAS_2026-09-29/sources/Workflow-assistance_Visualization_Audit_TaskPack_v2.0.zip ! Workflow-assistance_Visualization_Audit_TaskPack_v2.0/02_COMPETITOR_AUDIT.md,sha256:a16fa434f0d767d240a1fc459d88bf85436a3d78f7156a9bbfbd6ae79557c8d8,4043,a16fa434f0d767d240a1fc459d88bf85436a3d78f7156a9bbfbd6ae79557c8d8,a250423a,PRESERVED_IN_COMPLETE_ARCHIVE
WL-REC-0035,WL-REC-0035,docs/history/owner-inputs/record-20261009/WORK-LAB-HISTORICAL-RECORDS-20261009.zip,originals/WORK-LAB_MASTER_ATLAS_2026-09-29.zip ! WORK-LAB_MASTER_ATLAS_2026-09-29/sources/Workflow-assistance_Visualization_Audit_TaskPack_v2.0.zip ! Workflow-assistance_Visualization_Audit_TaskPack_v2.0/config/safety-policy.yaml,sha256:f4b56e685b7cd49a9ab65ba1247d45deca60f46edf11942583e2302279ad3ec0,1086,f4b56e685b7cd49a9ab65ba1247d45deca60f46edf11942583e2302279ad3ec0,4319f3fa,PRESERVED_IN_COMPLETE_ARCHIVE
WL-REC-0035,WL-REC-0035,docs/history/owner-inputs/record-20261009/WORK-LAB-HISTORICAL-RECORDS-20261009.zip,originals/WORK-LAB_MASTER_ATLAS_2026-09-29.zip ! WORK-LAB_MASTER_ATLAS_2026-09-29/sources/Workflow-assistance_Visualization_Audit_TaskPack_v2.0.zip ! Workflow-assistance_Visualization_Audit_TaskPack_v2.0/config/adapter-matrix.yaml,sha256:73ed5fddfc0f7415ccd8e97f03fa900f213d4d1cc645507c3fcdfb4a5367facd,2551,73ed5fddfc0f7415ccd8e97f03fa900f213d4d1cc645507c3fcdfb4a5367facd,f671b69d,PRESERVED_IN_COMPLETE_ARCHIVE
WL-REC-0035,WL-REC-0035,docs/history/owner-inputs/record-20261009/WORK-LAB-HISTORICAL-RECORDS-20261009.zip,originals/WORK-LAB_MASTER_ATLAS_2026-09-29.zip ! WORK-LAB_MASTER_ATLAS_2026-09-29/sources/Workflow-assistance_Visualization_Audit_TaskPack_v2.0.zip ! Workflow-assistance_Visualization_Audit_TaskPack_v2.0/08_ACCEPTANCE_CHECKLIST.md,sha256:85c51ca2e374a513f032948944c74df0cc8adc311f57a61c6c6c178e6a29ab8a,3181,85c51ca2e374a513f032948944c74df0cc8adc311f57a61c6c6c178e6a29ab8a,192dba4a,PRESERVED_IN_COMPLETE_ARCHIVE
WL-REC-0035,WL-REC-0035,docs/history/owner-inputs/record-20261009/WORK-LAB-HISTORICAL-RECORDS-20261009.zip,originals/WORK-LAB_MASTER_ATLAS_2026-09-29.zip ! WORK-LAB_MASTER_ATLAS_2026-09-29/sources/Workflow-assistance_Visualization_Audit_TaskPack_v2.0.zip ! Workflow-assistance_Visualization_Audit_TaskPack_v2.0/schemas/canonical-event.schema.json,sha256:a90018bb2d34329d444364e84ee96bcc0c7510c010fcc2db5f3b0c1c5181eae5,3083,a90018bb2d34329d444364e84ee96bcc0c7510c010fcc2db5f3b0c1c5181eae5,361013f5,PRESERVED_IN_COMPLETE_ARCHIVE
WL-REC-0035,WL-REC-0035,docs/history/owner-inputs/record-20261009/WORK-LAB-HISTORICAL-RECORDS-20261009.zip,originals/WORK-LAB_MASTER_ATLAS_2026-09-29.zip ! WORK-LAB_MASTER_ATLAS_2026-09-29/sources/Workflow-assistance_Visualization_Audit_TaskPack_v2.0.zip ! Workflow-assistance_Visualization_Audit_TaskPack_v2.0/03_PRODUCT_DEFINITION.md,sha256:6f9848e7f24e70206138c1b12ab55cdbfdf46734abc5ebb939c3054aefd40969,3990,6f9848e7f24e70206138c1b12ab55cdbfdf46734abc5ebb939c3054aefd40969,91a77d09,PRESERVED_IN_COMPLETE_ARCHIVE
WL-REC-0035,WL-REC-0035,docs/history/owner-inputs/record-20261009/WORK-LAB-HISTORICAL-RECORDS-20261009.zip,originals/WORK-LAB_MASTER_ATLAS_2026-09-29.zip ! WORK-LAB_MASTER_ATLAS_2026-09-29/sources/Workflow-assistance_Visualization_Audit_TaskPack_v2.0.zip ! Workflow-assistance_Visualization_Audit_TaskPack_v2.0/07_MASTER_HERMES_TASKPACK_V2.md,sha256:4be9d7e0012ef2a755f970e96fd9eaffb39697f5780605d59d8c5969de436533,9285,4be9d7e0012ef2a755f970e96fd9eaffb39697f5780605d59d8c5969de436533,e2e7efe4,PRESERVED_IN_COMPLETE_ARCHIVE
WL-REC-0035,WL-REC-0035,docs/history/owner-inputs/record-20261009/WORK-LAB-HISTORICAL-RECORDS-20261009.zip,originals/WORK-LAB_MASTER_ATLAS_2026-09-29.zip ! WORK-LAB_MASTER_ATLAS_2026-09-29/sources/Workflow-assistance_Visualization_Audit_TaskPack_v2.0.zip ! Workflow-assistance_Visualization_Audit_TaskPack_v2.0/01_CONVERSATION_AND_DECISIONS.md,sha256:f7f14c9ad7d05a8e5d6e0cfda6da014e56e0c27824206bcab260ab9f45024e1f,3676,f7f14c9ad7d05a8e5d6e0cfda6da014e56e0c27824206bcab260ab9f45024e1f,5fc0dea4,PRESERVED_IN_COMPLETE_ARCHIVE
WL-REC-0035,WL-REC-0035,docs/history/owner-inputs/record-20261009/WORK-LAB-HISTORICAL-RECORDS-20261009.zip,originals/WORK-LAB_MASTER_ATLAS_2026-09-29.zip ! WORK-LAB_MASTER_ATLAS_2026-09-29/sources/Workflow-assistance_Visualization_Audit_TaskPack_v2.0.zip ! Workflow-assistance_Visualization_Audit_TaskPack_v2.0/04_REUSE_AND_LICENSE_PLAN.md,sha256:bdc9f3c450d1a53a68631fc2ecd4427d016175bd0bf55a57cbb82b1ee2e3492f,3398,bdc9f3c450d1a53a68631fc2ecd4427d016175bd0bf55a57cbb82b1ee2e3492f,373d356b,PRESERVED_IN_COMPLETE_ARCHIVE
WL-REC-0035,WL-REC-0035,docs/history/owner-inputs/record-20261009/WORK-LAB-HISTORICAL-RECORDS-20261009.zip,originals/WORK-LAB_MASTER_ATLAS_2026-09-29.zip ! WORK-LAB_MASTER_ATLAS_2026-09-29/sources/Workflow-assistance_Visualization_Audit_TaskPack_v2.0.zip ! Workflow-assistance_Visualization_Audit_TaskPack_v2.0/tasks/task-cards.json,sha256:959725e0e0c8987f975297da5bbd86a5cb932a4ab1bb63717c4199c8fff900d2,9127,959725e0e0c8987f975297da5bbd86a5cb932a4ab1bb63717c4199c8fff900d2,3464797c,PRESERVED_IN_COMPLETE_ARCHIVE
WL-REC-0035,WL-REC-0035,docs/history/owner-inputs/record-20261009/WORK-LAB-HISTORICAL-RECORDS-20261009.zip,originals/WORK-LAB_MASTER_ATLAS_2026-09-29.zip ! WORK-LAB_MASTER_ATLAS_2026-09-29/sources/Workflow-assistance_Visualization_Audit_TaskPack_v2.0.zip ! Workflow-assistance_Visualization_Audit_TaskPack_v2.0/09_SOURCES.md,sha256:6dfd9804d83a5f980e698d5a7b8b2ed1bc873e66cfcba0187121defd971eeb89,2062,6dfd9804d83a5f980e698d5a7b8b2ed1bc873e66cfcba0187121defd971eeb89,f6df4534,PRESERVED_IN_COMPLETE_ARCHIVE
WL-REC-0035,WL-REC-0035,docs/history/owner-inputs/record-20261009/WORK-LAB-HISTORICAL-RECORDS-20261009.zip,originals/WORK-LAB_MASTER_ATLAS_2026-09-29.zip ! WORK-LAB_MASTER_ATLAS_2026-09-29/sources/Workflow-assistance_Visualization_Audit_TaskPack_v2.0.zip ! Workflow-assistance_Visualization_Audit_TaskPack_v2.0/06_IMPLEMENTATION_ROADMAP.md,sha256:82e567a14b6ec3f329454ae556c0bff1bd133b4881c647676a33b87cacded1c3,4106,82e567a14b6ec3f329454ae556c0bff1bd133b4881c647676a33b87cacded1c3,5ee4448b,PRESERVED_IN_COMPLETE_ARCHIVE
WL-REC-0035,WL-REC-0035,docs/history/owner-inputs/record-20261009/WORK-LAB-HISTORICAL-RECORDS-20261009.zip,originals/WORK-LAB_MASTER_ATLAS_2026-09-29.zip ! WORK-LAB_MASTER_ATLAS_2026-09-29/sources/Workflow-assistance_Visualization_Audit_TaskPack_v2.0.zip ! Workflow-assistance_Visualization_Audit_TaskPack_v2.0/00_README.md,sha256:93ade9402ab481a70a65a673c773390ea95a56bddf75c9d2919913677f20f472,2810,93ade9402ab481a70a65a673c773390ea95a56bddf75c9d2919913677f20f472,a68e15cb,PRESERVED_IN_COMPLETE_ARCHIVE
WL-REC-0035,WL-REC-0035,docs/history/owner-inputs/record-20261009/WORK-LAB-HISTORICAL-RECORDS-20261009.zip,originals/WORK-LAB_MASTER_ATLAS_2026-09-29.zip ! WORK-LAB_MASTER_ATLAS_2026-09-29/sources/Workflow-assistance_Visualization_Audit_TaskPack_v2.0.zip ! Workflow-assistance_Visualization_Audit_TaskPack_v2.0/05_TARGET_ARCHITECTURE.md,sha256:f969562c46d9fe2377e5fcc8ad9646e0ec6b8cc2721d54ea960f499f3517ae21,3709,f969562c46d9fe2377e5fcc8ad9646e0ec6b8cc2721d54ea960f499f3517ae21,2063c940,PRESERVED_IN_COMPLETE_ARCHIVE
WL-REC-0035,WL-REC-0035,docs/history/owner-inputs/record-20261009/WORK-LAB-HISTORICAL-RECORDS-20261009.zip,originals/WORK-LAB_MASTER_ATLAS_2026-09-29.zip ! WORK-LAB_MASTER_ATLAS_2026-09-29/sources/alias-recovery/05-PRIOR-SOFTWARE-AUDIT.md,sha256:7118047fde75cff3593acf2a2ba0dcca1218c06d448507a372b6d2b32f812e61,23816,7118047fde75cff3593acf2a2ba0dcca1218c06d448507a372b6d2b32f812e61,5fe17783,PRESERVED_IN_COMPLETE_ARCHIVE
WL-REC-0035,WL-REC-0035,docs/history/owner-inputs/record-20261009/WORK-LAB-HISTORICAL-RECORDS-20261009.zip,originals/WORK-LAB_MASTER_ATLAS_2026-09-29.zip ! WORK-LAB_MASTER_ATLAS_2026-09-29/sources/alias-recovery/DSH_TRI_PROJECT_FULL_TASKPACK_2026-08-19.md,sha256:060fec63c82730bbabb866596612987ff5ce66c8c494b8fe41e4d0696cf0a382,31053,060fec63c82730bbabb866596612987ff5ce66c8c494b8fe41e4d0696cf0a382,85b2e8af,PRESERVED_IN_COMPLETE_ARCHIVE
WL-REC-0035,WL-REC-0035,docs/history/owner-inputs/record-20261009/WORK-LAB-HISTORICAL-RECORDS-20261009.zip,originals/WORK-LAB_MASTER_ATLAS_2026-09-29.zip ! WORK-LAB_MASTER_ATLAS_2026-09-29/sources/alias-recovery/EVIDENCE-INDEX.json,sha256:45581c186c0f54bded419a1737ac38d413966e5ec234104f1d9ea9caf36b4c07,7092,45581c186c0f54bded419a1737ac38d413966e5ec234104f1d9ea9caf36b4c07,df15851d,PRESERVED_IN_COMPLETE_ARCHIVE
WL-REC-0035,WL-REC-0035,docs/history/owner-inputs/record-20261009/WORK-LAB-HISTORICAL-RECORDS-20261009.zip,originals/WORK-LAB_MASTER_ATLAS_2026-09-29.zip ! WORK-LAB_MASTER_ATLAS_2026-09-29/sources/alias-recovery/HERMES_AGENT_extension_catalog_2026-08-27.json,sha256:e1b38bf98165e557b87c825ed6e95d9d722b72092dcae1852b4be61c3e403df0,16663,e1b38bf98165e557b87c825ed6e95d9d722b72092dcae1852b4be61c3e403df0,216c548c,PRESERVED_IN_COMPLETE_ARCHIVE
WL-REC-0035,WL-REC-0035,docs/history/owner-inputs/record-20261009/WORK-LAB-HISTORICAL-RECORDS-20261009.zip,originals/WORK-LAB_MASTER_ATLAS_2026-09-29.zip ! WORK-LAB_MASTER_ATLAS_2026-09-29/sources/alias-recovery/HERMES_AGENT_新版插件技能与UI皮肤全量调研_2026-08-27.md,sha256:ebc6ea3bec2d6ad30abb7588b0184ca0872190374a8c2877b8fdab0ba8f0066a,23410,ebc6ea3bec2d6ad30abb7588b0184ca0872190374a8c2877b8fdab0ba8f0066a,b22892fd,PRESERVED_IN_COMPLETE_ARCHIVE
WL-REC-0035,WL-REC-0035,docs/history/owner-inputs/record-20261009/WORK-LAB-HISTORICAL-RECORDS-20261009.zip,originals/WORK-LAB_MASTER_ATLAS_2026-09-29.zip ! WORK-LAB_MASTER_ATLAS_2026-09-29/sources/alias-recovery/THREE-PROJECT-OSS-REUSE-FAST-TRACK-2026-08-26.md,sha256:56cc79dbb51cbd25dfc2d42cb6a8aa2b9c980ecc38f52f469ff53ee7f492204e,29778,56cc79dbb51cbd25dfc2d42cb6a8aa2b9c980ecc38f52f469ff53ee7f492204e,655b6a2b,PRESERVED_IN_COMPLETE_ARCHIVE
WL-REC-0035,WL-REC-0035,docs/history/owner-inputs/record-20261009/WORK-LAB-HISTORICAL-RECORDS-20261009.zip,originals/WORK-LAB_MASTER_ATLAS_2026-09-29.zip ! WORK-LAB_MASTER_ATLAS_2026-09-29/sources/alias-recovery/WORK-LAB/粘贴的 markdown (1)。md(2),sha256:b315ac4d8677b3bd20e4391eb335e8151a5fd2bacab76244e33b6ec3017f48d0,27597,b315ac4d8677b3bd20e4391eb335e8151a5fd2bacab76244e33b6ec3017f48d0,37d59702,PRESERVED_IN_COMPLETE_ARCHIVE
WL-REC-0035,WL-REC-0035,docs/history/owner-inputs/record-20261009/WORK-LAB-HISTORICAL-RECORDS-20261009.zip,originals/WORK-LAB_MASTER_ATLAS_2026-09-29.zip ! WORK-LAB_MASTER_ATLAS_2026-09-29/sources/alias-recovery/摘要,sha256:fc9ba18d898d275c1f645c24a484f72a94d08ee79996a9b82320b90ad5f97869,67367,fc9ba18d898d275c1f645c24a484f72a94d08ee79996a9b82320b90ad5f97869,b8803f54,PRESERVED_IN_COMPLETE_ARCHIVE
WL-REC-0035,WL-REC-0035,docs/history/owner-inputs/record-20261009/WORK-LAB-HISTORICAL-RECORDS-20261009.zip,originals/WORK-LAB_MASTER_ATLAS_2026-09-29.zip ! WORK-LAB_MASTER_ATLAS_2026-09-29/sources/alias-recovery/粘贴的 markdown (1)。md(2),sha256:66b8c8d980792409cd5db255e23f29cfa8830d844ada7902a52ad9407e6e8e1e,43975,66b8c8d980792409cd5db255e23f29cfa8830d844ada7902a52ad9407e6e8e1e,86e695d2,PRESERVED_IN_COMPLETE_ARCHIVE
WL-REC-0035,WL-REC-0035,docs/history/owner-inputs/record-20261009/WORK-LAB-HISTORICAL-RECORDS-20261009.zip,originals/WORK-LAB_MASTER_ATLAS_2026-09-29.zip ! WORK-LAB_MASTER_ATLAS_2026-09-29/sources/work-lab_L8_React_TypeScript_可运行原型.zip,sha256:4ca000e0c4bf371acc9d89fbcace5bc163304e76812fc509edd018e8ac555fec,9963,4ca000e0c4bf371acc9d89fbcace5bc163304e76812fc509edd018e8ac555fec,8f06d2da,PRESERVED_IN_COMPLETE_ARCHIVE
WL-REC-0035,WL-REC-0035,docs/history/owner-inputs/record-20261009/WORK-LAB-HISTORICAL-RECORDS-20261009.zip,originals/WORK-LAB_MASTER_ATLAS_2026-09-29.zip ! WORK-LAB_MASTER_ATLAS_2026-09-29/sources/work-lab_L8_React_TypeScript_可运行原型.zip ! app/package.json,sha256:457debdbfaf05c15dd29499f2d5e59083c757e5af741fa75d171b02ff916fb83,479,457debdbfaf05c15dd29499f2d5e59083c757e5af741fa75d171b02ff916fb83,3c08d53d,PRESERVED_IN_COMPLETE_ARCHIVE
WL-REC-0035,WL-REC-0035,docs/history/owner-inputs/record-20261009/WORK-LAB-HISTORICAL-RECORDS-20261009.zip,originals/WORK-LAB_MASTER_ATLAS_2026-09-29.zip ! WORK-LAB_MASTER_ATLAS_2026-09-29/sources/work-lab_L8_React_TypeScript_可运行原型.zip ! app/README.md,sha256:5f200820be7cdadf0a36df1e44d364fa1972bbb7a76a15050f6f224c969d8a83,223,5f200820be7cdadf0a36df1e44d364fa1972bbb7a76a15050f6f224c969d8a83,fba181d2,PRESERVED_IN_COMPLETE_ARCHIVE
WL-REC-0035,WL-REC-0035,docs/history/owner-inputs/record-20261009/WORK-LAB-HISTORICAL-RECORDS-20261009.zip,originals/WORK-LAB_MASTER_ATLAS_2026-09-29.zip ! WORK-LAB_MASTER_ATLAS_2026-09-29/sources/work-lab_L8_React_TypeScript_可运行原型.zip ! app/vite.config.ts,sha256:3a8c7b7acf511961c0cda555c2eb6a3d63e18f493fe2bc6d4bd44a2a56b8d53c,129,3a8c7b7acf511961c0cda555c2eb6a3d63e18f493fe2bc6d4bd44a2a56b8d53c,9af5d420,PRESERVED_IN_COMPLETE_ARCHIVE
WL-REC-0035,WL-REC-0035,docs/history/owner-inputs/record-20261009/WORK-LAB-HISTORICAL-RECORDS-20261009.zip,originals/WORK-LAB_MASTER_ATLAS_2026-09-29.zip ! WORK-LAB_MASTER_ATLAS_2026-09-29/sources/work-lab_L8_React_TypeScript_可运行原型.zip ! app/tsconfig.json,sha256:f7bc931f6bcc67723247a6a8524471e33c7bb1ac826083d9617ca582a4da0d39,467,f7bc931f6bcc67723247a6a8524471e33c7bb1ac826083d9617ca582a4da0d39,b870da3f,PRESERVED_IN_COMPLETE_ARCHIVE
WL-REC-0035,WL-REC-0035,docs/history/owner-inputs/record-20261009/WORK-LAB-HISTORICAL-RECORDS-20261009.zip,originals/WORK-LAB_MASTER_ATLAS_2026-09-29.zip ! WORK-LAB_MASTER_ATLAS_2026-09-29/sources/work-lab_L8_React_TypeScript_可运行原型.zip ! app/index.html,sha256:0f32579c166d224982791277149acd16c5d0941c169f6cc8025ee4c1f5881260,259,0f32579c166d224982791277149acd16c5d0941c169f6cc8025ee4c1f5881260,9259663d,PRESERVED_IN_COMPLETE_ARCHIVE
WL-REC-0035,WL-REC-0035,docs/history/owner-inputs/record-20261009/WORK-LAB-HISTORICAL-RECORDS-20261009.zip,originals/WORK-LAB_MASTER_ATLAS_2026-09-29.zip ! WORK-LAB_MASTER_ATLAS_2026-09-29/sources/work-lab_L8_React_TypeScript_可运行原型.zip ! app/static-preview.html,sha256:2cf657c2086da595361158d84aaa5ab58e07c5ecfd364af3e8ed0dc4df26a8fd,2152,2cf657c2086da595361158d84aaa5ab58e07c5ecfd364af3e8ed0dc4df26a8fd,cc49887f,PRESERVED_IN_COMPLETE_ARCHIVE
WL-REC-0035,WL-REC-0035,docs/history/owner-inputs/record-20261009/WORK-LAB-HISTORICAL-RECORDS-20261009.zip,originals/WORK-LAB_MASTER_ATLAS_2026-09-29.zip ! WORK-LAB_MASTER_ATLAS_2026-09-29/sources/work-lab_L8_React_TypeScript_可运行原型.zip ! app/src/main.tsx,sha256:799bbff94dba2aa3742c232c3b3a4081b052f839c7f19039f8941cd2acbaa702,218,799bbff94dba2aa3742c232c3b3a4081b052f839c7f19039f8941cd2acbaa702,d38cba75,PRESERVED_IN_COMPLETE_ARCHIVE
WL-REC-0035,WL-REC-0035,docs/history/owner-inputs/record-20261009/WORK-LAB-HISTORICAL-RECORDS-20261009.zip,originals/WORK-LAB_MASTER_ATLAS_2026-09-29.zip ! WORK-LAB_MASTER_ATLAS_2026-09-29/sources/work-lab_L8_React_TypeScript_可运行原型.zip ! app/src/config.ts,sha256:a0e09d3934393cccd884d91421ba16d0c1c509f76bb82a380ffd09f18e6a793a,1065,a0e09d3934393cccd884d91421ba16d0c1c509f76bb82a380ffd09f18e6a793a,85d97c3d,PRESERVED_IN_COMPLETE_ARCHIVE
WL-REC-0035,WL-REC-0035,docs/history/owner-inputs/record-20261009/WORK-LAB-HISTORICAL-RECORDS-20261009.zip,originals/WORK-LAB_MASTER_ATLAS_2026-09-29.zip ! WORK-LAB_MASTER_ATLAS_2026-09-29/sources/work-lab_L8_React_TypeScript_可运行原型.zip ! app/src/styles.css,sha256:5a644058347478685bf1837f59bf3d51081c5d4f57e99762c68cc65e2d693ad1,4878,5a644058347478685bf1837f59bf3d51081c5d4f57e99762c68cc65e2d693ad1,dfaa2525,PRESERVED_IN_COMPLETE_ARCHIVE
WL-REC-0035,WL-REC-0035,docs/history/owner-inputs/record-20261009/WORK-LAB-HISTORICAL-RECORDS-20261009.zip,originals/WORK-LAB_MASTER_ATLAS_2026-09-29.zip ! WORK-LAB_MASTER_ATLAS_2026-09-29/sources/work-lab_L8_React_TypeScript_可运行原型.zip ! app/src/App.tsx,sha256:e380f26d143cb1310babc83961222f590470658d8234caca45c0028c4425fc24,4547,e380f26d143cb1310babc83961222f590470658d8234caca45c0028c4425fc24,e7543dd1,PRESERVED_IN_COMPLETE_ARCHIVE
WL-REC-0035,WL-REC-0035,docs/history/owner-inputs/record-20261009/WORK-LAB-HISTORICAL-RECORDS-20261009.zip,originals/WORK-LAB_MASTER_ATLAS_2026-09-29.zip ! WORK-LAB_MASTER_ATLAS_2026-09-29/sources/work-lab_L8_React_TypeScript_可运行原型.zip ! packages/ui-core/package.json,sha256:b6d39f5ff36c3af9b30136eeea8a541065092fc62648b9ddcb51a2315577d0bb,117,b6d39f5ff36c3af9b30136eeea8a541065092fc62648b9ddcb51a2315577d0bb,ab125f82,PRESERVED_IN_COMPLETE_ARCHIVE
WL-REC-0035,WL-REC-0035,docs/history/owner-inputs/record-20261009/WORK-LAB-HISTORICAL-RECORDS-20261009.zip,originals/WORK-LAB_MASTER_ATLAS_2026-09-29.zip ! WORK-LAB_MASTER_ATLAS_2026-09-29/sources/work-lab_L8_React_TypeScript_可运行原型.zip ! packages/ui-core/src/types.ts,sha256:e1dd2f3bbceb3a44cf4a95e0b6ee198cb98242ca5005b97918c398672efc18b1,279,e1dd2f3bbceb3a44cf4a95e0b6ee198cb98242ca5005b97918c398672efc18b1,7020754d,PRESERVED_IN_COMPLETE_ARCHIVE
WL-REC-0035,WL-REC-0035,docs/history/owner-inputs/record-20261009/WORK-LAB-HISTORICAL-RECORDS-20261009.zip,originals/WORK-LAB_MASTER_ATLAS_2026-09-29.zip ! WORK-LAB_MASTER_ATLAS_2026-09-29/sources/work-lab_L8_React_TypeScript_可运行原型.zip ! packages/ui-core/src/components.tsx,sha256:216cb24c201eaaf794bd1681c649e869009f5c4179b11182355f4333a88f9792,4360,216cb24c201eaaf794bd1681c649e869009f5c4179b11182355f4333a88f9792,e42929fe,PRESERVED_IN_COMPLETE_ARCHIVE
WL-REC-0035,WL-REC-0035,docs/history/owner-inputs/record-20261009/WORK-LAB-HISTORICAL-RECORDS-20261009.zip,originals/WORK-LAB_MASTER_ATLAS_2026-09-29.zip ! WORK-LAB_MASTER_ATLAS_2026-09-29/sources/work-lab_L8_React_TypeScript_可运行原型.zip ! packages/ui-core/src/index.ts,sha256:613c3ed3884afc674f1caa097f700b76169d2741ee82bf64733851dec9c373e8,55,613c3ed3884afc674f1caa097f700b76169d2741ee82bf64733851dec9c373e8,0e808cc8,PRESERVED_IN_COMPLETE_ARCHIVE
WL-REC-0035,WL-REC-0035,docs/history/owner-inputs/record-20261009/WORK-LAB-HISTORICAL-RECORDS-20261009.zip,originals/WORK-LAB_MASTER_ATLAS_2026-09-29.zip ! WORK-LAB_MASTER_ATLAS_2026-09-29/sources/work-lab_L8_React_TypeScript_可运行原型.zip ! VISUAL_GOVERNANCE.md,sha256:04a3397dc11dff798a01c8f7246de15f973694616fe66c30ec7216b4e0d478db,274,04a3397dc11dff798a01c8f7246de15f973694616fe66c30ec7216b4e0d478db,762b0bfc,PRESERVED_IN_COMPLETE_ARCHIVE
WL-REC-0035,WL-REC-0035,docs/history/owner-inputs/record-20261009/WORK-LAB-HISTORICAL-RECORDS-20261009.zip,originals/WORK-LAB_MASTER_ATLAS_2026-09-29.zip ! WORK-LAB_MASTER_ATLAS_2026-09-29/sources/work-lab_L9_交互式真实Demo.zip,sha256:407e669861a1e164d83ce33bae85f8defbc78b40f067ccebdabc09993a916481,7070,407e669861a1e164d83ce33bae85f8defbc78b40f067ccebdabc09993a916481,1aaa89ad,PRESERVED_IN_COMPLETE_ARCHIVE
WL-REC-0035,WL-REC-0035,docs/history/owner-inputs/record-20261009/WORK-LAB-HISTORICAL-RECORDS-20261009.zip,originals/WORK-LAB_MASTER_ATLAS_2026-09-29.zip ! WORK-LAB_MASTER_ATLAS_2026-09-29/sources/work-lab_L9_交互式真实Demo.zip ! 打开交互演示_Windows.bat,sha256:b9a9f5681b92f96c67c46a2bbd88fc779b3e81bfc5ffae6c2b945dc5cebd8489,50,b9a9f5681b92f96c67c46a2bbd88fc779b3e81bfc5ffae6c2b945dc5cebd8489,3c5855ff,PRESERVED_IN_COMPLETE_ARCHIVE
WL-REC-0035,WL-REC-0035,docs/history/owner-inputs/record-20261009/WORK-LAB-HISTORICAL-RECORDS-20261009.zip,originals/WORK-LAB_MASTER_ATLAS_2026-09-29.zip ! WORK-LAB_MASTER_ATLAS_2026-09-29/sources/work-lab_L9_交互式真实Demo.zip ! README.md,sha256:8794287d89ebc2905e5566f48e60c71a6258b9de9063c440a5f638143a8551ee,405,8794287d89ebc2905e5566f48e60c71a6258b9de9063c440a5f638143a8551ee,c2c11683,PRESERVED_IN_COMPLETE_ARCHIVE
WL-REC-0035,WL-REC-0035,docs/history/owner-inputs/record-20261009/WORK-LAB-HISTORICAL-RECORDS-20261009.zip,originals/WORK-LAB_MASTER_ATLAS_2026-09-29.zip ! WORK-LAB_MASTER_ATLAS_2026-09-29/sources/work-lab_L9_交互式真实Demo.zip ! interactive-demo.html,sha256:c7cfded2397eedf1177aacf2796d21e554fbfd6f73f78b5eace693b67b2cc7b8,19428,c7cfded2397eedf1177aacf2796d21e554fbfd6f73f78b5eace693b67b2cc7b8,01890d35,PRESERVED_IN_COMPLETE_ARCHIVE
WL-REC-0035,WL-REC-0035,docs/history/owner-inputs/record-20261009/WORK-LAB-HISTORICAL-RECORDS-20261009.zip,originals/WORK-LAB_MASTER_ATLAS_2026-09-29.zip ! WORK-LAB_MASTER_ATLAS_2026-09-29/sources/三项目 AI 原生桌面工作台与运行闭环研究报告,sha256:d262d177c069eac416199828678baf071294d5841f014018926d5e92c44bd11c,777580,d262d177c069eac416199828678baf071294d5841f014018926d5e92c44bd11c,a27c08f8,PRESERVED_IN_COMPLETE_ARCHIVE
WL-REC-0035,WL-REC-0035,docs/history/owner-inputs/record-20261009/WORK-LAB-HISTORICAL-RECORDS-20261009.zip,originals/WORK-LAB_MASTER_ATLAS_2026-09-29.zip ! WORK-LAB_MASTER_ATLAS_2026-09-29/sources/三项目定位、总体蓝图与 DSH 闭环架构研究报告,sha256:ff009a6d14acc401e0d33695a8261fd6fce7616e59fd05fc0415e35097707943,271359,ff009a6d14acc401e0d33695a8261fd6fce7616e59fd05fc0415e35097707943,b4363b9b,PRESERVED_IN_COMPLETE_ARCHIVE
WL-REC-0036,WL-REC-0036,docs/history/owner-inputs/record-20261009/WORK-LAB-HISTORICAL-RECORDS-20261009.zip,originals/WORK-LAB_UI_FRONTEND_TASKPACK_20260930.zip ! WORK-LAB_新会话接手提示词.md,sha256:6b7c62d8db4f0bece7c92d4b105556ac0aa01bcdf1e84504cf4ff899021bc5a8,1481,6b7c62d8db4f0bece7c92d4b105556ac0aa01bcdf1e84504cf4ff899021bc5a8,45258647,PRESERVED_IN_COMPLETE_ARCHIVE
WL-REC-0036,WL-REC-0036,docs/history/owner-inputs/record-20261009/WORK-LAB-HISTORICAL-RECORDS-20261009.zip,originals/WORK-LAB_UI_FRONTEND_TASKPACK_20260930.zip ! WORK-LAB_超级入口商业级UI前端任务包.md,sha256:1873a06ea1a125568fda395f3156026672cb3aaf88b82242bc186e0386352903,13312,1873a06ea1a125568fda395f3156026672cb3aaf88b82242bc186e0386352903,23489d99,PRESERVED_IN_COMPLETE_ARCHIVE
WL-REC-0037,WL-REC-0037,docs/history/owner-inputs/20261009/WORK-LAB_UI前端更新任务包_20261009.zip,WORK-LAB_UI_20261009/00_先读我.md,sha256:0c541ad2c4308a35ce89009b7a449734bc77293f95c3847936df8432490b67c4,2897,0c541ad2c4308a35ce89009b7a449734bc77293f95c3847936df8432490b67c4,f2db894a,PRESERVED_IN_COMPLETE_ARCHIVE
WL-REC-0037,WL-REC-0037,docs/history/owner-inputs/20261009/WORK-LAB_UI前端更新任务包_20261009.zip,WORK-LAB_UI_20261009/01_UI前端任务书.md,sha256:335ed200090fe50016006d54eab4891110453b54cb8781d33d62148f55bf56c7,6334,335ed200090fe50016006d54eab4891110453b54cb8781d33d62148f55bf56c7,28fc6ef6,PRESERVED_IN_COMPLETE_ARCHIVE
WL-REC-0037,WL-REC-0037,docs/history/owner-inputs/20261009/WORK-LAB_UI前端更新任务包_20261009.zip,WORK-LAB_UI_20261009/02_AGENT执行提示词.md,sha256:0eb85f498964f70acb26bdf1ccc71e55e868ddc162d79babc2033239bb98fcbd,5030,0eb85f498964f70acb26bdf1ccc71e55e868ddc162d79babc2033239bb98fcbd,4c57e49c,PRESERVED_IN_COMPLETE_ARCHIVE
WL-REC-0037,WL-REC-0037,docs/history/owner-inputs/20261009/WORK-LAB_UI前端更新任务包_20261009.zip,WORK-LAB_UI_20261009/MANIFEST.json,sha256:ef732bb83b96b79e2bd47ee2cda4cfc4ff4eb33bf6d3a3d98b3008a8ffb5c197,49123,ef732bb83b96b79e2bd47ee2cda4cfc4ff4eb33bf6d3a3d98b3008a8ffb5c197,1ac147d0,PRESERVED_IN_COMPLETE_ARCHIVE
WL-REC-0037,WL-REC-0037,docs/history/owner-inputs/20261009/WORK-LAB_UI前端更新任务包_20261009.zip,WORK-LAB_UI_20261009/SOURCE_MANIFEST.json,sha256:4dc57f29c03c3979e098a36ab212d7f18cd764bd75c4628d11c51678c82a84d6,1450,4dc57f29c03c3979e098a36ab212d7f18cd764bd75c4628d11c51678c82a84d6,3a1a848a,PRESERVED_IN_COMPLETE_ARCHIVE
WL-REC-0037,WL-REC-0037,docs/history/owner-inputs/20261009/WORK-LAB_UI前端更新任务包_20261009.zip,WORK-LAB_UI_20261009/assets/fonts/DejaVuSans-Bold.ttf,sha256:5c1247acef7f2b8522a31742c76d6adcb5569bacc0be7ceaa4dc39dd252ce895,708920,5c1247acef7f2b8522a31742c76d6adcb5569bacc0be7ceaa4dc39dd252ce895,7a9ea8e8,PRESERVED_IN_COMPLETE_ARCHIVE
WL-REC-0037,WL-REC-0037,docs/history/owner-inputs/20261009/WORK-LAB_UI前端更新任务包_20261009.zip,WORK-LAB_UI_20261009/assets/fonts/DejaVuSans.ttf,sha256:ae7b7855e115a5966d8b1b3f80f254ccc117ec86f9965e202ee2940453837280,759720,ae7b7855e115a5966d8b1b3f80f254ccc117ec86f9965e202ee2940453837280,611423b6,PRESERVED_IN_COMPLETE_ARCHIVE
WL-REC-0037,WL-REC-0037,docs/history/owner-inputs/20261009/WORK-LAB_UI前端更新任务包_20261009.zip,WORK-LAB_UI_20261009/assets/fonts/DejaVu_LICENSE.txt,sha256:63d3ba759d12804c5b31a9d5940d855c1820d1f5999e6b0872eb1c7ff045fbc9,3859,63d3ba759d12804c5b31a9d5940d855c1820d1f5999e6b0872eb1c7ff045fbc9,436bd13d,PRESERVED_IN_COMPLETE_ARCHIVE
WL-REC-0037,WL-REC-0037,docs/history/owner-inputs/20261009/WORK-LAB_UI前端更新任务包_20261009.zip,WORK-LAB_UI_20261009/assets/icons/alert.svg,sha256:1b12314761892e6a72d6f7fb31447c2505b2affc693745cd24233d35f456f0f7,232,1b12314761892e6a72d6f7fb31447c2505b2affc693745cd24233d35f456f0f7,f4b74e12,PRESERVED_IN_COMPLETE_ARCHIVE
WL-REC-0037,WL-REC-0037,docs/history/owner-inputs/20261009/WORK-LAB_UI前端更新任务包_20261009.zip,WORK-LAB_UI_20261009/assets/icons/arrow.svg,sha256:6fcd4993fd38a742871e6b0b681dae314ab740fbe2a4d40a0d4bfdc645847268,211,6fcd4993fd38a742871e6b0b681dae314ab740fbe2a4d40a0d4bfdc645847268,a1e79902,PRESERVED_IN_COMPLETE_ARCHIVE
WL-REC-0037,WL-REC-0037,docs/history/owner-inputs/20261009/WORK-LAB_UI前端更新任务包_20261009.zip,WORK-LAB_UI_20261009/assets/icons/assets.svg,sha256:37fbd302249520ebc149f840333ea2b91818f9c98043e5d05312f8b355fca27e,247,37fbd302249520ebc149f840333ea2b91818f9c98043e5d05312f8b355fca27e,6b77e033,PRESERVED_IN_COMPLETE_ARCHIVE
WL-REC-0037,WL-REC-0037,docs/history/owner-inputs/20261009/WORK-LAB_UI前端更新任务包_20261009.zip,WORK-LAB_UI_20261009/assets/icons/branch.svg,sha256:10b0644403af87d93aea75c89ef1c9cc632120b1d5287887e775ea599572ee68,234,10b0644403af87d93aea75c89ef1c9cc632120b1d5287887e775ea599572ee68,73487fca,PRESERVED_IN_COMPLETE_ARCHIVE
WL-REC-0037,WL-REC-0037,docs/history/owner-inputs/20261009/WORK-LAB_UI前端更新任务包_20261009.zip,WORK-LAB_UI_20261009/assets/icons/check.svg,sha256:8b43763eeefcc67f1b4acdd357a9ee3f8edac402caa6bf5563797223ef0da574,193,8b43763eeefcc67f1b4acdd357a9ee3f8edac402caa6bf5563797223ef0da574,d9df184b,PRESERVED_IN_COMPLETE_ARCHIVE
WL-REC-0037,WL-REC-0037,docs/history/owner-inputs/20261009/WORK-LAB_UI前端更新任务包_20261009.zip,WORK-LAB_UI_20261009/assets/icons/clock.svg,sha256:dd987b04083f278011e978fc39da845d3b5628c243f1453d8a4547f229728b21,241,dd987b04083f278011e978fc39da845d3b5628c243f1453d8a4547f229728b21,c90ac843,PRESERVED_IN_COMPLETE_ARCHIVE
WL-REC-0037,WL-REC-0037,docs/history/owner-inputs/20261009/WORK-LAB_UI前端更新任务包_20261009.zip,WORK-LAB_UI_20261009/assets/icons/copy.svg,sha256:a5d016496db2c6de5c71d0dcaca275cb28a3a849a8ebd1c45e590fa71ce3c8b5,217,a5d016496db2c6de5c71d0dcaca275cb28a3a849a8ebd1c45e590fa71ce3c8b5,e1333a25,PRESERVED_IN_COMPLETE_ARCHIVE
WL-REC-0037,WL-REC-0037,docs/history/owner-inputs/20261009/WORK-LAB_UI前端更新任务包_20261009.zip,WORK-LAB_UI_20261009/assets/icons/disconnect.svg,sha256:84dc1e849d8deb9a2222748a2c509d0534b5e71bd11011b8d9126915a539a133,240,84dc1e849d8deb9a2222748a2c509d0534b5e71bd11011b8d9126915a539a133,93b0a7f7,PRESERVED_IN_COMPLETE_ARCHIVE
WL-REC-0037,WL-REC-0037,docs/history/owner-inputs/20261009/WORK-LAB_UI前端更新任务包_20261009.zip,WORK-LAB_UI_20261009/assets/icons/download.svg,sha256:947a3be1a9913dc1a871b386e2ba166875d639165e3806d5207c93515cb84294,236,947a3be1a9913dc1a871b386e2ba166875d639165e3806d5207c93515cb84294,72b4d7b3,PRESERVED_IN_COMPLETE_ARCHIVE
WL-REC-0037,WL-REC-0037,docs/history/owner-inputs/20261009/WORK-LAB_UI前端更新任务包_20261009.zip,WORK-LAB_UI_20261009/assets/icons/expand.svg,sha256:2a09cdbd54c6dbaf20681a83d5f1a1630164fb9d8cb8303521eef1c4b03cc92a,252,2a09cdbd54c6dbaf20681a83d5f1a1630164fb9d8cb8303521eef1c4b03cc92a,60c0abd6,PRESERVED_IN_COMPLETE_ARCHIVE
WL-REC-0037,WL-REC-0037,docs/history/owner-inputs/20261009/WORK-LAB_UI前端更新任务包_20261009.zip,WORK-LAB_UI_20261009/assets/icons/eye.svg,sha256:39201f15dc911c297eda40679e9573b764a325218f8be533ccc17472a5fc1be0,268,39201f15dc911c297eda40679e9573b764a325218f8be533ccc17472a5fc1be0,6ddf0484,PRESERVED_IN_COMPLETE_ARCHIVE
WL-REC-0037,WL-REC-0037,docs/history/owner-inputs/20261009/WORK-LAB_UI前端更新任务包_20261009.zip,WORK-LAB_UI_20261009/assets/icons/filter.svg,sha256:5c862d28d119c2f11f7fea85cbbc337253e9009c8e11489e7eb9ec8c12a434c0,201,5c862d28d119c2f11f7fea85cbbc337253e9009c8e11489e7eb9ec8c12a434c0,c03c8f00,PRESERVED_IN_COMPLETE_ARCHIVE
WL-REC-0037,WL-REC-0037,docs/history/owner-inputs/20261009/WORK-LAB_UI前端更新任务包_20261009.zip,WORK-LAB_UI_20261009/assets/icons/info.svg,sha256:1e4fbb36c9c25adc2e7667443c44a5443f9526a9768a8be307bfff6bd1be68ed,258,1e4fbb36c9c25adc2e7667443c44a5443f9526a9768a8be307bfff6bd1be68ed,0294c05c,PRESERVED_IN_COMPLETE_ARCHIVE
WL-REC-0037,WL-REC-0037,docs/history/owner-inputs/20261009/WORK-LAB_UI前端更新任务包_20261009.zip,WORK-LAB_UI_20261009/assets/icons/link.svg,sha256:f76dfefcbf5c03f6fedddc03939fbd3b899e575e25c1e0aa809db63a33f9bf8a,268,f76dfefcbf5c03f6fedddc03939fbd3b899e575e25c1e0aa809db63a33f9bf8a,61c88dc3,PRESERVED_IN_COMPLETE_ARCHIVE
WL-REC-0037,WL-REC-0037,docs/history/owner-inputs/20261009/WORK-LAB_UI前端更新任务包_20261009.zip,WORK-LAB_UI_20261009/assets/icons/moon.svg,sha256:f6b58d704fcd8d0920a0b0dcb2f9e3cc73c787b7e5627d03ed5207bacb77c4c5,214,f6b58d704fcd8d0920a0b0dcb2f9e3cc73c787b7e5627d03ed5207bacb77c4c5,bb750607,PRESERVED_IN_COMPLETE_ARCHIVE
WL-REC-0037,WL-REC-0037,docs/history/owner-inputs/20261009/WORK-LAB_UI前端更新任务包_20261009.zip,WORK-LAB_UI_20261009/assets/icons/pause.svg,sha256:6a4989a73189b08381f6f94b8f77e754f184b2c4575c22f86ecc6b7776b38f99,205,6a4989a73189b08381f6f94b8f77e754f184b2c4575c22f86ecc6b7776b38f99,93d52626,PRESERVED_IN_COMPLETE_ARCHIVE
WL-REC-0037,WL-REC-0037,docs/history/owner-inputs/20261009/WORK-LAB_UI前端更新任务包_20261009.zip,WORK-LAB_UI_20261009/assets/icons/projects.svg,sha256:57415cd8767b4d9052825f20d907dcdfa25d7c1613a90907bd4d134848a22b56,215,57415cd8767b4d9052825f20d907dcdfa25d7c1613a90907bd4d134848a22b56,e3095d06,PRESERVED_IN_COMPLETE_ARCHIVE
WL-REC-0037,WL-REC-0037,docs/history/owner-inputs/20261009/WORK-LAB_UI前端更新任务包_20261009.zip,WORK-LAB_UI_20261009/assets/icons/refresh.svg,sha256:2727ad3f33bf40499be606cfba0dfb120dbd91986027f880e52107098697692f,283,2727ad3f33bf40499be606cfba0dfb120dbd91986027f880e52107098697692f,c392f7cb,PRESERVED_IN_COMPLETE_ARCHIVE
WL-REC-0037,WL-REC-0037,docs/history/owner-inputs/20261009/WORK-LAB_UI前端更新任务包_20261009.zip,WORK-LAB_UI_20261009/assets/icons/rules.svg,sha256:e0afc830a6e5f47bb3c54895bddf88ba276cc25bbc30f169edc098501263e153,247,e0afc830a6e5f47bb3c54895bddf88ba276cc25bbc30f169edc098501263e153,985e111c,PRESERVED_IN_COMPLETE_ARCHIVE
WL-REC-0037,WL-REC-0037,docs/history/owner-inputs/20261009/WORK-LAB_UI前端更新任务包_20261009.zip,WORK-LAB_UI_20261009/assets/icons/search.svg,sha256:8f42a85103f855663855c694041c689cee9f71f2af543cbe4c16e7dc8bcc932a,236,8f42a85103f855663855c694041c689cee9f71f2af543cbe4c16e7dc8bcc932a,543628b0,PRESERVED_IN_COMPLETE_ARCHIVE
WL-REC-0037,WL-REC-0037,docs/history/owner-inputs/20261009/WORK-LAB_UI前端更新任务包_20261009.zip,WORK-LAB_UI_20261009/assets/icons/settings.svg,sha256:834d9c2f6fadb628c3d2be0313874e324626cd4d43079aaab0b5ea4f5aaae947,282,834d9c2f6fadb628c3d2be0313874e324626cd4d43079aaab0b5ea4f5aaae947,0c564966,PRESERVED_IN_COMPLETE_ARCHIVE
WL-REC-0037,WL-REC-0037,docs/history/owner-inputs/20261009/WORK-LAB_UI前端更新任务包_20261009.zip,WORK-LAB_UI_20261009/assets/icons/shield.svg,sha256:e8a4948d7a975decc252a2b2b5839f4e10f0a14971c363f590bde817974664cd,241,e8a4948d7a975decc252a2b2b5839f4e10f0a14971c363f590bde817974664cd,e93a6dac,PRESERVED_IN_COMPLETE_ARCHIVE
WL-REC-0037,WL-REC-0037,docs/history/owner-inputs/20261009/WORK-LAB_UI前端更新任务包_20261009.zip,WORK-LAB_UI_20261009/assets/icons/software.svg,sha256:1ab4b51d126f24cbaa09ac7a5134087b9e4937eb3fa3c98d281326976d87703a,230,1ab4b51d126f24cbaa09ac7a5134087b9e4937eb3fa3c98d281326976d87703a,7f2b0229,PRESERVED_IN_COMPLETE_ARCHIVE
WL-REC-0037,WL-REC-0037,docs/history/owner-inputs/20261009/WORK-LAB_UI前端更新任务包_20261009.zip,WORK-LAB_UI_20261009/assets/icons/usage.svg,sha256:d3b70502f89cd328e91a3c4721d6f6988c3a6fc603d5e72ef2491899cd2b9672,265,d3b70502f89cd328e91a3c4721d6f6988c3a6fc603d5e72ef2491899cd2b9672,039ff026,PRESERVED_IN_COMPLETE_ARCHIVE
WL-REC-0037,WL-REC-0037,docs/history/owner-inputs/20261009/WORK-LAB_UI前端更新任务包_20261009.zip,WORK-LAB_UI_20261009/assets/slices/01_projects__attention.png,sha256:24735eacce48f18c3851779a5d3fee7913b056944bd4f1c8efaa03076428ec18,39661,24735eacce48f18c3851779a5d3fee7913b056944bd4f1c8efaa03076428ec18,645e33d9,PRESERVED_IN_COMPLETE_ARCHIVE
WL-REC-0037,WL-REC-0037,docs/history/owner-inputs/20261009/WORK-LAB_UI前端更新任务包_20261009.zip,WORK-LAB_UI_20261009/assets/slices/01_projects__capability_summary.png,sha256:9a96f2ed1cb7b608960ad02e0b86a7a0b09dce301f4e0a8b8d3c817259e3baa4,41472,9a96f2ed1cb7b608960ad02e0b86a7a0b09dce301f4e0a8b8d3c817259e3baa4,19c2fcea,PRESERVED_IN_COMPLETE_ARCHIVE
WL-REC-0037,WL-REC-0037,docs/history/owner-inputs/20261009/WORK-LAB_UI前端更新任务包_20261009.zip,WORK-LAB_UI_20261009/assets/slices/01_projects__project_table.png,sha256:f655ad81406248e1a567b97463086acf7feb58109daf96e57e09aa58d3a56b2c,79200,f655ad81406248e1a567b97463086acf7feb58109daf96e57e09aa58d3a56b2c,7aa863c8,PRESERVED_IN_COMPLETE_ARCHIVE
WL-REC-0037,WL-REC-0037,docs/history/owner-inputs/20261009/WORK-LAB_UI前端更新任务包_20261009.zip,WORK-LAB_UI_20261009/assets/slices/01_projects__sidebar.png,sha256:62d239f049b18ca0d9ae6534951bff8c51cb3d228618eddd0c48840d7b683cd4,81466,62d239f049b18ca0d9ae6534951bff8c51cb3d228618eddd0c48840d7b683cd4,173dcdc9,PRESERVED_IN_COMPLETE_ARCHIVE
WL-REC-0037,WL-REC-0037,docs/history/owner-inputs/20261009/WORK-LAB_UI前端更新任务包_20261009.zip,WORK-LAB_UI_20261009/assets/slices/01_projects__topbar.png,sha256:9503aed0da423581d00dee886adc285fc6ba663809fff68c9227a1f2525a70cc,22803,9503aed0da423581d00dee886adc285fc6ba663809fff68c9227a1f2525a70cc,d5f8a229,PRESERVED_IN_COMPLETE_ARCHIVE
WL-REC-0037,WL-REC-0037,docs/history/owner-inputs/20261009/WORK-LAB_UI前端更新任务包_20261009.zip,WORK-LAB_UI_20261009/assets/slices/01_projects__usage_summary.png,sha256:1461740913caf669824298621b1e2bdda81ee5e291b95523c70937fb83f09060,30758,1461740913caf669824298621b1e2bdda81ee5e291b95523c70937fb83f09060,ee09d7ac,PRESERVED_IN_COMPLETE_ARCHIVE
WL-REC-0037,WL-REC-0037,docs/history/owner-inputs/20261009/WORK-LAB_UI前端更新任务包_20261009.zip,WORK-LAB_UI_20261009/assets/slices/02_project_detail__blockers.png,sha256:e8434c1de73dcd2e96d2916967c643b863d65851af697e771b9b322774394db1,50889,e8434c1de73dcd2e96d2916967c643b863d65851af697e771b9b322774394db1,466ecdb7,PRESERVED_IN_COMPLETE_ARCHIVE
WL-REC-0037,WL-REC-0037,docs/history/owner-inputs/20261009/WORK-LAB_UI前端更新任务包_20261009.zip,WORK-LAB_UI_20261009/assets/slices/02_project_detail__collaboration_summary.png,sha256:1ac9d4a2dd8b7297eadf8cb48cd574d5fd22c035702b647a92130475c8656f91,68618,1ac9d4a2dd8b7297eadf8cb48cd574d5fd22c035702b647a92130475c8656f91,6b93bf04,PRESERVED_IN_COMPLETE_ARCHIVE
WL-REC-0037,WL-REC-0037,docs/history/owner-inputs/20261009/WORK-LAB_UI前端更新任务包_20261009.zip,WORK-LAB_UI_20261009/assets/slices/02_project_detail__participants.png,sha256:d21533567846dc4c4b1f9f158cfad37e841b6de5b510e93698384774bed8d444,52433,d21533567846dc4c4b1f9f158cfad37e841b6de5b510e93698384774bed8d444,c24afede,PRESERVED_IN_COMPLETE_ARCHIVE
WL-REC-0037,WL-REC-0037,docs/history/owner-inputs/20261009/WORK-LAB_UI前端更新任务包_20261009.zip,WORK-LAB_UI_20261009/assets/slices/02_project_detail__project_identity.png,sha256:a6e7be678e2d8df962f62dceec2ea2b1a3e540fee40b73ef11d66e3515671af5,40460,a6e7be678e2d8df962f62dceec2ea2b1a3e540fee40b73ef11d66e3515671af5,beb9e6a8,PRESERVED_IN_COMPLETE_ARCHIVE
WL-REC-0037,WL-REC-0037,docs/history/owner-inputs/20261009/WORK-LAB_UI前端更新任务包_20261009.zip,WORK-LAB_UI_20261009/assets/slices/03_software__collector_health.png,sha256:42271cd748f30eb7367e5be2bd39ad26a99915f32c94bb5b97a1ede8a080a215,52411,42271cd748f30eb7367e5be2bd39ad26a99915f32c94bb5b97a1ede8a080a215,2c07640f,PRESERVED_IN_COMPLETE_ARCHIVE
WL-REC-0037,WL-REC-0037,docs/history/owner-inputs/20261009/WORK-LAB_UI前端更新任务包_20261009.zip,WORK-LAB_UI_20261009/assets/slices/03_software__software_matrix.png,sha256:ff12e146512500c3ee482df500f7d0df83b58404622b317c1e624d1f92ac90c3,124553,ff12e146512500c3ee482df500f7d0df83b58404622b317c1e624d1f92ac90c3,03691566,PRESERVED_IN_COMPLETE_ARCHIVE
WL-REC-0037,WL-REC-0037,docs/history/owner-inputs/20261009/WORK-LAB_UI前端更新任务包_20261009.zip,WORK-LAB_UI_20261009/assets/slices/04_software_detail__software_projects.png,sha256:ac9e887c5cd365655c5c4fa0ddd069ff5ddb4f779c94ed2bbef5040ebde4f566,85097,ac9e887c5cd365655c5c4fa0ddd069ff5ddb4f779c94ed2bbef5040ebde4f566,c1f845d3,PRESERVED_IN_COMPLETE_ARCHIVE
WL-REC-0037,WL-REC-0037,docs/history/owner-inputs/20261009/WORK-LAB_UI前端更新任务包_20261009.zip,WORK-LAB_UI_20261009/assets/slices/04_software_detail__software_qualification.png,sha256:ca78375c01b486f9332d55e23d6e939b2e29e9db587dbeff3044e8ece6a0b714,75984,ca78375c01b486f9332d55e23d6e939b2e29e9db587dbeff3044e8ece6a0b714,a00e6a84,PRESERVED_IN_COMPLETE_ARCHIVE
WL-REC-0037,WL-REC-0037,docs/history/owner-inputs/20261009/WORK-LAB_UI前端更新任务包_20261009.zip,WORK-LAB_UI_20261009/assets/slices/04_software_detail__source_times.png,sha256:5531417512ffa0fc7304625a34635465c68a9b611db6aa002d6465d0106eb7dc,46259,5531417512ffa0fc7304625a34635465c68a9b611db6aa002d6465d0106eb7dc,543f5894,PRESERVED_IN_COMPLETE_ARCHIVE
WL-REC-0037,WL-REC-0037,docs/history/owner-inputs/20261009/WORK-LAB_UI前端更新任务包_20261009.zip,WORK-LAB_UI_20261009/assets/slices/05_assets__asset_guidance.png,sha256:c67856d5c62a55999d1aed8bb4166bea55219479162b0d51903e3ef4eb338843,60570,c67856d5c62a55999d1aed8bb4166bea55219479162b0d51903e3ef4eb338843,4c970e75,PRESERVED_IN_COMPLETE_ARCHIVE
WL-REC-0037,WL-REC-0037,docs/history/owner-inputs/20261009/WORK-LAB_UI前端更新任务包_20261009.zip,WORK-LAB_UI_20261009/assets/slices/05_assets__asset_table.png,sha256:f9a61bb1961468bd284397b61b98be3047293904020c190f354a561536e8c3da,103710,f9a61bb1961468bd284397b61b98be3047293904020c190f354a561536e8c3da,c7a0c5c7,PRESERVED_IN_COMPLETE_ARCHIVE
WL-REC-0037,WL-REC-0037,docs/history/owner-inputs/20261009/WORK-LAB_UI前端更新任务包_20261009.zip,WORK-LAB_UI_20261009/assets/slices/05_assets__migration_overview.png,sha256:4c1b18427be3c9bab21e5a9feb0af1420b61657c3e2876c0139deb4e2379b571,62109,4c1b18427be3c9bab21e5a9feb0af1420b61657c3e2876c0139deb4e2379b571,5d7ab988,PRESERVED_IN_COMPLETE_ARCHIVE
WL-REC-0037,WL-REC-0037,docs/history/owner-inputs/20261009/WORK-LAB_UI前端更新任务包_20261009.zip,WORK-LAB_UI_20261009/assets/slices/06_asset_detail__asset_source.png,sha256:53bd2886b90b6d81dc4bd667346550c72490dd5149c87a34050959c9f9ab0b3a,99847,53bd2886b90b6d81dc4bd667346550c72490dd5149c87a34050959c9f9ab0b3a,b26cde34,PRESERVED_IN_COMPLETE_ARCHIVE
WL-REC-0037,WL-REC-0037,docs/history/owner-inputs/20261009/WORK-LAB_UI前端更新任务包_20261009.zip,WORK-LAB_UI_20261009/assets/slices/06_asset_detail__asset_target.png,sha256:2b1d86041c0d2a0d15803534aed917f25ad4359aa3db8801352b1a0e68021b81,61250,2b1d86041c0d2a0d15803534aed917f25ad4359aa3db8801352b1a0e68021b81,10f1ae3a,PRESERVED_IN_COMPLETE_ARCHIVE
WL-REC-0037,WL-REC-0037,docs/history/owner-inputs/20261009/WORK-LAB_UI前端更新任务包_20261009.zip,WORK-LAB_UI_20261009/assets/slices/06_asset_detail__asset_versions.png,sha256:886e155150fbd2fa8825764378054d241b24a8cf11644065fdba771bd5d7f077,95911,886e155150fbd2fa8825764378054d241b24a8cf11644065fdba771bd5d7f077,36c16924,PRESERVED_IN_COMPLETE_ARCHIVE
WL-REC-0037,WL-REC-0037,docs/history/owner-inputs/20261009/WORK-LAB_UI前端更新任务包_20261009.zip,WORK-LAB_UI_20261009/assets/slices/07_migration__migration_action.png,sha256:ec14970d2df15d11d5562f0b23388c767aeeb60e45886b49b5a544e3292a8311,39719,ec14970d2df15d11d5562f0b23388c767aeeb60e45886b49b5a544e3292a8311,256c03b2,PRESERVED_IN_COMPLETE_ARCHIVE
WL-REC-0037,WL-REC-0037,docs/history/owner-inputs/20261009/WORK-LAB_UI前端更新任务包_20261009.zip,WORK-LAB_UI_20261009/assets/slices/07_migration__migration_loss.png,sha256:7a3743e3858c4c9c84de16858088cf4f8c4e77b94fc20e137266c364a95a03ec,84754,7a3743e3858c4c9c84de16858088cf4f8c4e77b94fc20e137266c364a95a03ec,68c53432,PRESERVED_IN_COMPLETE_ARCHIVE
WL-REC-0037,WL-REC-0037,docs/history/owner-inputs/20261009/WORK-LAB_UI前端更新任务包_20261009.zip,WORK-LAB_UI_20261009/assets/slices/07_migration__migration_source.png,sha256:ed593e881803c8b08cfba4711ac86f5502a42234f39b17da0f6b837adbd05893,53192,ed593e881803c8b08cfba4711ac86f5502a42234f39b17da0f6b837adbd05893,e5a797c9,PRESERVED_IN_COMPLETE_ARCHIVE
WL-REC-0037,WL-REC-0037,docs/history/owner-inputs/20261009/WORK-LAB_UI前端更新任务包_20261009.zip,WORK-LAB_UI_20261009/assets/slices/07_migration__migration_target.png,sha256:5ad810dce832c7799d6d0868acc14e359b03790a3e8d5b74ed1b9e7558e43735,59345,5ad810dce832c7799d6d0868acc14e359b03790a3e8d5b74ed1b9e7558e43735,da86289d,PRESERVED_IN_COMPLETE_ARCHIVE
WL-REC-0037,WL-REC-0037,docs/history/owner-inputs/20261009/WORK-LAB_UI前端更新任务包_20261009.zip,WORK-LAB_UI_20261009/assets/slices/08_usage__cache_metrics.png,sha256:f7be03163c3ccdcf8c53cf2d42d72914d9188f61e7d6a67a98ffc24a9b119eed,55241,f7be03163c3ccdcf8c53cf2d42d72914d9188f61e7d6a67a98ffc24a9b119eed,9f91a6e8,PRESERVED_IN_COMPLETE_ARCHIVE
WL-REC-0037,WL-REC-0037,docs/history/owner-inputs/20261009/WORK-LAB_UI前端更新任务包_20261009.zip,WORK-LAB_UI_20261009/assets/slices/08_usage__usage_chart.png,sha256:ba0541821e18da0dceffc7c3747dc1b413bbca4daf76828270a2f4cd56a5e52e,46497,ba0541821e18da0dceffc7c3747dc1b413bbca4daf76828270a2f4cd56a5e52e,690cfbf8,PRESERVED_IN_COMPLETE_ARCHIVE
WL-REC-0037,WL-REC-0037,docs/history/owner-inputs/20261009/WORK-LAB_UI前端更新任务包_20261009.zip,WORK-LAB_UI_20261009/assets/slices/08_usage__usage_table.png,sha256:df4ec7ae3feff2c6962bc8db94756973af477794cf9bc385f8695a478926f8e4,84421,df4ec7ae3feff2c6962bc8db94756973af477794cf9bc385f8695a478926f8e4,e876100d,PRESERVED_IN_COMPLETE_ARCHIVE
WL-REC-0037,WL-REC-0037,docs/history/owner-inputs/20261009/WORK-LAB_UI前端更新任务包_20261009.zip,WORK-LAB_UI_20261009/assets/slices/09_rules__connection_summary.png,sha256:8cae291403f43ff15dbdc14ff4ba6402522d894cbea0be725d06ce561e0e5ee2,60922,8cae291403f43ff15dbdc14ff4ba6402522d894cbea0be725d06ce561e0e5ee2,527cba25,PRESERVED_IN_COMPLETE_ARCHIVE
WL-REC-0037,WL-REC-0037,docs/history/owner-inputs/20261009/WORK-LAB_UI前端更新任务包_20261009.zip,WORK-LAB_UI_20261009/assets/slices/09_rules__permissions.png,sha256:589588bb482a14f759ac8b41a475fb58f844baf1eb124d6a93bc09f885896331,71437,589588bb482a14f759ac8b41a475fb58f844baf1eb124d6a93bc09f885896331,d9a71ae2,PRESERVED_IN_COMPLETE_ARCHIVE
WL-REC-0037,WL-REC-0037,docs/history/owner-inputs/20261009/WORK-LAB_UI前端更新任务包_20261009.zip,WORK-LAB_UI_20261009/assets/slices/09_rules__rule_matrix.png,sha256:e0d20f6e7a8d24c71385aa2129f5a8710b910518faf5ea9519bc9b87c7cc3779,91831,e0d20f6e7a8d24c71385aa2129f5a8710b910518faf5ea9519bc9b87c7cc3779,65e70e45,PRESERVED_IN_COMPLETE_ARCHIVE
WL-REC-0037,WL-REC-0037,docs/history/owner-inputs/20261009/WORK-LAB_UI前端更新任务包_20261009.zip,WORK-LAB_UI_20261009/assets/slices/10_rule_diff__conflict_actions.png,sha256:b5e92dddf21198ea517bdd23b337cfb5d6dce938a42010bb4b72affdf60d4c5f,39443,b5e92dddf21198ea517bdd23b337cfb5d6dce938a42010bb4b72affdf60d4c5f,ccd5d387,PRESERVED_IN_COMPLETE_ARCHIVE
WL-REC-0037,WL-REC-0037,docs/history/owner-inputs/20261009/WORK-LAB_UI前端更新任务包_20261009.zip,WORK-LAB_UI_20261009/assets/slices/10_rule_diff__conflict_explanation.png,sha256:b4cd433499f74e8829c7eec5322fb9e2722a3e01e2f08d4884c08ccdc42d8b7c,85208,b4cd433499f74e8829c7eec5322fb9e2722a3e01e2f08d4884c08ccdc42d8b7c,19d1443b,PRESERVED_IN_COMPLETE_ARCHIVE
WL-REC-0037,WL-REC-0037,docs/history/owner-inputs/20261009/WORK-LAB_UI前端更新任务包_20261009.zip,WORK-LAB_UI_20261009/assets/slices/10_rule_diff__three_way_diff.png,sha256:138d89735586be7042f7e14d0e134a187c2db33dd9eb0588b610322ad4f73ae6,63730,138d89735586be7042f7e14d0e134a187c2db33dd9eb0588b610322ad4f73ae6,23aa3c48,PRESERVED_IN_COMPLETE_ARCHIVE
WL-REC-0037,WL-REC-0037,docs/history/owner-inputs/20261009/WORK-LAB_UI前端更新任务包_20261009.zip,WORK-LAB_UI_20261009/assets/slices/11_collaboration__case_summary.png,sha256:be3e78cd181837873f7d253d05187f62cea4cad2dcfaa117ba54963292fc12ce,57977,be3e78cd181837873f7d253d05187f62cea4cad2dcfaa117ba54963292fc12ce,8d8c3445,PRESERVED_IN_COMPLETE_ARCHIVE
WL-REC-0037,WL-REC-0037,docs/history/owner-inputs/20261009/WORK-LAB_UI前端更新任务包_20261009.zip,WORK-LAB_UI_20261009/assets/slices/11_collaboration__collaboration_materials.png,sha256:4623e44a5541283a61b91043a8228491cbc12d39838c9d875e2bc993af2c742f,72130,4623e44a5541283a61b91043a8228491cbc12d39838c9d875e2bc993af2c742f,f4098639,PRESERVED_IN_COMPLETE_ARCHIVE
WL-REC-0037,WL-REC-0037,docs/history/owner-inputs/20261009/WORK-LAB_UI前端更新任务包_20261009.zip,WORK-LAB_UI_20261009/assets/slices/11_collaboration__collaboration_states.png,sha256:51377ef3ed614ade8efcea7005b9d4b769e98f11e4e65bc696ae205fdd6bfb01,111697,51377ef3ed614ade8efcea7005b9d4b769e98f11e4e65bc696ae205fdd6bfb01,75c0bdc5,PRESERVED_IN_COMPLETE_ARCHIVE
WL-REC-0037,WL-REC-0037,docs/history/owner-inputs/20261009/WORK-LAB_UI前端更新任务包_20261009.zip,WORK-LAB_UI_20261009/assets/slices/11_collaboration__feedback.png,sha256:e00941970e232776aab04a9cbc9d48a015c76c5085f76af45d42ccca4ae7da10,50255,e00941970e232776aab04a9cbc9d48a015c76c5085f76af45d42ccca4ae7da10,99357eec,PRESERVED_IN_COMPLETE_ARCHIVE
WL-REC-0037,WL-REC-0037,docs/history/owner-inputs/20261009/WORK-LAB_UI前端更新任务包_20261009.zip,WORK-LAB_UI_20261009/assets/slices/12_diagnostics__diagnostic_scope.png,sha256:bb318004d72bfb3ef38537f65a7eb9426605ecffc643f8fd5145c9a11d99c9ce,45402,bb318004d72bfb3ef38537f65a7eb9426605ecffc643f8fd5145c9a11d99c9ce,f239e6b1,PRESERVED_IN_COMPLETE_ARCHIVE
WL-REC-0037,WL-REC-0037,docs/history/owner-inputs/20261009/WORK-LAB_UI前端更新任务包_20261009.zip,WORK-LAB_UI_20261009/assets/slices/12_diagnostics__evidence_quality.png,sha256:c09c2f655e1082b99f2a564983ac5ddbcda1bb81ff901d9114ea3dd5f4b539e9,48177,c09c2f655e1082b99f2a564983ac5ddbcda1bb81ff901d9114ea3dd5f4b539e9,11acc2fd,PRESERVED_IN_COMPLETE_ARCHIVE
WL-REC-0037,WL-REC-0037,docs/history/owner-inputs/20261009/WORK-LAB_UI前端更新任务包_20261009.zip,WORK-LAB_UI_20261009/assets/slices/12_diagnostics__legacy_errors.png,sha256:84279dbaf0e8880f73158fe25e7a4a6a0aec54299218759796af6b3b2d476fd2,46081,84279dbaf0e8880f73158fe25e7a4a6a0aec54299218759796af6b3b2d476fd2,84043592,PRESERVED_IN_COMPLETE_ARCHIVE
WL-REC-0037,WL-REC-0037,docs/history/owner-inputs/20261009/WORK-LAB_UI前端更新任务包_20261009.zip,WORK-LAB_UI_20261009/assets/slices/12_diagnostics__legacy_evidence.png,sha256:99bf9e983bc93be6a96bd95c7a18974a0f4ac709b9694fa760099741b1e27e44,89837,99bf9e983bc93be6a96bd95c7a18974a0f4ac709b9694fa760099741b1e27e44,3804d2c2,PRESERVED_IN_COMPLETE_ARCHIVE
WL-REC-0037,WL-REC-0037,docs/history/owner-inputs/20261009/WORK-LAB_UI前端更新任务包_20261009.zip,WORK-LAB_UI_20261009/assets/slices/13_settings__appearance.png,sha256:1deecc7a597f33e581ecef71cc4d1b7c0866c2cd072b8a113ab524832b33a9db,51472,1deecc7a597f33e581ecef71cc4d1b7c0866c2cd072b8a113ab524832b33a9db,b5a0b274,PRESERVED_IN_COMPLETE_ARCHIVE
WL-REC-0037,WL-REC-0037,docs/history/owner-inputs/20261009/WORK-LAB_UI前端更新任务包_20261009.zip,WORK-LAB_UI_20261009/assets/slices/13_settings__lifecycle.png,sha256:912dc2b780546fef11a3cf695595a1349b06698493141624fe6188206c5c188d,114297,912dc2b780546fef11a3cf695595a1349b06698493141624fe6188206c5c188d,3f4d2656,PRESERVED_IN_COMPLETE_ARCHIVE
WL-REC-0037,WL-REC-0037,docs/history/owner-inputs/20261009/WORK-LAB_UI前端更新任务包_20261009.zip,WORK-LAB_UI_20261009/assets/slices/13_settings__privacy_settings.png,sha256:a4cc17bbf79fd40b5f8fce13c30b0c30a20a8db2b31cea5e8a1c1236da1658ba,105347,a4cc17bbf79fd40b5f8fce13c30b0c30a20a8db2b31cea5e8a1c1236da1658ba,2505c283,PRESERVED_IN_COMPLETE_ARCHIVE
WL-REC-0037,WL-REC-0037,docs/history/owner-inputs/20261009/WORK-LAB_UI前端更新任务包_20261009.zip,WORK-LAB_UI_20261009/assets/slices/14_states__state_0.png,sha256:6744a795d7f53fce2b8d6aca404790c4ad8cae3ca801ea0c8d5a8a30a057b4fa,19677,6744a795d7f53fce2b8d6aca404790c4ad8cae3ca801ea0c8d5a8a30a057b4fa,ae0204ea,PRESERVED_IN_COMPLETE_ARCHIVE
WL-REC-0037,WL-REC-0037,docs/history/owner-inputs/20261009/WORK-LAB_UI前端更新任务包_20261009.zip,WORK-LAB_UI_20261009/assets/slices/14_states__state_1.png,sha256:ca11462b889cd2484a93348b4db5cfb0934889f88bc7f2d0770c2da0f748be46,18914,ca11462b889cd2484a93348b4db5cfb0934889f88bc7f2d0770c2da0f748be46,d006b18b,PRESERVED_IN_COMPLETE_ARCHIVE
WL-REC-0037,WL-REC-0037,docs/history/owner-inputs/20261009/WORK-LAB_UI前端更新任务包_20261009.zip,WORK-LAB_UI_20261009/assets/slices/14_states__state_2.png,sha256:ee1a924597c5e5a43278a44672bcbda79d9223cbcd9ab4d81738a0da764be4c7,20362,ee1a924597c5e5a43278a44672bcbda79d9223cbcd9ab4d81738a0da764be4c7,48ce6a49,PRESERVED_IN_COMPLETE_ARCHIVE
WL-REC-0037,WL-REC-0037,docs/history/owner-inputs/20261009/WORK-LAB_UI前端更新任务包_20261009.zip,WORK-LAB_UI_20261009/assets/slices/14_states__state_3.png,sha256:da59d28e5bd70c9d6f8dde0ce70100748429ca7bedc0b4f9b9d84702d54c5e9c,21075,da59d28e5bd70c9d6f8dde0ce70100748429ca7bedc0b4f9b9d84702d54c5e9c,63c7a739,PRESERVED_IN_COMPLETE_ARCHIVE
WL-REC-0037,WL-REC-0037,docs/history/owner-inputs/20261009/WORK-LAB_UI前端更新任务包_20261009.zip,WORK-LAB_UI_20261009/assets/slices/14_states__state_4.png,sha256:8271abd3c047b7a3a3e3f0f5fb2e368120e06af62bc18b028ef0237af3449904,21250,8271abd3c047b7a3a3e3f0f5fb2e368120e06af62bc18b028ef0237af3449904,e5b4f8fb,PRESERVED_IN_COMPLETE_ARCHIVE
WL-REC-0037,WL-REC-0037,docs/history/owner-inputs/20261009/WORK-LAB_UI前端更新任务包_20261009.zip,WORK-LAB_UI_20261009/assets/slices/14_states__state_5.png,sha256:612314920f4e82046d44d3a73d7cb70edaa29eecfebacb38353a53701978f4b3,21933,612314920f4e82046d44d3a73d7cb70edaa29eecfebacb38353a53701978f4b3,5b8ebbe9,PRESERVED_IN_COMPLETE_ARCHIVE
WL-REC-0037,WL-REC-0037,docs/history/owner-inputs/20261009/WORK-LAB_UI前端更新任务包_20261009.zip,WORK-LAB_UI_20261009/assets/slices/14_states__state_values.png,sha256:2da2d417d1462932a9f35fd9d9723170796aee13e182f6d02507b8d8d075bc44,73548,2da2d417d1462932a9f35fd9d9723170796aee13e182f6d02507b8d8d075bc44,76cef9fa,PRESERVED_IN_COMPLETE_ARCHIVE
WL-REC-0037,WL-REC-0037,docs/history/owner-inputs/20261009/WORK-LAB_UI前端更新任务包_20261009.zip,WORK-LAB_UI_20261009/assets/slices/15_first_run__onboarding_fields.png,sha256:ab6a0eaba6237d76fa63e6703094119a7a14cb3ee663672c881ddbddcdd2ce34,91327,ab6a0eaba6237d76fa63e6703094119a7a14cb3ee663672c881ddbddcdd2ce34,592803f7,PRESERVED_IN_COMPLETE_ARCHIVE
WL-REC-0037,WL-REC-0037,docs/history/owner-inputs/20261009/WORK-LAB_UI前端更新任务包_20261009.zip,WORK-LAB_UI_20261009/assets/slices/15_first_run__onboarding_preview.png,sha256:d25650fe84aff49e3ff4872b5eee425ea478ff3208b0357e604ec5c93ba8959e,63367,d25650fe84aff49e3ff4872b5eee425ea478ff3208b0357e604ec5c93ba8959e,d818aa74,PRESERVED_IN_COMPLETE_ARCHIVE
WL-REC-0037,WL-REC-0037,docs/history/owner-inputs/20261009/WORK-LAB_UI前端更新任务包_20261009.zip,WORK-LAB_UI_20261009/assets/slices/15_first_run__onboarding_qualification.png,sha256:964fdb485f7e68b3e8df82d09c10697491d30d601c06fc4bc7c2e2c2be9259c2,68754,964fdb485f7e68b3e8df82d09c10697491d30d601c06fc4bc7c2e2c2be9259c2,1a19b8b7,PRESERVED_IN_COMPLETE_ARCHIVE
WL-REC-0037,WL-REC-0037,docs/history/owner-inputs/20261009/WORK-LAB_UI前端更新任务包_20261009.zip,WORK-LAB_UI_20261009/assets/slices/16_components__component_tokens.png,sha256:74e5f007e829721c8c19be0f710cc1147102bc239fbe72e1d29a9bc79c702f6c,44329,74e5f007e829721c8c19be0f710cc1147102bc239fbe72e1d29a9bc79c702f6c,4134fec4,PRESERVED_IN_COMPLETE_ARCHIVE
WL-REC-0037,WL-REC-0037,docs/history/owner-inputs/20261009/WORK-LAB_UI前端更新任务包_20261009.zip,WORK-LAB_UI_20261009/assets/slices/16_components__density_components.png,sha256:aa928f760c52c26804c532819cdd98af2d0751183ef0643213cafb256c0c6e78,44508,aa928f760c52c26804c532819cdd98af2d0751183ef0643213cafb256c0c6e78,0c98a954,PRESERVED_IN_COMPLETE_ARCHIVE
WL-REC-0037,WL-REC-0037,docs/history/owner-inputs/20261009/WORK-LAB_UI前端更新任务包_20261009.zip,WORK-LAB_UI_20261009/assets/slices/16_components__navigation_components.png,sha256:8069444243daf8e0de37a371bd827c707baa5765be79d3f6ddae03394acdb886,34782,8069444243daf8e0de37a371bd827c707baa5765be79d3f6ddae03394acdb886,e9473003,PRESERVED_IN_COMPLETE_ARCHIVE
WL-REC-0037,WL-REC-0037,docs/history/owner-inputs/20261009/WORK-LAB_UI前端更新任务包_20261009.zip,WORK-LAB_UI_20261009/assets/slices/16_components__object_summary.png,sha256:6139979e9998d97c05f5ea6d8336066122785bb8e1f311b2f45a3f1586f9679b,21525,6139979e9998d97c05f5ea6d8336066122785bb8e1f311b2f45a3f1586f9679b,c5c9e475,PRESERVED_IN_COMPLETE_ARCHIVE
WL-REC-0037,WL-REC-0037,docs/history/owner-inputs/20261009/WORK-LAB_UI前端更新任务包_20261009.zip,WORK-LAB_UI_20261009/assets/slices/16_components__slice_usage.png,sha256:17871fc8a536767a6738e0f2c0b46994a35c30bb2fd51787b1cdfbc90bce1a8c,48512,17871fc8a536767a6738e0f2c0b46994a35c30bb2fd51787b1cdfbc90bce1a8c,e70cdaa5,PRESERVED_IN_COMPLETE_ARCHIVE
WL-REC-0037,WL-REC-0037,docs/history/owner-inputs/20261009/WORK-LAB_UI前端更新任务包_20261009.zip,WORK-LAB_UI_20261009/assets/slices/17_mobile__mobile_project_card.png,sha256:79891bbc1fc9c98d8d2181cbd8c6e4a67eb2995ad7de02dba6244d70146a00f5,26298,79891bbc1fc9c98d8d2181cbd8c6e4a67eb2995ad7de02dba6244d70146a00f5,19846022,PRESERVED_IN_COMPLETE_ARCHIVE
WL-REC-0037,WL-REC-0037,docs/history/owner-inputs/20261009/WORK-LAB_UI前端更新任务包_20261009.zip,WORK-LAB_UI_20261009/contracts/demo_fixture.json,sha256:581d4f58f91b93634180e428ba87abb3c9e1d0a108fb02ba7f4aa24952762a97,1493,581d4f58f91b93634180e428ba87abb3c9e1d0a108fb02ba7f4aa24952762a97,20abb5e7,PRESERVED_IN_COMPLETE_ARCHIVE
WL-REC-0037,WL-REC-0037,docs/history/owner-inputs/20261009/WORK-LAB_UI前端更新任务包_20261009.zip,WORK-LAB_UI_20261009/contracts/design_tokens.json,sha256:40738df96da6a6e1b43b9bbc863a374c51eac769872f5c1a4cf2fd58c4213817,1231,40738df96da6a6e1b43b9bbc863a374c51eac769872f5c1a4cf2fd58c4213817,638d9a0b,PRESERVED_IN_COMPLETE_ARCHIVE
WL-REC-0037,WL-REC-0037,docs/history/owner-inputs/20261009/WORK-LAB_UI前端更新任务包_20261009.zip,WORK-LAB_UI_20261009/contracts/page_manifest.json,sha256:68f22cac277c3d1bac1e0fd429347b6114589b8eef477d53f960bce56f8d5ede,114116,68f22cac277c3d1bac1e0fd429347b6114589b8eef477d53f960bce56f8d5ede,a6af55e0,PRESERVED_IN_COMPLETE_ARCHIVE
WL-REC-0037,WL-REC-0037,docs/history/owner-inputs/20261009/WORK-LAB_UI前端更新任务包_20261009.zip,WORK-LAB_UI_20261009/contracts/reference.css,sha256:2d080876100c6fb1c4a427ed430ee0b6aa06b76a8e01da56734455d37dbf8400,1263,2d080876100c6fb1c4a427ed430ee0b6aa06b76a8e01da56734455d37dbf8400,030bce5e,PRESERVED_IN_COMPLETE_ARCHIVE
WL-REC-0037,WL-REC-0037,docs/history/owner-inputs/20261009/WORK-LAB_UI前端更新任务包_20261009.zip,WORK-LAB_UI_20261009/contracts/requirement_coverage.csv,sha256:9b92743ce4a30b1272fe5d0dff57cae65ae073ee6f494c824021513cd8391814,1314,9b92743ce4a30b1272fe5d0dff57cae65ae073ee6f494c824021513cd8391814,6ed36663,PRESERVED_IN_COMPLETE_ARCHIVE
WL-REC-0037,WL-REC-0037,docs/history/owner-inputs/20261009/WORK-LAB_UI前端更新任务包_20261009.zip,WORK-LAB_UI_20261009/contracts/slice_manifest.json,sha256:9d9602af84114e30b40008318907e9fd4e3a06d8cfa62935e4715c0ce5317851,21826,9d9602af84114e30b40008318907e9fd4e3a06d8cfa62935e4715c0ce5317851,4ca789d2,PRESERVED_IN_COMPLETE_ARCHIVE
WL-REC-0037,WL-REC-0037,docs/history/owner-inputs/20261009/WORK-LAB_UI前端更新任务包_20261009.zip,WORK-LAB_UI_20261009/contracts/ui_read_model.ts,sha256:13408a6c825ecd24f123b7b3798df76532228e6b1e7633e2727a606b02390c41,3769,13408a6c825ecd24f123b7b3798df76532228e6b1e7633e2727a606b02390c41,24c1f4c4,PRESERVED_IN_COMPLETE_ARCHIVE
WL-REC-0037,WL-REC-0037,docs/history/owner-inputs/20261009/WORK-LAB_UI前端更新任务包_20261009.zip,WORK-LAB_UI_20261009/design/00_preview_core.jpg,sha256:fa49ebcd7974ca728216cf7cb6ea23c19532e9e55c0da83b70e0466747bb8d93,434000,fa49ebcd7974ca728216cf7cb6ea23c19532e9e55c0da83b70e0466747bb8d93,ea18e3a5,PRESERVED_IN_COMPLETE_ARCHIVE
WL-REC-0037,WL-REC-0037,docs/history/owner-inputs/20261009/WORK-LAB_UI前端更新任务包_20261009.zip,WORK-LAB_UI_20261009/design/00_preview_states.jpg,sha256:5278dab6edec39fea91a1dc8c36091d4b48183776daa0ab3d77934b25a1334e1,416609,5278dab6edec39fea91a1dc8c36091d4b48183776daa0ab3d77934b25a1334e1,b23c6ae2,PRESERVED_IN_COMPLETE_ARCHIVE
WL-REC-0037,WL-REC-0037,docs/history/owner-inputs/20261009/WORK-LAB_UI前端更新任务包_20261009.zip,WORK-LAB_UI_20261009/design/png_1440p/01_projects.png,sha256:08b5a38371fb9f3593b0056a87212c36cca7f3cfb33e74e7e156fd8f362b857c,264437,08b5a38371fb9f3593b0056a87212c36cca7f3cfb33e74e7e156fd8f362b857c,7ca0142b,PRESERVED_IN_COMPLETE_ARCHIVE
WL-REC-0037,WL-REC-0037,docs/history/owner-inputs/20261009/WORK-LAB_UI前端更新任务包_20261009.zip,WORK-LAB_UI_20261009/design/png_1440p/01_projects_light.png,sha256:0b6537f13c413e79811b65551c9a43567bb57843ec1ae9f79fd7b0a8e866fe25,264596,0b6537f13c413e79811b65551c9a43567bb57843ec1ae9f79fd7b0a8e866fe25,b4f67e04,PRESERVED_IN_COMPLETE_ARCHIVE
WL-REC-0037,WL-REC-0037,docs/history/owner-inputs/20261009/WORK-LAB_UI前端更新任务包_20261009.zip,WORK-LAB_UI_20261009/design/png_1440p/02_project_detail.png,sha256:b626e993ca6edbb1d68b41f78f12e2f5fb404e64eae89ca6fb5846aa51695ca0,274564,b626e993ca6edbb1d68b41f78f12e2f5fb404e64eae89ca6fb5846aa51695ca0,76786ad8,PRESERVED_IN_COMPLETE_ARCHIVE
WL-REC-0037,WL-REC-0037,docs/history/owner-inputs/20261009/WORK-LAB_UI前端更新任务包_20261009.zip,WORK-LAB_UI_20261009/design/png_1440p/02_project_detail_light.png,sha256:030bf40e2b870cd04d7c5e51fca5c600d02fc92932d8400efe3cf6959518a1e0,274946,030bf40e2b870cd04d7c5e51fca5c600d02fc92932d8400efe3cf6959518a1e0,5f72dc08,PRESERVED_IN_COMPLETE_ARCHIVE
WL-REC-0037,WL-REC-0037,docs/history/owner-inputs/20261009/WORK-LAB_UI前端更新任务包_20261009.zip,WORK-LAB_UI_20261009/design/png_1440p/03_software.png,sha256:c2aba50cb837614656e4d6dd72da2e7bbe86d733b5db44c56d7e4e0d324ad283,259698,c2aba50cb837614656e4d6dd72da2e7bbe86d733b5db44c56d7e4e0d324ad283,6772b2d6,PRESERVED_IN_COMPLETE_ARCHIVE
WL-REC-0037,WL-REC-0037,docs/history/owner-inputs/20261009/WORK-LAB_UI前端更新任务包_20261009.zip,WORK-LAB_UI_20261009/design/png_1440p/03_software_light.png,sha256:20f2bc6c8fa6498f299814717372149216bb1965708e30934b755ef38c69d400,260074,20f2bc6c8fa6498f299814717372149216bb1965708e30934b755ef38c69d400,18b309ee,PRESERVED_IN_COMPLETE_ARCHIVE
WL-REC-0037,WL-REC-0037,docs/history/owner-inputs/20261009/WORK-LAB_UI前端更新任务包_20261009.zip,WORK-LAB_UI_20261009/design/png_1440p/04_software_detail.png,sha256:a4e60f1e0205e5a984e17cd5cc6a6242e0e9d1af38db0477e4b330d7a95dd329,247295,a4e60f1e0205e5a984e17cd5cc6a6242e0e9d1af38db0477e4b330d7a95dd329,a4f84edf,PRESERVED_IN_COMPLETE_ARCHIVE
WL-REC-0037,WL-REC-0037,docs/history/owner-inputs/20261009/WORK-LAB_UI前端更新任务包_20261009.zip,WORK-LAB_UI_20261009/design/png_1440p/04_software_detail_light.png,sha256:5c0d6cb26d37d0e9be2898333ec520f1803372adf6472ea729e34ec7b13107bc,247057,5c0d6cb26d37d0e9be2898333ec520f1803372adf6472ea729e34ec7b13107bc,6f170a13,PRESERVED_IN_COMPLETE_ARCHIVE
WL-REC-0037,WL-REC-0037,docs/history/owner-inputs/20261009/WORK-LAB_UI前端更新任务包_20261009.zip,WORK-LAB_UI_20261009/design/png_1440p/05_assets.png,sha256:8f5a21203a4a3387fcc03539497a0decbd971fad5f7efd83c325bbef1b78f6bd,258683,8f5a21203a4a3387fcc03539497a0decbd971fad5f7efd83c325bbef1b78f6bd,bc1f81c2,PRESERVED_IN_COMPLETE_ARCHIVE
WL-REC-0037,WL-REC-0037,docs/history/owner-inputs/20261009/WORK-LAB_UI前端更新任务包_20261009.zip,WORK-LAB_UI_20261009/design/png_1440p/05_assets_light.png,sha256:d732bcd57b0c3b79e5f1559d40d27ba7ca644c394346cf3dff7b189bbbceef95,258390,d732bcd57b0c3b79e5f1559d40d27ba7ca644c394346cf3dff7b189bbbceef95,4bf0f761,PRESERVED_IN_COMPLETE_ARCHIVE
WL-REC-0037,WL-REC-0037,docs/history/owner-inputs/20261009/WORK-LAB_UI前端更新任务包_20261009.zip,WORK-LAB_UI_20261009/design/png_1440p/06_asset_detail.png,sha256:a6d339641cf16f5a6bb2d9b90d0daa7a83de40d6f8fb24622603f603eb1a14aa,281798,a6d339641cf16f5a6bb2d9b90d0daa7a83de40d6f8fb24622603f603eb1a14aa,99516dbc,PRESERVED_IN_COMPLETE_ARCHIVE
WL-REC-0037,WL-REC-0037,docs/history/owner-inputs/20261009/WORK-LAB_UI前端更新任务包_20261009.zip,WORK-LAB_UI_20261009/design/png_1440p/06_asset_detail_light.png,sha256:30fc795932e93fe7a74bc97ef30944cf8fe86499f0f8a499559a93f085a9e3ee,282277,30fc795932e93fe7a74bc97ef30944cf8fe86499f0f8a499559a93f085a9e3ee,6089a52f,PRESERVED_IN_COMPLETE_ARCHIVE
WL-REC-0037,WL-REC-0037,docs/history/owner-inputs/20261009/WORK-LAB_UI前端更新任务包_20261009.zip,WORK-LAB_UI_20261009/design/png_1440p/07_migration.png,sha256:d278bed44fb4d219b5232713541ecbad3b15b429bb0b699b7d526bf97f5995a3,272605,d278bed44fb4d219b5232713541ecbad3b15b429bb0b699b7d526bf97f5995a3,81b40d9c,PRESERVED_IN_COMPLETE_ARCHIVE
WL-REC-0037,WL-REC-0037,docs/history/owner-inputs/20261009/WORK-LAB_UI前端更新任务包_20261009.zip,WORK-LAB_UI_20261009/design/png_1440p/07_migration_light.png,sha256:8fc2aa7b395a41ded83bb3bec24ee20ab6c93bece7690afd63d80e292a99c9ad,273404,8fc2aa7b395a41ded83bb3bec24ee20ab6c93bece7690afd63d80e292a99c9ad,1b065499,PRESERVED_IN_COMPLETE_ARCHIVE
WL-REC-0037,WL-REC-0037,docs/history/owner-inputs/20261009/WORK-LAB_UI前端更新任务包_20261009.zip,WORK-LAB_UI_20261009/design/png_1440p/08_usage.png,sha256:6467b92bd3901e96bac847adc1c6a4e2b3de854cfb53cc85f78a1b511e26961f,259763,6467b92bd3901e96bac847adc1c6a4e2b3de854cfb53cc85f78a1b511e26961f,27949729,PRESERVED_IN_COMPLETE_ARCHIVE
WL-REC-0037,WL-REC-0037,docs/history/owner-inputs/20261009/WORK-LAB_UI前端更新任务包_20261009.zip,WORK-LAB_UI_20261009/design/png_1440p/08_usage_light.png,sha256:b5cf5e11722b1b9f22beddaf132eae1911f67abde3d65b3cef27455d2bd23b03,259861,b5cf5e11722b1b9f22beddaf132eae1911f67abde3d65b3cef27455d2bd23b03,bef7abf4,PRESERVED_IN_COMPLETE_ARCHIVE
WL-REC-0037,WL-REC-0037,docs/history/owner-inputs/20261009/WORK-LAB_UI前端更新任务包_20261009.zip,WORK-LAB_UI_20261009/design/png_1440p/09_rules.png,sha256:50b3b0d607fd5926fbce91471f1e7a27bde07926976bbbc3e3706f335b5a54da,252220,50b3b0d607fd5926fbce91471f1e7a27bde07926976bbbc3e3706f335b5a54da,67cbab4a,PRESERVED_IN_COMPLETE_ARCHIVE
WL-REC-0037,WL-REC-0037,docs/history/owner-inputs/20261009/WORK-LAB_UI前端更新任务包_20261009.zip,WORK-LAB_UI_20261009/design/png_1440p/09_rules_light.png,sha256:25b1a9dbc10ad357321c33a8d3c6f8da4e8154a0313c737430478b97308d66b4,252832,25b1a9dbc10ad357321c33a8d3c6f8da4e8154a0313c737430478b97308d66b4,a9a0214d,PRESERVED_IN_COMPLETE_ARCHIVE
WL-REC-0037,WL-REC-0037,docs/history/owner-inputs/20261009/WORK-LAB_UI前端更新任务包_20261009.zip,WORK-LAB_UI_20261009/design/png_1440p/10_rule_diff.png,sha256:ec7acbbc3796f0389e57a0a175d7b1cfe5c7ae7140b234e4c2b36e6545d80693,238031,ec7acbbc3796f0389e57a0a175d7b1cfe5c7ae7140b234e4c2b36e6545d80693,57ce816c,PRESERVED_IN_COMPLETE_ARCHIVE
WL-REC-0037,WL-REC-0037,docs/history/owner-inputs/20261009/WORK-LAB_UI前端更新任务包_20261009.zip,WORK-LAB_UI_20261009/design/png_1440p/10_rule_diff_light.png,sha256:c85cd4f11e324c6833cf8961bff31df06ffa303854759b2f8f046b01115ffc65,237374,c85cd4f11e324c6833cf8961bff31df06ffa303854759b2f8f046b01115ffc65,ebb4e42c,PRESERVED_IN_COMPLETE_ARCHIVE
WL-REC-0037,WL-REC-0037,docs/history/owner-inputs/20261009/WORK-LAB_UI前端更新任务包_20261009.zip,WORK-LAB_UI_20261009/design/png_1440p/11_collaboration.png,sha256:b4295e32c958ada30ceb9b900b8c1394096db038ed2c5fa169c0c9328bd88b61,298747,b4295e32c958ada30ceb9b900b8c1394096db038ed2c5fa169c0c9328bd88b61,746703ca,PRESERVED_IN_COMPLETE_ARCHIVE
WL-REC-0037,WL-REC-0037,docs/history/owner-inputs/20261009/WORK-LAB_UI前端更新任务包_20261009.zip,WORK-LAB_UI_20261009/design/png_1440p/11_collaboration_light.png,sha256:1954fee26f252c48d3efd3a68e8dc66df747e072c665911b9bbb0d66883a35e7,298168,1954fee26f252c48d3efd3a68e8dc66df747e072c665911b9bbb0d66883a35e7,e2541ac2,PRESERVED_IN_COMPLETE_ARCHIVE
WL-REC-0037,WL-REC-0037,docs/history/owner-inputs/20261009/WORK-LAB_UI前端更新任务包_20261009.zip,WORK-LAB_UI_20261009/design/png_1440p/12_diagnostics.png,sha256:f7b9e29780b8fef3b4bf07b4c3d9da1b96e8a054ec776473976b8173af3ecfab,263811,f7b9e29780b8fef3b4bf07b4c3d9da1b96e8a054ec776473976b8173af3ecfab,f85118e1,PRESERVED_IN_COMPLETE_ARCHIVE
WL-REC-0037,WL-REC-0037,docs/history/owner-inputs/20261009/WORK-LAB_UI前端更新任务包_20261009.zip,WORK-LAB_UI_20261009/design/png_1440p/12_diagnostics_light.png,sha256:b9de356912cf19a998346dd9f87ca53163af48cc209b3c620d2d3926f8040124,263796,b9de356912cf19a998346dd9f87ca53163af48cc209b3c620d2d3926f8040124,b866826c,PRESERVED_IN_COMPLETE_ARCHIVE
WL-REC-0037,WL-REC-0037,docs/history/owner-inputs/20261009/WORK-LAB_UI前端更新任务包_20261009.zip,WORK-LAB_UI_20261009/design/png_1440p/13_settings.png,sha256:cf73e1032ce02fc102d50e6c45bae29ae3ae9c1f375e9e64b9aeaa3a1308eaa6,276182,cf73e1032ce02fc102d50e6c45bae29ae3ae9c1f375e9e64b9aeaa3a1308eaa6,8d5fe35d,PRESERVED_IN_COMPLETE_ARCHIVE
WL-REC-0037,WL-REC-0037,docs/history/owner-inputs/20261009/WORK-LAB_UI前端更新任务包_20261009.zip,WORK-LAB_UI_20261009/design/png_1440p/13_settings_light.png,sha256:3f7715ca7dcbcb4b0bd6e8b677e397d9d3f9e9c8a56a3ba1a456e75c997d8c40,275597,3f7715ca7dcbcb4b0bd6e8b677e397d9d3f9e9c8a56a3ba1a456e75c997d8c40,ca000a76,PRESERVED_IN_COMPLETE_ARCHIVE
WL-REC-0037,WL-REC-0037,docs/history/owner-inputs/20261009/WORK-LAB_UI前端更新任务包_20261009.zip,WORK-LAB_UI_20261009/design/png_1440p/14_states.png,sha256:dd179daf8819a9222e4d4b9fe41cc6016fed5c78b72821f2cd1b0d372470947e,230331,dd179daf8819a9222e4d4b9fe41cc6016fed5c78b72821f2cd1b0d372470947e,12ff174c,PRESERVED_IN_COMPLETE_ARCHIVE
WL-REC-0037,WL-REC-0037,docs/history/owner-inputs/20261009/WORK-LAB_UI前端更新任务包_20261009.zip,WORK-LAB_UI_20261009/design/png_1440p/14_states_light.png,sha256:ce68b5d6456b90d4feb5a02697501359aa0d62c5643debe3cc14dc1606d1a8e5,231025,ce68b5d6456b90d4feb5a02697501359aa0d62c5643debe3cc14dc1606d1a8e5,868accc8,PRESERVED_IN_COMPLETE_ARCHIVE
WL-REC-0037,WL-REC-0037,docs/history/owner-inputs/20261009/WORK-LAB_UI前端更新任务包_20261009.zip,WORK-LAB_UI_20261009/design/png_1440p/15_first_run.png,sha256:30e95516b1b11b0f3bd49622c12f74774cd57433c33edeee00233f0a5e9f48f7,263872,30e95516b1b11b0f3bd49622c12f74774cd57433c33edeee00233f0a5e9f48f7,381ce843,PRESERVED_IN_COMPLETE_ARCHIVE
WL-REC-0037,WL-REC-0037,docs/history/owner-inputs/20261009/WORK-LAB_UI前端更新任务包_20261009.zip,WORK-LAB_UI_20261009/design/png_1440p/15_first_run_light.png,sha256:b82221a96c6d73a21f134172fa7c2ddfd1184ca137bf0d12cb0e28a8d3a108bd,263805,b82221a96c6d73a21f134172fa7c2ddfd1184ca137bf0d12cb0e28a8d3a108bd,76dc8595,PRESERVED_IN_COMPLETE_ARCHIVE
WL-REC-0037,WL-REC-0037,docs/history/owner-inputs/20261009/WORK-LAB_UI前端更新任务包_20261009.zip,WORK-LAB_UI_20261009/design/png_1440p/16_components.png,sha256:4904ebc51cf58a107d89052da3f7ff8016a490a989a05f72bfe59882c917e1e4,241958,4904ebc51cf58a107d89052da3f7ff8016a490a989a05f72bfe59882c917e1e4,11e62dfb,PRESERVED_IN_COMPLETE_ARCHIVE
WL-REC-0037,WL-REC-0037,docs/history/owner-inputs/20261009/WORK-LAB_UI前端更新任务包_20261009.zip,WORK-LAB_UI_20261009/design/png_1440p/16_components_light.png,sha256:5fd11561b4ee5ce92e3d939a54181d64290ce7547cd3dc5cc070c4913c2553ab,242330,5fd11561b4ee5ce92e3d939a54181d64290ce7547cd3dc5cc070c4913c2553ab,2ab64f48,PRESERVED_IN_COMPLETE_ARCHIVE
WL-REC-0037,WL-REC-0037,docs/history/owner-inputs/20261009/WORK-LAB_UI前端更新任务包_20261009.zip,WORK-LAB_UI_20261009/design/png_1440p/17_mobile.png,sha256:65f733ebd771598088df9970ddae018fd73f250909a14aeb9e3938e23daa8dfd,69116,65f733ebd771598088df9970ddae018fd73f250909a14aeb9e3938e23daa8dfd,5d5efbc2,PRESERVED_IN_COMPLETE_ARCHIVE
WL-REC-0037,WL-REC-0037,docs/history/owner-inputs/20261009/WORK-LAB_UI前端更新任务包_20261009.zip,WORK-LAB_UI_20261009/design/png_4k/01_projects.png,sha256:4cd896f01edf7d4ea37cae1eb0bed502785981f08b60327dffc5838ed60685ec,418932,4cd896f01edf7d4ea37cae1eb0bed502785981f08b60327dffc5838ed60685ec,c42025a6,PRESERVED_IN_COMPLETE_ARCHIVE
WL-REC-0037,WL-REC-0037,docs/history/owner-inputs/20261009/WORK-LAB_UI前端更新任务包_20261009.zip,WORK-LAB_UI_20261009/design/png_4k/01_projects_light.png,sha256:634ad954da3dcedfb500382c5e7e939c4d0a8109332dedd285571046a385c2b9,418556,634ad954da3dcedfb500382c5e7e939c4d0a8109332dedd285571046a385c2b9,28211421,PRESERVED_IN_COMPLETE_ARCHIVE
WL-REC-0037,WL-REC-0037,docs/history/owner-inputs/20261009/WORK-LAB_UI前端更新任务包_20261009.zip,WORK-LAB_UI_20261009/design/png_4k/02_project_detail.png,sha256:c769104f318a08aef7772cf470aa02947680ce1952c45548d85e7d1f570f760f,434060,c769104f318a08aef7772cf470aa02947680ce1952c45548d85e7d1f570f760f,0787b899,PRESERVED_IN_COMPLETE_ARCHIVE
WL-REC-0037,WL-REC-0037,docs/history/owner-inputs/20261009/WORK-LAB_UI前端更新任务包_20261009.zip,WORK-LAB_UI_20261009/design/png_4k/02_project_detail_light.png,sha256:9bad18b5f4db0cb5ab3de7b2d61e6d3a35fda4bcdfa57529a3769d7d54c0b973,434151,9bad18b5f4db0cb5ab3de7b2d61e6d3a35fda4bcdfa57529a3769d7d54c0b973,76f154dc,PRESERVED_IN_COMPLETE_ARCHIVE
WL-REC-0037,WL-REC-0037,docs/history/owner-inputs/20261009/WORK-LAB_UI前端更新任务包_20261009.zip,WORK-LAB_UI_20261009/design/png_4k/03_software.png,sha256:4889c1c529d165b7128691b4ab5f964a757f9e5761d5e2b73750813465a47563,416864,4889c1c529d165b7128691b4ab5f964a757f9e5761d5e2b73750813465a47563,83c25554,PRESERVED_IN_COMPLETE_ARCHIVE
WL-REC-0037,WL-REC-0037,docs/history/owner-inputs/20261009/WORK-LAB_UI前端更新任务包_20261009.zip,WORK-LAB_UI_20261009/design/png_4k/03_software_light.png,sha256:2002f5aded9d31ab89aa6c7a733b31d960b8e46fe670e8bc1340f6e970212821,417106,2002f5aded9d31ab89aa6c7a733b31d960b8e46fe670e8bc1340f6e970212821,e11185ef,PRESERVED_IN_COMPLETE_ARCHIVE
WL-REC-0037,WL-REC-0037,docs/history/owner-inputs/20261009/WORK-LAB_UI前端更新任务包_20261009.zip,WORK-LAB_UI_20261009/design/png_4k/04_software_detail.png,sha256:73c2f6d65c263272e7f32deb11d6cdb732e84781d0bf8171e7704cad59452f0e,394483,73c2f6d65c263272e7f32deb11d6cdb732e84781d0bf8171e7704cad59452f0e,92cf0790,PRESERVED_IN_COMPLETE_ARCHIVE
WL-REC-0037,WL-REC-0037,docs/history/owner-inputs/20261009/WORK-LAB_UI前端更新任务包_20261009.zip,WORK-LAB_UI_20261009/design/png_4k/04_software_detail_light.png,sha256:a8dab880c756018a8497fa39ebaf92b084fd4713a54ed4a37c0c485edff9f5fd,393835,a8dab880c756018a8497fa39ebaf92b084fd4713a54ed4a37c0c485edff9f5fd,7048acc6,PRESERVED_IN_COMPLETE_ARCHIVE
WL-REC-0037,WL-REC-0037,docs/history/owner-inputs/20261009/WORK-LAB_UI前端更新任务包_20261009.zip,WORK-LAB_UI_20261009/design/png_4k/05_assets.png,sha256:f575d145a3f10c9e4ff9559c5b54a20726ae22e605108d9e3d903d3d3a3165aa,408634,f575d145a3f10c9e4ff9559c5b54a20726ae22e605108d9e3d903d3d3a3165aa,5bb1a06a,PRESERVED_IN_COMPLETE_ARCHIVE
WL-REC-0037,WL-REC-0037,docs/history/owner-inputs/20261009/WORK-LAB_UI前端更新任务包_20261009.zip,WORK-LAB_UI_20261009/design/png_4k/05_assets_light.png,sha256:0296e793944c4aafff61ea6ccd490ac35cc675bf863a008f45246dda5b4ce1e1,408455,0296e793944c4aafff61ea6ccd490ac35cc675bf863a008f45246dda5b4ce1e1,9f116151,PRESERVED_IN_COMPLETE_ARCHIVE
WL-REC-0037,WL-REC-0037,docs/history/owner-inputs/20261009/WORK-LAB_UI前端更新任务包_20261009.zip,WORK-LAB_UI_20261009/design/png_4k/06_asset_detail.png,sha256:527a8d400cdab5312cd08786fdb8ecde212439a7bce2238f995ca3713f67d3b1,449088,527a8d400cdab5312cd08786fdb8ecde212439a7bce2238f995ca3713f67d3b1,7558ce2d,PRESERVED_IN_COMPLETE_ARCHIVE
WL-REC-0037,WL-REC-0037,docs/history/owner-inputs/20261009/WORK-LAB_UI前端更新任务包_20261009.zip,WORK-LAB_UI_20261009/design/png_4k/06_asset_detail_light.png,sha256:008714215f2b6fd2f109aeb0433d043db97333cd843ea86048741957d40bd96f,449593,008714215f2b6fd2f109aeb0433d043db97333cd843ea86048741957d40bd96f,f57a578f,PRESERVED_IN_COMPLETE_ARCHIVE
WL-REC-0037,WL-REC-0037,docs/history/owner-inputs/20261009/WORK-LAB_UI前端更新任务包_20261009.zip,WORK-LAB_UI_20261009/design/png_4k/07_migration.png,sha256:e15b41e951b13f05fc4665a15f380e3419085bd02698a2ae9103b5d1633d320a,436312,e15b41e951b13f05fc4665a15f380e3419085bd02698a2ae9103b5d1633d320a,51ad804d,PRESERVED_IN_COMPLETE_ARCHIVE
WL-REC-0037,WL-REC-0037,docs/history/owner-inputs/20261009/WORK-LAB_UI前端更新任务包_20261009.zip,WORK-LAB_UI_20261009/design/png_4k/07_migration_light.png,sha256:5683de26f563be45571b1308d054299d62f025a95f647f163deca9d22cf79f6a,437398,5683de26f563be45571b1308d054299d62f025a95f647f163deca9d22cf79f6a,eeb3ebe5,PRESERVED_IN_COMPLETE_ARCHIVE
WL-REC-0037,WL-REC-0037,docs/history/owner-inputs/20261009/WORK-LAB_UI前端更新任务包_20261009.zip,WORK-LAB_UI_20261009/design/png_4k/08_usage.png,sha256:add38a49d92002ecb70e481df9f37cbc397ac36cd017fd2659d0d28c7ed3b4ad,411062,add38a49d92002ecb70e481df9f37cbc397ac36cd017fd2659d0d28c7ed3b4ad,4d19fce4,PRESERVED_IN_COMPLETE_ARCHIVE
WL-REC-0037,WL-REC-0037,docs/history/owner-inputs/20261009/WORK-LAB_UI前端更新任务包_20261009.zip,WORK-LAB_UI_20261009/design/png_4k/08_usage_light.png,sha256:c50e91aa16218d569bf51d2a10196994e51e60f704faa5e2849af3b3b5a821ac,410764,c50e91aa16218d569bf51d2a10196994e51e60f704faa5e2849af3b3b5a821ac,2d2cd2a9,PRESERVED_IN_COMPLETE_ARCHIVE
WL-REC-0037,WL-REC-0037,docs/history/owner-inputs/20261009/WORK-LAB_UI前端更新任务包_20261009.zip,WORK-LAB_UI_20261009/design/png_4k/09_rules.png,sha256:ca20ee425180f9265396431c6365e0687b8e93f82c0e4a894471950defe93cc0,400827,ca20ee425180f9265396431c6365e0687b8e93f82c0e4a894471950defe93cc0,2a1519e7,PRESERVED_IN_COMPLETE_ARCHIVE
WL-REC-0037,WL-REC-0037,docs/history/owner-inputs/20261009/WORK-LAB_UI前端更新任务包_20261009.zip,WORK-LAB_UI_20261009/design/png_4k/09_rules_light.png,sha256:0ada6822a9d1c4ed8b51bdfa5b42a02136d2c45029011538ef1a75cddc040581,400720,0ada6822a9d1c4ed8b51bdfa5b42a02136d2c45029011538ef1a75cddc040581,9b180f56,PRESERVED_IN_COMPLETE_ARCHIVE
WL-REC-0037,WL-REC-0037,docs/history/owner-inputs/20261009/WORK-LAB_UI前端更新任务包_20261009.zip,WORK-LAB_UI_20261009/design/png_4k/10_rule_diff.png,sha256:0c6e3091a042c7118dd3059c91d369f94d20cb4407f62ba60c39263413fa16ba,377404,0c6e3091a042c7118dd3059c91d369f94d20cb4407f62ba60c39263413fa16ba,3be6c2ed,PRESERVED_IN_COMPLETE_ARCHIVE
WL-REC-0037,WL-REC-0037,docs/history/owner-inputs/20261009/WORK-LAB_UI前端更新任务包_20261009.zip,WORK-LAB_UI_20261009/design/png_4k/10_rule_diff_light.png,sha256:06a05567df86436990ea56df1d2100f64c88fa5758b694dfa81c0f134f4df367,376029,06a05567df86436990ea56df1d2100f64c88fa5758b694dfa81c0f134f4df367,4a01c357,PRESERVED_IN_COMPLETE_ARCHIVE
WL-REC-0037,WL-REC-0037,docs/history/owner-inputs/20261009/WORK-LAB_UI前端更新任务包_20261009.zip,WORK-LAB_UI_20261009/design/png_4k/11_collaboration.png,sha256:f4af1c2b51121fe615a34886e428646e852739e5ffab82d088163201a850066c,477756,f4af1c2b51121fe615a34886e428646e852739e5ffab82d088163201a850066c,ef52f992,PRESERVED_IN_COMPLETE_ARCHIVE
WL-REC-0037,WL-REC-0037,docs/history/owner-inputs/20261009/WORK-LAB_UI前端更新任务包_20261009.zip,WORK-LAB_UI_20261009/design/png_4k/11_collaboration_light.png,sha256:a02957bd514b4b22e36f4a4a8b7c65962ab7857b02e8681514c41c5ab2b16f6f,476303,a02957bd514b4b22e36f4a4a8b7c65962ab7857b02e8681514c41c5ab2b16f6f,75ec8a1a,PRESERVED_IN_COMPLETE_ARCHIVE
WL-REC-0037,WL-REC-0037,docs/history/owner-inputs/20261009/WORK-LAB_UI前端更新任务包_20261009.zip,WORK-LAB_UI_20261009/design/png_4k/12_diagnostics.png,sha256:320b174227f1c948ff9780b354757786935cc8f9076e5e3685286f03b82cb5cb,419751,320b174227f1c948ff9780b354757786935cc8f9076e5e3685286f03b82cb5cb,a1e9ccc0,PRESERVED_IN_COMPLETE_ARCHIVE
WL-REC-0037,WL-REC-0037,docs/history/owner-inputs/20261009/WORK-LAB_UI前端更新任务包_20261009.zip,WORK-LAB_UI_20261009/design/png_4k/12_diagnostics_light.png,sha256:fabf4c3f6e028a4930ebf596dfd4eb56ea583467c305283fe0679738dd378bf4,419579,fabf4c3f6e028a4930ebf596dfd4eb56ea583467c305283fe0679738dd378bf4,1267f804,PRESERVED_IN_COMPLETE_ARCHIVE
WL-REC-0037,WL-REC-0037,docs/history/owner-inputs/20261009/WORK-LAB_UI前端更新任务包_20261009.zip,WORK-LAB_UI_20261009/design/png_4k/13_settings.png,sha256:68653ea51fa2613787146a9940f4c1519aead3d71d60a5340c9b222a8f61040b,438018,68653ea51fa2613787146a9940f4c1519aead3d71d60a5340c9b222a8f61040b,ac12553e,PRESERVED_IN_COMPLETE_ARCHIVE
WL-REC-0037,WL-REC-0037,docs/history/owner-inputs/20261009/WORK-LAB_UI前端更新任务包_20261009.zip,WORK-LAB_UI_20261009/design/png_4k/13_settings_light.png,sha256:70103ece7b44e257a5d6a96724ec04fc1f67a1f6363a47e44d03fb620331b116,437012,70103ece7b44e257a5d6a96724ec04fc1f67a1f6363a47e44d03fb620331b116,aad2cb80,PRESERVED_IN_COMPLETE_ARCHIVE
WL-REC-0037,WL-REC-0037,docs/history/owner-inputs/20261009/WORK-LAB_UI前端更新任务包_20261009.zip,WORK-LAB_UI_20261009/design/png_4k/14_states.png,sha256:2e7d0d0934d2241a15b139e92307f583155f394ca449580b54b44809fe717657,364763,2e7d0d0934d2241a15b139e92307f583155f394ca449580b54b44809fe717657,46cf0087,PRESERVED_IN_COMPLETE_ARCHIVE
WL-REC-0037,WL-REC-0037,docs/history/owner-inputs/20261009/WORK-LAB_UI前端更新任务包_20261009.zip,WORK-LAB_UI_20261009/design/png_4k/14_states_light.png,sha256:c63569dfeaba8d11a0c2f923144e3724461cbab46cbc41db1c160c824ce8824f,365492,c63569dfeaba8d11a0c2f923144e3724461cbab46cbc41db1c160c824ce8824f,2bb9bae9,PRESERVED_IN_COMPLETE_ARCHIVE
WL-REC-0037,WL-REC-0037,docs/history/owner-inputs/20261009/WORK-LAB_UI前端更新任务包_20261009.zip,WORK-LAB_UI_20261009/design/png_4k/15_first_run.png,sha256:fe386e177fd3a3c9811b20b4471ee106bb1f3d324e1b30bd8d89afaed4bd320e,420799,fe386e177fd3a3c9811b20b4471ee106bb1f3d324e1b30bd8d89afaed4bd320e,f2e23c6c,PRESERVED_IN_COMPLETE_ARCHIVE
WL-REC-0037,WL-REC-0037,docs/history/owner-inputs/20261009/WORK-LAB_UI前端更新任务包_20261009.zip,WORK-LAB_UI_20261009/design/png_4k/15_first_run_light.png,sha256:9b9dc7438318df40a14213d1689e65b507379b8049e858e8e23e50b5b584cef9,420616,9b9dc7438318df40a14213d1689e65b507379b8049e858e8e23e50b5b584cef9,acbff616,PRESERVED_IN_COMPLETE_ARCHIVE
WL-REC-0037,WL-REC-0037,docs/history/owner-inputs/20261009/WORK-LAB_UI前端更新任务包_20261009.zip,WORK-LAB_UI_20261009/design/png_4k/16_components.png,sha256:d68438f1aa7ae0ed805b89fb9c5cdd14a735e6ecf76ea5dadb68220b874c7584,384012,d68438f1aa7ae0ed805b89fb9c5cdd14a735e6ecf76ea5dadb68220b874c7584,7f663d39,PRESERVED_IN_COMPLETE_ARCHIVE
WL-REC-0037,WL-REC-0037,docs/history/owner-inputs/20261009/WORK-LAB_UI前端更新任务包_20261009.zip,WORK-LAB_UI_20261009/design/png_4k/16_components_light.png,sha256:f626d56ffe4e77cc0c165abcaa636b49c75a3133f881401e51f131de4eb3bf6a,384317,f626d56ffe4e77cc0c165abcaa636b49c75a3133f881401e51f131de4eb3bf6a,a89a2797,PRESERVED_IN_COMPLETE_ARCHIVE
WL-REC-0037,WL-REC-0037,docs/history/owner-inputs/20261009/WORK-LAB_UI前端更新任务包_20261009.zip,WORK-LAB_UI_20261009/design/png_4k/17_mobile.png,sha256:9bda7c4c2fb0abc8958ca4a8695743499c8a660b74d8ba34bbc2a2f36e10bbc8,160391,9bda7c4c2fb0abc8958ca4a8695743499c8a660b74d8ba34bbc2a2f36e10bbc8,b775e8d1,PRESERVED_IN_COMPLETE_ARCHIVE
WL-REC-0037,WL-REC-0037,docs/history/owner-inputs/20261009/WORK-LAB_UI前端更新任务包_20261009.zip,WORK-LAB_UI_20261009/design/scenes/01_projects.json,sha256:6c13115e1a610588b2439c80afe21759e5b51eccd268768ac400bd5e987842d0,26188,6c13115e1a610588b2439c80afe21759e5b51eccd268768ac400bd5e987842d0,2cb4f75c,PRESERVED_IN_COMPLETE_ARCHIVE
WL-REC-0037,WL-REC-0037,docs/history/owner-inputs/20261009/WORK-LAB_UI前端更新任务包_20261009.zip,WORK-LAB_UI_20261009/design/scenes/01_projects_light.json,sha256:355346f94bd21a07b2c4eca08d6d2495014f5a590221e9d4d39a375498becaae,26195,355346f94bd21a07b2c4eca08d6d2495014f5a590221e9d4d39a375498becaae,5929a224,PRESERVED_IN_COMPLETE_ARCHIVE
WL-REC-0037,WL-REC-0037,docs/history/owner-inputs/20261009/WORK-LAB_UI前端更新任务包_20261009.zip,WORK-LAB_UI_20261009/design/scenes/02_project_detail.json,sha256:72988b303c1eb5f38d2c313334b09dfb844777ac97daa9ed8bece9a2d4cc6345,18932,72988b303c1eb5f38d2c313334b09dfb844777ac97daa9ed8bece9a2d4cc6345,86113e70,PRESERVED_IN_COMPLETE_ARCHIVE
WL-REC-0037,WL-REC-0037,docs/history/owner-inputs/20261009/WORK-LAB_UI前端更新任务包_20261009.zip,WORK-LAB_UI_20261009/design/scenes/02_project_detail_light.json,sha256:13c1b32127e9cd922b479f1000da9c8bb3f238bde6fcbf0c59012cd3bbc3049a,18939,13c1b32127e9cd922b479f1000da9c8bb3f238bde6fcbf0c59012cd3bbc3049a,26db92e3,PRESERVED_IN_COMPLETE_ARCHIVE
WL-REC-0037,WL-REC-0037,docs/history/owner-inputs/20261009/WORK-LAB_UI前端更新任务包_20261009.zip,WORK-LAB_UI_20261009/design/scenes/03_software.json,sha256:acc0f63bcbc1c3322b7e67592eb754645fbacede83cc328734e87c3dc5e6bf47,18544,acc0f63bcbc1c3322b7e67592eb754645fbacede83cc328734e87c3dc5e6bf47,7ca5aff5,PRESERVED_IN_COMPLETE_ARCHIVE
WL-REC-0037,WL-REC-0037,docs/history/owner-inputs/20261009/WORK-LAB_UI前端更新任务包_20261009.zip,WORK-LAB_UI_20261009/design/scenes/03_software_light.json,sha256:d50bc99a34ab764e858b08a00878d699a48d04055ec861d59dea35c80c995101,18551,d50bc99a34ab764e858b08a00878d699a48d04055ec861d59dea35c80c995101,f210ac1e,PRESERVED_IN_COMPLETE_ARCHIVE
WL-REC-0037,WL-REC-0037,docs/history/owner-inputs/20261009/WORK-LAB_UI前端更新任务包_20261009.zip,WORK-LAB_UI_20261009/design/scenes/04_software_detail.json,sha256:15d86049ff75fe0e338af174226e3dd8ba76fd7464004f7899e0d0e02b0dad9c,18889,15d86049ff75fe0e338af174226e3dd8ba76fd7464004f7899e0d0e02b0dad9c,aef5f369,PRESERVED_IN_COMPLETE_ARCHIVE
WL-REC-0037,WL-REC-0037,docs/history/owner-inputs/20261009/WORK-LAB_UI前端更新任务包_20261009.zip,WORK-LAB_UI_20261009/design/scenes/04_software_detail_light.json,sha256:24f37244493ba6749eb4e1749b40e93b5e9d55c2149ed358ed9c6d50854d63dc,18896,24f37244493ba6749eb4e1749b40e93b5e9d55c2149ed358ed9c6d50854d63dc,ee154e63,PRESERVED_IN_COMPLETE_ARCHIVE
WL-REC-0037,WL-REC-0037,docs/history/owner-inputs/20261009/WORK-LAB_UI前端更新任务包_20261009.zip,WORK-LAB_UI_20261009/design/scenes/05_assets.json,sha256:3131ced7840b68a6e5ea6d99ef0251da63f9ac10e4e2b76a78493e728af80d7d,19119,3131ced7840b68a6e5ea6d99ef0251da63f9ac10e4e2b76a78493e728af80d7d,ce3cbe47,PRESERVED_IN_COMPLETE_ARCHIVE
WL-REC-0037,WL-REC-0037,docs/history/owner-inputs/20261009/WORK-LAB_UI前端更新任务包_20261009.zip,WORK-LAB_UI_20261009/design/scenes/05_assets_light.json,sha256:22d79a7ce632c718d9b51f77a4486295d1d27bdfed343f504e15490e55a5ed9b,19126,22d79a7ce632c718d9b51f77a4486295d1d27bdfed343f504e15490e55a5ed9b,2d239c1f,PRESERVED_IN_COMPLETE_ARCHIVE
WL-REC-0037,WL-REC-0037,docs/history/owner-inputs/20261009/WORK-LAB_UI前端更新任务包_20261009.zip,WORK-LAB_UI_20261009/design/scenes/06_asset_detail.json,sha256:025080dc6d45b2db32f18329acdd9193df9dd2fd605335b2bc1ed848e6ab2a68,17356,025080dc6d45b2db32f18329acdd9193df9dd2fd605335b2bc1ed848e6ab2a68,f9ed300d,PRESERVED_IN_COMPLETE_ARCHIVE
WL-REC-0037,WL-REC-0037,docs/history/owner-inputs/20261009/WORK-LAB_UI前端更新任务包_20261009.zip,WORK-LAB_UI_20261009/design/scenes/06_asset_detail_light.json,sha256:a62ce1fd762e978866c07479be86a061594854928fe445387dae5050fd58e4f5,17363,a62ce1fd762e978866c07479be86a061594854928fe445387dae5050fd58e4f5,baeeebf5,PRESERVED_IN_COMPLETE_ARCHIVE
WL-REC-0037,WL-REC-0037,docs/history/owner-inputs/20261009/WORK-LAB_UI前端更新任务包_20261009.zip,WORK-LAB_UI_20261009/design/scenes/07_migration.json,sha256:8cd5b70497cbfb1c2bc288d3f11d50641b3f61035094bf75d8e09ec8a048e0d3,16586,8cd5b70497cbfb1c2bc288d3f11d50641b3f61035094bf75d8e09ec8a048e0d3,d0ea2366,PRESERVED_IN_COMPLETE_ARCHIVE
WL-REC-0037,WL-REC-0037,docs/history/owner-inputs/20261009/WORK-LAB_UI前端更新任务包_20261009.zip,WORK-LAB_UI_20261009/design/scenes/07_migration_light.json,sha256:300fd3db8e5a51cbabb1c6a1c3bfd1dbad8900ca5830b43edfe3b9d27ac8be68,16593,300fd3db8e5a51cbabb1c6a1c3bfd1dbad8900ca5830b43edfe3b9d27ac8be68,e616ee47,PRESERVED_IN_COMPLETE_ARCHIVE
WL-REC-0037,WL-REC-0037,docs/history/owner-inputs/20261009/WORK-LAB_UI前端更新任务包_20261009.zip,WORK-LAB_UI_20261009/design/scenes/08_usage.json,sha256:c242db3e6dde07d71ac8034d583bb9843435b8731b0aeaadb455b39abe0123ac,25811,c242db3e6dde07d71ac8034d583bb9843435b8731b0aeaadb455b39abe0123ac,5975c98b,PRESERVED_IN_COMPLETE_ARCHIVE
WL-REC-0037,WL-REC-0037,docs/history/owner-inputs/20261009/WORK-LAB_UI前端更新任务包_20261009.zip,WORK-LAB_UI_20261009/design/scenes/08_usage_light.json,sha256:1d166348bc1fcc1842aba638d0c0edd33c8883b24e45fc23bc189a700b2fdacc,25818,1d166348bc1fcc1842aba638d0c0edd33c8883b24e45fc23bc189a700b2fdacc,784eaf0c,PRESERVED_IN_COMPLETE_ARCHIVE
WL-REC-0037,WL-REC-0037,docs/history/owner-inputs/20261009/WORK-LAB_UI前端更新任务包_20261009.zip,WORK-LAB_UI_20261009/design/scenes/09_rules.json,sha256:3b9ec9679664467f1406e71cdf1c7db3b99bb5776a158a4315e2c21939ebd0e0,17867,3b9ec9679664467f1406e71cdf1c7db3b99bb5776a158a4315e2c21939ebd0e0,5587505b,PRESERVED_IN_COMPLETE_ARCHIVE
WL-REC-0037,WL-REC-0037,docs/history/owner-inputs/20261009/WORK-LAB_UI前端更新任务包_20261009.zip,WORK-LAB_UI_20261009/design/scenes/09_rules_light.json,sha256:522007b58cd89c99eeebf369bf75d34b9ba04d7093704de7e842692b8c7f63a6,17874,522007b58cd89c99eeebf369bf75d34b9ba04d7093704de7e842692b8c7f63a6,099f9ba7,PRESERVED_IN_COMPLETE_ARCHIVE
WL-REC-0037,WL-REC-0037,docs/history/owner-inputs/20261009/WORK-LAB_UI前端更新任务包_20261009.zip,WORK-LAB_UI_20261009/design/scenes/10_rule_diff.json,sha256:47d39843d729332744a188668a50be81cfd687660f6831cac30e8dbea0cdf701,16570,47d39843d729332744a188668a50be81cfd687660f6831cac30e8dbea0cdf701,11915494,PRESERVED_IN_COMPLETE_ARCHIVE
WL-REC-0037,WL-REC-0037,docs/history/owner-inputs/20261009/WORK-LAB_UI前端更新任务包_20261009.zip,WORK-LAB_UI_20261009/design/scenes/10_rule_diff_light.json,sha256:5c251b302b61654a5ad140421b4bced707b2d426c39348cce4c066d7db3a9b94,16577,5c251b302b61654a5ad140421b4bced707b2d426c39348cce4c066d7db3a9b94,ca271592,PRESERVED_IN_COMPLETE_ARCHIVE
WL-REC-0037,WL-REC-0037,docs/history/owner-inputs/20261009/WORK-LAB_UI前端更新任务包_20261009.zip,WORK-LAB_UI_20261009/design/scenes/11_collaboration.json,sha256:102872e30418d8e28d9c2d998fa92951767f941a08d00252d8f25d6114621283,16496,102872e30418d8e28d9c2d998fa92951767f941a08d00252d8f25d6114621283,a50055a2,PRESERVED_IN_COMPLETE_ARCHIVE
WL-REC-0037,WL-REC-0037,docs/history/owner-inputs/20261009/WORK-LAB_UI前端更新任务包_20261009.zip,WORK-LAB_UI_20261009/design/scenes/11_collaboration_light.json,sha256:f6ca24050d9cd72cdaf28d280c03390a4daece24e97622e25064013a5775bf54,16503,f6ca24050d9cd72cdaf28d280c03390a4daece24e97622e25064013a5775bf54,89e1405a,PRESERVED_IN_COMPLETE_ARCHIVE
WL-REC-0037,WL-REC-0037,docs/history/owner-inputs/20261009/WORK-LAB_UI前端更新任务包_20261009.zip,WORK-LAB_UI_20261009/design/scenes/12_diagnostics.json,sha256:14b8f85a8a9050165ce627f903713a36ef67fce12563a76d86637cb731fd55df,16837,14b8f85a8a9050165ce627f903713a36ef67fce12563a76d86637cb731fd55df,efb777fd,PRESERVED_IN_COMPLETE_ARCHIVE
WL-REC-0037,WL-REC-0037,docs/history/owner-inputs/20261009/WORK-LAB_UI前端更新任务包_20261009.zip,WORK-LAB_UI_20261009/design/scenes/12_diagnostics_light.json,sha256:e80c5169e5430824e559c0a322a844e26d43e5c581cd2ca58b7f42f75d40bd61,16844,e80c5169e5430824e559c0a322a844e26d43e5c581cd2ca58b7f42f75d40bd61,55e7567c,PRESERVED_IN_COMPLETE_ARCHIVE
WL-REC-0037,WL-REC-0037,docs/history/owner-inputs/20261009/WORK-LAB_UI前端更新任务包_20261009.zip,WORK-LAB_UI_20261009/design/scenes/13_settings.json,sha256:55d026412348b1c738c4bbb53a67a0868be08fbfc9ca1be3059ff787089082a0,16037,55d026412348b1c738c4bbb53a67a0868be08fbfc9ca1be3059ff787089082a0,1e77a8ea,PRESERVED_IN_COMPLETE_ARCHIVE
WL-REC-0037,WL-REC-0037,docs/history/owner-inputs/20261009/WORK-LAB_UI前端更新任务包_20261009.zip,WORK-LAB_UI_20261009/design/scenes/13_settings_light.json,sha256:cdcef7464f61d1dd1500b4858ab0633858cb9870a9d0d0501d603b833465135d,16044,cdcef7464f61d1dd1500b4858ab0633858cb9870a9d0d0501d603b833465135d,3424036e,PRESERVED_IN_COMPLETE_ARCHIVE
WL-REC-0037,WL-REC-0037,docs/history/owner-inputs/20261009/WORK-LAB_UI前端更新任务包_20261009.zip,WORK-LAB_UI_20261009/design/scenes/14_states.json,sha256:9a10503200fa1466771d414fbe4da4398b73d5b6b654a1a66757c28da0295ee9,16340,9a10503200fa1466771d414fbe4da4398b73d5b6b654a1a66757c28da0295ee9,7c88386f,PRESERVED_IN_COMPLETE_ARCHIVE
WL-REC-0037,WL-REC-0037,docs/history/owner-inputs/20261009/WORK-LAB_UI前端更新任务包_20261009.zip,WORK-LAB_UI_20261009/design/scenes/14_states_light.json,sha256:5411e031e8434f2d9de0b472fdd36389c6036b896762677c8e602ad17966408d,16347,5411e031e8434f2d9de0b472fdd36389c6036b896762677c8e602ad17966408d,749f0a08,PRESERVED_IN_COMPLETE_ARCHIVE
WL-REC-0037,WL-REC-0037,docs/history/owner-inputs/20261009/WORK-LAB_UI前端更新任务包_20261009.zip,WORK-LAB_UI_20261009/design/scenes/15_first_run.json,sha256:98979d01ce879386e54e0498d2489fa308af3eeee8c6581e004810ae8054ef34,15867,98979d01ce879386e54e0498d2489fa308af3eeee8c6581e004810ae8054ef34,d8a8fcb5,PRESERVED_IN_COMPLETE_ARCHIVE
WL-REC-0037,WL-REC-0037,docs/history/owner-inputs/20261009/WORK-LAB_UI前端更新任务包_20261009.zip,WORK-LAB_UI_20261009/design/scenes/15_first_run_light.json,sha256:0bc778c3038f414dbb111d1754b215f2e0dd58e893542264ac81e57e3c746100,15874,0bc778c3038f414dbb111d1754b215f2e0dd58e893542264ac81e57e3c746100,03dd24e8,PRESERVED_IN_COMPLETE_ARCHIVE
WL-REC-0037,WL-REC-0037,docs/history/owner-inputs/20261009/WORK-LAB_UI前端更新任务包_20261009.zip,WORK-LAB_UI_20261009/design/scenes/16_components.json,sha256:bc914725ff7ba2d15fa510fa4621c9e93e34a840f6fba3235299eafe6db65fde,15481,bc914725ff7ba2d15fa510fa4621c9e93e34a840f6fba3235299eafe6db65fde,73e752cd,PRESERVED_IN_COMPLETE_ARCHIVE
WL-REC-0037,WL-REC-0037,docs/history/owner-inputs/20261009/WORK-LAB_UI前端更新任务包_20261009.zip,WORK-LAB_UI_20261009/design/scenes/16_components_light.json,sha256:b9161395488a6aca00292b2e386b10e282feebb6c3005bfcc5eb421019991673,15488,b9161395488a6aca00292b2e386b10e282feebb6c3005bfcc5eb421019991673,705608b1,PRESERVED_IN_COMPLETE_ARCHIVE
WL-REC-0037,WL-REC-0037,docs/history/owner-inputs/20261009/WORK-LAB_UI前端更新任务包_20261009.zip,WORK-LAB_UI_20261009/design/scenes/17_mobile.json,sha256:3578204fddedfe71661f55fdcae3c8027c8b2f023b1d4a0b9758198aed89f384,8870,3578204fddedfe71661f55fdcae3c8027c8b2f023b1d4a0b9758198aed89f384,2d46a4d1,PRESERVED_IN_COMPLETE_ARCHIVE
WL-REC-0037,WL-REC-0037,docs/history/owner-inputs/20261009/WORK-LAB_UI前端更新任务包_20261009.zip,WORK-LAB_UI_20261009/design/svg/01_projects.svg,sha256:632ff0047e8f8f62de330b65edbbb09c4cf5bf4a7d5e8341015a990bef91ed5b,219997,632ff0047e8f8f62de330b65edbbb09c4cf5bf4a7d5e8341015a990bef91ed5b,d6b98c75,PRESERVED_IN_COMPLETE_ARCHIVE
WL-REC-0037,WL-REC-0037,docs/history/owner-inputs/20261009/WORK-LAB_UI前端更新任务包_20261009.zip,WORK-LAB_UI_20261009/design/svg/01_projects_light.svg,sha256:34d2ae9e8c3c59c989e7f9af8fe73897ec167ffd54e49d3076244100a3597aa1,219997,34d2ae9e8c3c59c989e7f9af8fe73897ec167ffd54e49d3076244100a3597aa1,76696620,PRESERVED_IN_COMPLETE_ARCHIVE
WL-REC-0037,WL-REC-0037,docs/history/owner-inputs/20261009/WORK-LAB_UI前端更新任务包_20261009.zip,WORK-LAB_UI_20261009/design/svg/02_project_detail.svg,sha256:79b7617382e451767463b6f9240de7b747c09af26365875b0be7882dfb808c71,228252,79b7617382e451767463b6f9240de7b747c09af26365875b0be7882dfb808c71,b7c15a0b,PRESERVED_IN_COMPLETE_ARCHIVE
WL-REC-0037,WL-REC-0037,docs/history/owner-inputs/20261009/WORK-LAB_UI前端更新任务包_20261009.zip,WORK-LAB_UI_20261009/design/svg/02_project_detail_light.svg,sha256:69dd6abf93cb75d1039f36f69e58057b22781a78725955bdd6b2562f0febe92a,228252,69dd6abf93cb75d1039f36f69e58057b22781a78725955bdd6b2562f0febe92a,d4a2ffa8,PRESERVED_IN_COMPLETE_ARCHIVE
WL-REC-0037,WL-REC-0037,docs/history/owner-inputs/20261009/WORK-LAB_UI前端更新任务包_20261009.zip,WORK-LAB_UI_20261009/design/svg/03_software.svg,sha256:3347b771e28557d56d4c9ccf9db19cb47aa0a0d84633705a7fa71d1f3489bb73,208689,3347b771e28557d56d4c9ccf9db19cb47aa0a0d84633705a7fa71d1f3489bb73,337824bf,PRESERVED_IN_COMPLETE_ARCHIVE
WL-REC-0037,WL-REC-0037,docs/history/owner-inputs/20261009/WORK-LAB_UI前端更新任务包_20261009.zip,WORK-LAB_UI_20261009/design/svg/03_software_light.svg,sha256:8123af8ca847f1b43dd55aa846244ce2fa1b51a58303cbe6063381fcb40f3cc9,208689,8123af8ca847f1b43dd55aa846244ce2fa1b51a58303cbe6063381fcb40f3cc9,6f39ddf2,PRESERVED_IN_COMPLETE_ARCHIVE
WL-REC-0037,WL-REC-0037,docs/history/owner-inputs/20261009/WORK-LAB_UI前端更新任务包_20261009.zip,WORK-LAB_UI_20261009/design/svg/04_software_detail.svg,sha256:aa72bff0fc9ac4a46f0a182e486397c4ecc19e1449b0d681e7edd7d5389944b6,195060,aa72bff0fc9ac4a46f0a182e486397c4ecc19e1449b0d681e7edd7d5389944b6,241da898,PRESERVED_IN_COMPLETE_ARCHIVE
WL-REC-0037,WL-REC-0037,docs/history/owner-inputs/20261009/WORK-LAB_UI前端更新任务包_20261009.zip,WORK-LAB_UI_20261009/design/svg/04_software_detail_light.svg,sha256:808a456e88b549e999ca563681200a5614e76fbbe1eef562d4f22379001b2ccc,195060,808a456e88b549e999ca563681200a5614e76fbbe1eef562d4f22379001b2ccc,30186360,PRESERVED_IN_COMPLETE_ARCHIVE
WL-REC-0037,WL-REC-0037,docs/history/owner-inputs/20261009/WORK-LAB_UI前端更新任务包_20261009.zip,WORK-LAB_UI_20261009/design/svg/05_assets.svg,sha256:6a596a16728c50b6270c27538dafc68c02349a0f27804a6827c31c78d0ef94e7,201643,6a596a16728c50b6270c27538dafc68c02349a0f27804a6827c31c78d0ef94e7,386063e5,PRESERVED_IN_COMPLETE_ARCHIVE
WL-REC-0037,WL-REC-0037,docs/history/owner-inputs/20261009/WORK-LAB_UI前端更新任务包_20261009.zip,WORK-LAB_UI_20261009/design/svg/05_assets_light.svg,sha256:39cd0b5f85ce2f6e6bf9c921c18128666ac5917039808c2289dae2cd99053aa5,201643,39cd0b5f85ce2f6e6bf9c921c18128666ac5917039808c2289dae2cd99053aa5,452678e4,PRESERVED_IN_COMPLETE_ARCHIVE
WL-REC-0037,WL-REC-0037,docs/history/owner-inputs/20261009/WORK-LAB_UI前端更新任务包_20261009.zip,WORK-LAB_UI_20261009/design/svg/06_asset_detail.svg,sha256:2f3f3c23dc47ab7ff82c57b24cc74600645f77de6de8982343eaa4ef49c6166a,232133,2f3f3c23dc47ab7ff82c57b24cc74600645f77de6de8982343eaa4ef49c6166a,732140ac,PRESERVED_IN_COMPLETE_ARCHIVE
WL-REC-0037,WL-REC-0037,docs/history/owner-inputs/20261009/WORK-LAB_UI前端更新任务包_20261009.zip,WORK-LAB_UI_20261009/design/svg/06_asset_detail_light.svg,sha256:6f02ed23ad6fabe79fb3c8f4b213306ff8449e00d2521948ae88589fb8e1bf9a,232133,6f02ed23ad6fabe79fb3c8f4b213306ff8449e00d2521948ae88589fb8e1bf9a,68c9a67a,PRESERVED_IN_COMPLETE_ARCHIVE
WL-REC-0037,WL-REC-0037,docs/history/owner-inputs/20261009/WORK-LAB_UI前端更新任务包_20261009.zip,WORK-LAB_UI_20261009/design/svg/07_migration.svg,sha256:57587190ea361a4a67bf58bd452a6480155f39cfeb8f7c026510f1ef695bc8b8,245041,57587190ea361a4a67bf58bd452a6480155f39cfeb8f7c026510f1ef695bc8b8,250d614e,PRESERVED_IN_COMPLETE_ARCHIVE
WL-REC-0037,WL-REC-0037,docs/history/owner-inputs/20261009/WORK-LAB_UI前端更新任务包_20261009.zip,WORK-LAB_UI_20261009/design/svg/07_migration_light.svg,sha256:68e88c429071de6e1a289eaee420baedf141a62e1e2d350752cc75a1d4031990,245041,68e88c429071de6e1a289eaee420baedf141a62e1e2d350752cc75a1d4031990,f1b6ce39,PRESERVED_IN_COMPLETE_ARCHIVE
WL-REC-0037,WL-REC-0037,docs/history/owner-inputs/20261009/WORK-LAB_UI前端更新任务包_20261009.zip,WORK-LAB_UI_20261009/design/svg/08_usage.svg,sha256:11958236df9a7965399db621199198a872c2a71a948ce5c0ab7c5682fe76ae78,229762,11958236df9a7965399db621199198a872c2a71a948ce5c0ab7c5682fe76ae78,7d76588a,PRESERVED_IN_COMPLETE_ARCHIVE
WL-REC-0037,WL-REC-0037,docs/history/owner-inputs/20261009/WORK-LAB_UI前端更新任务包_20261009.zip,WORK-LAB_UI_20261009/design/svg/08_usage_light.svg,sha256:5b9be4848d997a7740f576af81a78c0d574535a4595a9c7d83d00a4cf670883e,229762,5b9be4848d997a7740f576af81a78c0d574535a4595a9c7d83d00a4cf670883e,60865fbb,PRESERVED_IN_COMPLETE_ARCHIVE
WL-REC-0037,WL-REC-0037,docs/history/owner-inputs/20261009/WORK-LAB_UI前端更新任务包_20261009.zip,WORK-LAB_UI_20261009/design/svg/09_rules.svg,sha256:933bff996c3eff0b633a7b9fde7f44ddbdfb8b3cbc62c1d214cf327357889145,198541,933bff996c3eff0b633a7b9fde7f44ddbdfb8b3cbc62c1d214cf327357889145,c1200af3,PRESERVED_IN_COMPLETE_ARCHIVE
WL-REC-0037,WL-REC-0037,docs/history/owner-inputs/20261009/WORK-LAB_UI前端更新任务包_20261009.zip,WORK-LAB_UI_20261009/design/svg/09_rules_light.svg,sha256:2dd92c16c37abeb3bedee0cbfaea5672535f3f277f0c1d4a4cb80975033a8a4f,198541,2dd92c16c37abeb3bedee0cbfaea5672535f3f277f0c1d4a4cb80975033a8a4f,be4b2740,PRESERVED_IN_COMPLETE_ARCHIVE
WL-REC-0037,WL-REC-0037,docs/history/owner-inputs/20261009/WORK-LAB_UI前端更新任务包_20261009.zip,WORK-LAB_UI_20261009/design/svg/10_rule_diff.svg,sha256:83fc7a5418d489d5094288346c6c77ef89cf3e47e211c1dfe67ce9d10e242b1b,250720,83fc7a5418d489d5094288346c6c77ef89cf3e47e211c1dfe67ce9d10e242b1b,65da2f38,PRESERVED_IN_COMPLETE_ARCHIVE
WL-REC-0037,WL-REC-0037,docs/history/owner-inputs/20261009/WORK-LAB_UI前端更新任务包_20261009.zip,WORK-LAB_UI_20261009/design/svg/10_rule_diff_light.svg,sha256:ea80c5712f64c3a88dce8a1f90090394ada943914d6302254be5270308933c1b,250720,ea80c5712f64c3a88dce8a1f90090394ada943914d6302254be5270308933c1b,04c00c98,PRESERVED_IN_COMPLETE_ARCHIVE
WL-REC-0037,WL-REC-0037,docs/history/owner-inputs/20261009/WORK-LAB_UI前端更新任务包_20261009.zip,WORK-LAB_UI_20261009/design/svg/11_collaboration.svg,sha256:113cd8021d268e43a894628d2486157535adc5ac9f38af8313e7c8d7d28b42f8,233725,113cd8021d268e43a894628d2486157535adc5ac9f38af8313e7c8d7d28b42f8,c2599ba2,PRESERVED_IN_COMPLETE_ARCHIVE
WL-REC-0037,WL-REC-0037,docs/history/owner-inputs/20261009/WORK-LAB_UI前端更新任务包_20261009.zip,WORK-LAB_UI_20261009/design/svg/11_collaboration_light.svg,sha256:efe6246e509248faa67614714a1e9d3fecd22f49cdf7e3d1ac2f5f4c522c0f23,233725,efe6246e509248faa67614714a1e9d3fecd22f49cdf7e3d1ac2f5f4c522c0f23,ae83b4f0,PRESERVED_IN_COMPLETE_ARCHIVE
WL-REC-0037,WL-REC-0037,docs/history/owner-inputs/20261009/WORK-LAB_UI前端更新任务包_20261009.zip,WORK-LAB_UI_20261009/design/svg/12_diagnostics.svg,sha256:5e3da2ed8c10121e0f547f5a0cbad10d5ccafe7d46dccfb7cfd47134b789a06c,225657,5e3da2ed8c10121e0f547f5a0cbad10d5ccafe7d46dccfb7cfd47134b789a06c,346a99ea,PRESERVED_IN_COMPLETE_ARCHIVE
WL-REC-0037,WL-REC-0037,docs/history/owner-inputs/20261009/WORK-LAB_UI前端更新任务包_20261009.zip,WORK-LAB_UI_20261009/design/svg/12_diagnostics_light.svg,sha256:06ba9ac7cf373e86578fd68b6a2e13716aa181ac44d4f2b89be96aee67549ba2,225657,06ba9ac7cf373e86578fd68b6a2e13716aa181ac44d4f2b89be96aee67549ba2,f7d6bd46,PRESERVED_IN_COMPLETE_ARCHIVE
WL-REC-0037,WL-REC-0037,docs/history/owner-inputs/20261009/WORK-LAB_UI前端更新任务包_20261009.zip,WORK-LAB_UI_20261009/design/svg/13_settings.svg,sha256:163a6431f6ec5a71165f4b443306dc8be95b13b9980ad80b3eb7d711f96c3ff9,202856,163a6431f6ec5a71165f4b443306dc8be95b13b9980ad80b3eb7d711f96c3ff9,1aa01608,PRESERVED_IN_COMPLETE_ARCHIVE
WL-REC-0037,WL-REC-0037,docs/history/owner-inputs/20261009/WORK-LAB_UI前端更新任务包_20261009.zip,WORK-LAB_UI_20261009/design/svg/13_settings_light.svg,sha256:047e6d9de932d60d338884e9374742b1eae93196af54f6d7b09019bbc1318011,202856,047e6d9de932d60d338884e9374742b1eae93196af54f6d7b09019bbc1318011,bc2502bb,PRESERVED_IN_COMPLETE_ARCHIVE
WL-REC-0037,WL-REC-0037,docs/history/owner-inputs/20261009/WORK-LAB_UI前端更新任务包_20261009.zip,WORK-LAB_UI_20261009/design/svg/14_states.svg,sha256:3238390bad8b051964842a43512b233b7929539966af6077322fdeb5a3a0089f,160382,3238390bad8b051964842a43512b233b7929539966af6077322fdeb5a3a0089f,7230b91a,PRESERVED_IN_COMPLETE_ARCHIVE
WL-REC-0037,WL-REC-0037,docs/history/owner-inputs/20261009/WORK-LAB_UI前端更新任务包_20261009.zip,WORK-LAB_UI_20261009/design/svg/14_states_light.svg,sha256:4ad750f71b15fd6953704f3d349b8c8014e84c06164f6ccceb3cd79739f0e7ce,160382,4ad750f71b15fd6953704f3d349b8c8014e84c06164f6ccceb3cd79739f0e7ce,92891951,PRESERVED_IN_COMPLETE_ARCHIVE
WL-REC-0037,WL-REC-0037,docs/history/owner-inputs/20261009/WORK-LAB_UI前端更新任务包_20261009.zip,WORK-LAB_UI_20261009/design/svg/15_first_run.svg,sha256:c5c8ae2e873f809fa8f5bd815375e4a11f866ffa32ec91b6fca5834639562709,213599,c5c8ae2e873f809fa8f5bd815375e4a11f866ffa32ec91b6fca5834639562709,b3624f14,PRESERVED_IN_COMPLETE_ARCHIVE
WL-REC-0037,WL-REC-0037,docs/history/owner-inputs/20261009/WORK-LAB_UI前端更新任务包_20261009.zip,WORK-LAB_UI_20261009/design/svg/15_first_run_light.svg,sha256:937cf7dc545e06394624ae7fc7fd3e25fec6052b65465af956a11f4ba4f946b0,213599,937cf7dc545e06394624ae7fc7fd3e25fec6052b65465af956a11f4ba4f946b0,faeb7f49,PRESERVED_IN_COMPLETE_ARCHIVE
WL-REC-0037,WL-REC-0037,docs/history/owner-inputs/20261009/WORK-LAB_UI前端更新任务包_20261009.zip,WORK-LAB_UI_20261009/design/svg/16_components.svg,sha256:d98eba1aa20da415f86ff7408ce32c08719c03bd5c594b43b5e5a2a4fdc10d88,185537,d98eba1aa20da415f86ff7408ce32c08719c03bd5c594b43b5e5a2a4fdc10d88,f25edf70,PRESERVED_IN_COMPLETE_ARCHIVE
WL-REC-0037,WL-REC-0037,docs/history/owner-inputs/20261009/WORK-LAB_UI前端更新任务包_20261009.zip,WORK-LAB_UI_20261009/design/svg/16_components_light.svg,sha256:603da8642cdcdf759cb281f8adb0783522716bb17de9a1ff446c20f70467a79f,185537,603da8642cdcdf759cb281f8adb0783522716bb17de9a1ff446c20f70467a79f,80ec1ce0,PRESERVED_IN_COMPLETE_ARCHIVE
WL-REC-0037,WL-REC-0037,docs/history/owner-inputs/20261009/WORK-LAB_UI前端更新任务包_20261009.zip,WORK-LAB_UI_20261009/design/svg/17_mobile.svg,sha256:78dd03f29e13139d1bf1ed9dc047c214db2ab9e7f9960fc792e66e81deedc771,88356,78dd03f29e13139d1bf1ed9dc047c214db2ab9e7f9960fc792e66e81deedc771,fe37aa9c,PRESERVED_IN_COMPLETE_ARCHIVE
WL-REC-0037,WL-REC-0037,docs/history/owner-inputs/20261009/WORK-LAB_UI前端更新任务包_20261009.zip,WORK-LAB_UI_20261009/design/svg_text/01_projects.svg,sha256:53c528286adc0d76ce29d937ff5456bb761f33f112b76dd96576f321706d4bbb,19960,53c528286adc0d76ce29d937ff5456bb761f33f112b76dd96576f321706d4bbb,2289d1b0,PRESERVED_IN_COMPLETE_ARCHIVE
WL-REC-0037,WL-REC-0037,docs/history/owner-inputs/20261009/WORK-LAB_UI前端更新任务包_20261009.zip,WORK-LAB_UI_20261009/design/svg_text/01_projects_light.svg,sha256:780df802e2035bf377d4315e3b1a220337c549d96f7f0e4d42daed0ed69fc77b,19960,780df802e2035bf377d4315e3b1a220337c549d96f7f0e4d42daed0ed69fc77b,e12effdc,PRESERVED_IN_COMPLETE_ARCHIVE
WL-REC-0037,WL-REC-0037,docs/history/owner-inputs/20261009/WORK-LAB_UI前端更新任务包_20261009.zip,WORK-LAB_UI_20261009/design/svg_text/02_project_detail.svg,sha256:c5eae9ed843e34d1df6832ebea3cbdb8912ec77776b62c0fe3b8708cc1268251,15732,c5eae9ed843e34d1df6832ebea3cbdb8912ec77776b62c0fe3b8708cc1268251,fe4f7f1d,PRESERVED_IN_COMPLETE_ARCHIVE
WL-REC-0037,WL-REC-0037,docs/history/owner-inputs/20261009/WORK-LAB_UI前端更新任务包_20261009.zip,WORK-LAB_UI_20261009/design/svg_text/02_project_detail_light.svg,sha256:b98fc905b84b871f33884c15222e79d99c470f0604e6f09c47a88e058eb94f21,15732,b98fc905b84b871f33884c15222e79d99c470f0604e6f09c47a88e058eb94f21,1b4ecb78,PRESERVED_IN_COMPLETE_ARCHIVE
WL-REC-0037,WL-REC-0037,docs/history/owner-inputs/20261009/WORK-LAB_UI前端更新任务包_20261009.zip,WORK-LAB_UI_20261009/design/svg_text/03_software.svg,sha256:612c162213a402bc872bd781ba7a43b2158c08615206bbede2c36ec12b009c3e,15585,612c162213a402bc872bd781ba7a43b2158c08615206bbede2c36ec12b009c3e,00901c8b,PRESERVED_IN_COMPLETE_ARCHIVE
WL-REC-0037,WL-REC-0037,docs/history/owner-inputs/20261009/WORK-LAB_UI前端更新任务包_20261009.zip,WORK-LAB_UI_20261009/design/svg_text/03_software_light.svg,sha256:3a73ebc1353e2c743ba96d5876b0aa8acb8aaa41f5f94083ab8219b7ff169dbc,15585,3a73ebc1353e2c743ba96d5876b0aa8acb8aaa41f5f94083ab8219b7ff169dbc,c63bd9c2,PRESERVED_IN_COMPLETE_ARCHIVE
WL-REC-0037,WL-REC-0037,docs/history/owner-inputs/20261009/WORK-LAB_UI前端更新任务包_20261009.zip,WORK-LAB_UI_20261009/design/svg_text/04_software_detail.svg,sha256:ac30a023339ba81398311013987768cff9d5e0414c7a384101e1ba2ce25ac5bc,15921,ac30a023339ba81398311013987768cff9d5e0414c7a384101e1ba2ce25ac5bc,3f9e4ef5,PRESERVED_IN_COMPLETE_ARCHIVE
WL-REC-0037,WL-REC-0037,docs/history/owner-inputs/20261009/WORK-LAB_UI前端更新任务包_20261009.zip,WORK-LAB_UI_20261009/design/svg_text/04_software_detail_light.svg,sha256:e926386b0344f9a70b4dff36eb9a5889bd47db3ed1e048bdd1fd115412c4af40,15921,e926386b0344f9a70b4dff36eb9a5889bd47db3ed1e048bdd1fd115412c4af40,509b8531,PRESERVED_IN_COMPLETE_ARCHIVE
WL-REC-0037,WL-REC-0037,docs/history/owner-inputs/20261009/WORK-LAB_UI前端更新任务包_20261009.zip,WORK-LAB_UI_20261009/design/svg_text/05_assets.svg,sha256:c652cf1a555f7a6006df5920f86764318dd46c426c725b58c89a4d18e912d225,16208,c652cf1a555f7a6006df5920f86764318dd46c426c725b58c89a4d18e912d225,a85c6ad0,PRESERVED_IN_COMPLETE_ARCHIVE
WL-REC-0037,WL-REC-0037,docs/history/owner-inputs/20261009/WORK-LAB_UI前端更新任务包_20261009.zip,WORK-LAB_UI_20261009/design/svg_text/05_assets_light.svg,sha256:d8d67efe77c06ea88e7fa98b729719103e37344d00cb9b8a35a2b5268d8e2dbd,16208,d8d67efe77c06ea88e7fa98b729719103e37344d00cb9b8a35a2b5268d8e2dbd,9aaeb351,PRESERVED_IN_COMPLETE_ARCHIVE
WL-REC-0037,WL-REC-0037,docs/history/owner-inputs/20261009/WORK-LAB_UI前端更新任务包_20261009.zip,WORK-LAB_UI_20261009/design/svg_text/06_asset_detail.svg,sha256:80b88dfc508f366672a3d517ca20b0700ac58831451d6dce4f1185d2ec2322b8,14825,80b88dfc508f366672a3d517ca20b0700ac58831451d6dce4f1185d2ec2322b8,66dc23a9,PRESERVED_IN_COMPLETE_ARCHIVE
WL-REC-0037,WL-REC-0037,docs/history/owner-inputs/20261009/WORK-LAB_UI前端更新任务包_20261009.zip,WORK-LAB_UI_20261009/design/svg_text/06_asset_detail_light.svg,sha256:5e72ef0bdcfb105144ab2cffb64f920c2eb4cf3a8d199258fb103e847c5db5bf,14825,5e72ef0bdcfb105144ab2cffb64f920c2eb4cf3a8d199258fb103e847c5db5bf,8baa3c07,PRESERVED_IN_COMPLETE_ARCHIVE
WL-REC-0037,WL-REC-0037,docs/history/owner-inputs/20261009/WORK-LAB_UI前端更新任务包_20261009.zip,WORK-LAB_UI_20261009/design/svg_text/07_migration.svg,sha256:a825500e8f7eb43eb162b33d0be9241eb3af40432ecbc39587f96f2bae128e78,14032,a825500e8f7eb43eb162b33d0be9241eb3af40432ecbc39587f96f2bae128e78,9e24f0b3,PRESERVED_IN_COMPLETE_ARCHIVE
WL-REC-0037,WL-REC-0037,docs/history/owner-inputs/20261009/WORK-LAB_UI前端更新任务包_20261009.zip,WORK-LAB_UI_20261009/design/svg_text/07_migration_light.svg,sha256:525b24a471e6016950289fd5a56b00ac29808df370e7c29b6484652f27130fdf,14032,525b24a471e6016950289fd5a56b00ac29808df370e7c29b6484652f27130fdf,496ea992,PRESERVED_IN_COMPLETE_ARCHIVE
WL-REC-0037,WL-REC-0037,docs/history/owner-inputs/20261009/WORK-LAB_UI前端更新任务包_20261009.zip,WORK-LAB_UI_20261009/design/svg_text/08_usage.svg,sha256:bfadfe6eb5d02bfc3d2044b92584f720e5a0427b4fe43b74a72e432eee478d85,20303,bfadfe6eb5d02bfc3d2044b92584f720e5a0427b4fe43b74a72e432eee478d85,147b6616,PRESERVED_IN_COMPLETE_ARCHIVE
WL-REC-0037,WL-REC-0037,docs/history/owner-inputs/20261009/WORK-LAB_UI前端更新任务包_20261009.zip,WORK-LAB_UI_20261009/design/svg_text/08_usage_light.svg,sha256:f9d6c2829953782ab2ea23dda0562c89d2cff8d71e0000ef38e00fd2146ab9cc,20303,f9d6c2829953782ab2ea23dda0562c89d2cff8d71e0000ef38e00fd2146ab9cc,2a668b98,PRESERVED_IN_COMPLETE_ARCHIVE
WL-REC-0037,WL-REC-0037,docs/history/owner-inputs/20261009/WORK-LAB_UI前端更新任务包_20261009.zip,WORK-LAB_UI_20261009/design/svg_text/09_rules.svg,sha256:85adf0034e29218fd1231c128e5d4c46cad87de520a4029ced129558747e82a8,15213,85adf0034e29218fd1231c128e5d4c46cad87de520a4029ced129558747e82a8,af060612,PRESERVED_IN_COMPLETE_ARCHIVE
WL-REC-0037,WL-REC-0037,docs/history/owner-inputs/20261009/WORK-LAB_UI前端更新任务包_20261009.zip,WORK-LAB_UI_20261009/design/svg_text/09_rules_light.svg,sha256:b6a4eadf34f746809cb8203d86e11427d01d136c2bab6558cff40d69e27d7742,15213,b6a4eadf34f746809cb8203d86e11427d01d136c2bab6558cff40d69e27d7742,640d5ecd,PRESERVED_IN_COMPLETE_ARCHIVE
WL-REC-0037,WL-REC-0037,docs/history/owner-inputs/20261009/WORK-LAB_UI前端更新任务包_20261009.zip,WORK-LAB_UI_20261009/design/svg_text/10_rule_diff.svg,sha256:af3191b134525d49ecf133441e719e3a56e3b33b3e291edde924bf1971296015,14121,af3191b134525d49ecf133441e719e3a56e3b33b3e291edde924bf1971296015,3d1b1a4f,PRESERVED_IN_COMPLETE_ARCHIVE
WL-REC-0037,WL-REC-0037,docs/history/owner-inputs/20261009/WORK-LAB_UI前端更新任务包_20261009.zip,WORK-LAB_UI_20261009/design/svg_text/10_rule_diff_light.svg,sha256:59c1cb5c6907651ff9553c998d68d79d02db668fab858018defc4db083b569fb,14121,59c1cb5c6907651ff9553c998d68d79d02db668fab858018defc4db083b569fb,2be36a57,PRESERVED_IN_COMPLETE_ARCHIVE
WL-REC-0037,WL-REC-0037,docs/history/owner-inputs/20261009/WORK-LAB_UI前端更新任务包_20261009.zip,WORK-LAB_UI_20261009/design/svg_text/11_collaboration.svg,sha256:284f07814537625e33e12dab6c1eea75d0b422dcfaf7ffa4172f6c6c6c3ce321,14168,284f07814537625e33e12dab6c1eea75d0b422dcfaf7ffa4172f6c6c6c3ce321,23a6d7fe,PRESERVED_IN_COMPLETE_ARCHIVE
WL-REC-0037,WL-REC-0037,docs/history/owner-inputs/20261009/WORK-LAB_UI前端更新任务包_20261009.zip,WORK-LAB_UI_20261009/design/svg_text/11_collaboration_light.svg,sha256:bb69fd6435b2926eb15232f5bb13771310cf94be414e87fa4f9b2517bcd0771c,14168,bb69fd6435b2926eb15232f5bb13771310cf94be414e87fa4f9b2517bcd0771c,8b73cf46,PRESERVED_IN_COMPLETE_ARCHIVE
WL-REC-0037,WL-REC-0037,docs/history/owner-inputs/20261009/WORK-LAB_UI前端更新任务包_20261009.zip,WORK-LAB_UI_20261009/design/svg_text/12_diagnostics.svg,sha256:5e5d650ccaade4e78e02ae7d8c31128ec2092751b34aff405fc91274b4cfd668,14249,5e5d650ccaade4e78e02ae7d8c31128ec2092751b34aff405fc91274b4cfd668,e1c30c71,PRESERVED_IN_COMPLETE_ARCHIVE
WL-REC-0037,WL-REC-0037,docs/history/owner-inputs/20261009/WORK-LAB_UI前端更新任务包_20261009.zip,WORK-LAB_UI_20261009/design/svg_text/12_diagnostics_light.svg,sha256:fa12dcda6a8ac99f17b5615e8fde35111ea44b55daf6cc6603da89d7ca48c31a,14249,fa12dcda6a8ac99f17b5615e8fde35111ea44b55daf6cc6603da89d7ca48c31a,d18cbdc3,PRESERVED_IN_COMPLETE_ARCHIVE
WL-REC-0037,WL-REC-0037,docs/history/owner-inputs/20261009/WORK-LAB_UI前端更新任务包_20261009.zip,WORK-LAB_UI_20261009/design/svg_text/13_settings.svg,sha256:9c652a7fcd5da99e09a8a114afa790c1a9869d1666070f863694268346538758,13813,9c652a7fcd5da99e09a8a114afa790c1a9869d1666070f863694268346538758,1e34376f,PRESERVED_IN_COMPLETE_ARCHIVE
WL-REC-0037,WL-REC-0037,docs/history/owner-inputs/20261009/WORK-LAB_UI前端更新任务包_20261009.zip,WORK-LAB_UI_20261009/design/svg_text/13_settings_light.svg,sha256:ac5a0fb7a0efdfceb938384f8083583d1c88c91a2bb69bbe8da9e09577ea4b96,13813,ac5a0fb7a0efdfceb938384f8083583d1c88c91a2bb69bbe8da9e09577ea4b96,ef63ded6,PRESERVED_IN_COMPLETE_ARCHIVE
WL-REC-0037,WL-REC-0037,docs/history/owner-inputs/20261009/WORK-LAB_UI前端更新任务包_20261009.zip,WORK-LAB_UI_20261009/design/svg_text/14_states.svg,sha256:c24884f21d25411609c4c7b6d87929dc3006c0a554b93d3519ab52d550a5fede,14654,c24884f21d25411609c4c7b6d87929dc3006c0a554b93d3519ab52d550a5fede,ba00a306,PRESERVED_IN_COMPLETE_ARCHIVE
WL-REC-0037,WL-REC-0037,docs/history/owner-inputs/20261009/WORK-LAB_UI前端更新任务包_20261009.zip,WORK-LAB_UI_20261009/design/svg_text/14_states_light.svg,sha256:8ef42a1edb513c1fb24a17c8f743b1b6f4c0f8f449a60bd947fdcc0bd6fe7ac7,14654,8ef42a1edb513c1fb24a17c8f743b1b6f4c0f8f449a60bd947fdcc0bd6fe7ac7,6ba59ccf,PRESERVED_IN_COMPLETE_ARCHIVE
WL-REC-0037,WL-REC-0037,docs/history/owner-inputs/20261009/WORK-LAB_UI前端更新任务包_20261009.zip,WORK-LAB_UI_20261009/design/svg_text/15_first_run.svg,sha256:879598d11ad723101cce608fd7e24689e35cb2e011cda442f9f3b123f8b7bdf9,13568,879598d11ad723101cce608fd7e24689e35cb2e011cda442f9f3b123f8b7bdf9,25f28f7e,PRESERVED_IN_COMPLETE_ARCHIVE
WL-REC-0037,WL-REC-0037,docs/history/owner-inputs/20261009/WORK-LAB_UI前端更新任务包_20261009.zip,WORK-LAB_UI_20261009/design/svg_text/15_first_run_light.svg,sha256:6fdc896b1e2a7d6fbe555b124c70390e660327502b5012fab97265601a7fc9b9,13568,6fdc896b1e2a7d6fbe555b124c70390e660327502b5012fab97265601a7fc9b9,d2bfb2d4,PRESERVED_IN_COMPLETE_ARCHIVE
WL-REC-0037,WL-REC-0037,docs/history/owner-inputs/20261009/WORK-LAB_UI前端更新任务包_20261009.zip,WORK-LAB_UI_20261009/design/svg_text/16_components.svg,sha256:ac70b92e25e8ae546cac6d88d5371f9226a3029546929eb355f9a0f3424826fe,14037,ac70b92e25e8ae546cac6d88d5371f9226a3029546929eb355f9a0f3424826fe,c33c8b02,PRESERVED_IN_COMPLETE_ARCHIVE
WL-REC-0037,WL-REC-0037,docs/history/owner-inputs/20261009/WORK-LAB_UI前端更新任务包_20261009.zip,WORK-LAB_UI_20261009/design/svg_text/16_components_light.svg,sha256:da3e74544c0e112566f8d9d390d4f3d63d2d2d9fdaac24ced5a46e3aa53782b2,14037,da3e74544c0e112566f8d9d390d4f3d63d2d2d9fdaac24ced5a46e3aa53782b2,2719b8bb,PRESERVED_IN_COMPLETE_ARCHIVE
WL-REC-0037,WL-REC-0037,docs/history/owner-inputs/20261009/WORK-LAB_UI前端更新任务包_20261009.zip,WORK-LAB_UI_20261009/design/svg_text/17_mobile.svg,sha256:7a4ea7e58097a2b42bd922d71791c0271b5c256d56e01cb724eddf13aa62a100,7516,7a4ea7e58097a2b42bd922d71791c0271b5c256d56e01cb724eddf13aa62a100,1b9db5f9,PRESERVED_IN_COMPLETE_ARCHIVE
WL-REC-0037,WL-REC-0037,docs/history/owner-inputs/20261009/WORK-LAB_UI前端更新任务包_20261009.zip,WORK-LAB_UI_20261009/docs/01_页面与交互清单.md,sha256:6b8ce83afe6e6229234c5c3da1f041524ddd37bb3203ea4babb3cfec578c572a,5030,6b8ce83afe6e6229234c5c3da1f041524ddd37bb3203ea4babb3cfec578c572a,045220ec,PRESERVED_IN_COMPLETE_ARCHIVE
WL-REC-0037,WL-REC-0037,docs/history/owner-inputs/20261009/WORK-LAB_UI前端更新任务包_20261009.zip,WORK-LAB_UI_20261009/docs/02_视觉与组件规范.md,sha256:01151aa20d38b4b3f24aed36b0c5b16be1fc5ca6d2b7dc85dce3871ea9327679,3934,01151aa20d38b4b3f24aed36b0c5b16be1fc5ca6d2b7dc85dce3871ea9327679,3853cc00,PRESERVED_IN_COMPLETE_ARCHIVE
WL-REC-0037,WL-REC-0037,docs/history/owner-inputs/20261009/WORK-LAB_UI前端更新任务包_20261009.zip,WORK-LAB_UI_20261009/docs/03_数据与状态合同.md,sha256:a898d2b0a626872323911c33e3dd3c503575a9f190bbadf5c95bf579c6e249cb,3941,a898d2b0a626872323911c33e3dd3c503575a9f190bbadf5c95bf579c6e249cb,050015c6,PRESERVED_IN_COMPLETE_ARCHIVE
WL-REC-0037,WL-REC-0037,docs/history/owner-inputs/20261009/WORK-LAB_UI前端更新任务包_20261009.zip,WORK-LAB_UI_20261009/docs/04_素材切片与部署.md,sha256:173af166358508d714924188ea24c443f54d9783739d99ce09d3c6aef38bab21,3010,173af166358508d714924188ea24c443f54d9783739d99ce09d3c6aef38bab21,506ead82,PRESERVED_IN_COMPLETE_ARCHIVE
WL-REC-0037,WL-REC-0037,docs/history/owner-inputs/20261009/WORK-LAB_UI前端更新任务包_20261009.zip,WORK-LAB_UI_20261009/docs/05_验收与交付.md,sha256:acb6ed2d3c4f0fa3f225f8c0e311a938224dc11cf1dc1120f427c2056cb327cb,5411,acb6ed2d3c4f0fa3f225f8c0e311a938224dc11cf1dc1120f427c2056cb327cb,a7d86ea0,PRESERVED_IN_COMPLETE_ARCHIVE
WL-REC-0037,WL-REC-0037,docs/history/owner-inputs/20261009/WORK-LAB_UI前端更新任务包_20261009.zip,WORK-LAB_UI_20261009/docs/06_路由权威与历史迁移.md,sha256:600aae722e46eb8befad4ddbd676cb3de6b841fb1cac53f8d51a9db43cea5828,3043,600aae722e46eb8befad4ddbd676cb3de6b841fb1cac53f8d51a9db43cea5828,a9691d79,PRESERVED_IN_COMPLETE_ARCHIVE
WL-REC-0037,WL-REC-0037,docs/history/owner-inputs/20261009/WORK-LAB_UI前端更新任务包_20261009.zip,WORK-LAB_UI_20261009/docs/07_素材生成与补齐提示词.md,sha256:b096caba3043a8cbde69c75091cf3222a418e190d9f46e7892b062ce0421112c,1974,b096caba3043a8cbde69c75091cf3222a418e190d9f46e7892b062ce0421112c,ac49ca4c,PRESERVED_IN_COMPLETE_ARCHIVE
WL-REC-0037,WL-REC-0037,docs/history/owner-inputs/20261009/WORK-LAB_UI前端更新任务包_20261009.zip,WORK-LAB_UI_20261009/inputs/01_WORK-LAB_最终任务书.md,sha256:07870bdf245633213580c415dc32c9b8dc77c4ff1341969f38af99744d3b0fb7,32277,07870bdf245633213580c415dc32c9b8dc77c4ff1341969f38af99744d3b0fb7,67dea133,PRESERVED_IN_COMPLETE_ARCHIVE
WL-REC-0037,WL-REC-0037,docs/history/owner-inputs/20261009/WORK-LAB_UI前端更新任务包_20261009.zip,WORK-LAB_UI_20261009/inputs/04_验收与冷启动清单.md,sha256:fab76e347a80b2067816dc9e64fd1fedaa5e199c9dcf5f839b9dc04da8455370,8286,fab76e347a80b2067816dc9e64fd1fedaa5e199c9dcf5f839b9dc04da8455370,fb35cb10,PRESERVED_IN_COMPLETE_ARCHIVE
WL-REC-0037,WL-REC-0037,docs/history/owner-inputs/20261009/WORK-LAB_UI前端更新任务包_20261009.zip,WORK-LAB_UI_20261009/inputs/README_来源快照.md,sha256:e558dfcd06e7ba899c0e88a67b934e7ae577950177de8bf609ca375e0dca3cb1,740,e558dfcd06e7ba899c0e88a67b934e7ae577950177de8bf609ca375e0dca3cb1,e3eba3c4,PRESERVED_IN_COMPLETE_ARCHIVE
WL-REC-0037,WL-REC-0037,docs/history/owner-inputs/20261009/WORK-LAB_UI前端更新任务包_20261009.zip,WORK-LAB_UI_20261009/inputs/WORK-LAB_前端与权威一致性整理方案.md,sha256:8f8e7fcd10dff2e9058804694a1f52d217e8d03317dbcee3fdd798bee5775b63,14084,8f8e7fcd10dff2e9058804694a1f52d217e8d03317dbcee3fdd798bee5775b63,69650e56,PRESERVED_IN_COMPLETE_ARCHIVE
WL-REC-0037,WL-REC-0037,docs/history/owner-inputs/20261009/WORK-LAB_UI前端更新任务包_20261009.zip,WORK-LAB_UI_20261009/inputs/WORK-LAB_本对话最终任务包_20261009.zip,sha256:3740f98aadfce5e13a046f09773bbad362f0d3bceb32d65a0951065dd21237f7,260293,3740f98aadfce5e13a046f09773bbad362f0d3bceb32d65a0951065dd21237f7,75578eaf,PRESERVED_IN_COMPLETE_ARCHIVE
WL-REC-0037,WL-REC-0037,docs/history/owner-inputs/20261009/WORK-LAB_UI前端更新任务包_20261009.zip,WORK-LAB_UI_20261009/inputs/WORK-LAB_本对话最终任务包_20261009.zip ! WORK-LAB_final_20261009/00_先读我.md,sha256:2a2766274139bb7943af434ecb5e547d96bc62de26f48f46ed15dc2c88f0fcf8,3943,2a2766274139bb7943af434ecb5e547d96bc62de26f48f46ed15dc2c88f0fcf8,9c332674,PRESERVED_IN_COMPLETE_ARCHIVE
WL-REC-0037,WL-REC-0037,docs/history/owner-inputs/20261009/WORK-LAB_UI前端更新任务包_20261009.zip,WORK-LAB_UI_20261009/inputs/WORK-LAB_本对话最终任务包_20261009.zip ! WORK-LAB_final_20261009/01_WORK-LAB_最终任务书.md,sha256:07870bdf245633213580c415dc32c9b8dc77c4ff1341969f38af99744d3b0fb7,32277,07870bdf245633213580c415dc32c9b8dc77c4ff1341969f38af99744d3b0fb7,67dea133,PRESERVED_IN_COMPLETE_ARCHIVE
WL-REC-0037,WL-REC-0037,docs/history/owner-inputs/20261009/WORK-LAB_UI前端更新任务包_20261009.zip,WORK-LAB_UI_20261009/inputs/WORK-LAB_本对话最终任务包_20261009.zip ! WORK-LAB_final_20261009/02_交给CODEX或HERMES的执行提示词.md,sha256:1157e08f07db2581c26d1de1f9f180b6cd94bbc4795a1aab660e4ba3646be99a,8332,1157e08f07db2581c26d1de1f9f180b6cd94bbc4795a1aab660e4ba3646be99a,65066c10,PRESERVED_IN_COMPLETE_ARCHIVE
WL-REC-0037,WL-REC-0037,docs/history/owner-inputs/20261009/WORK-LAB_UI前端更新任务包_20261009.zip,WORK-LAB_UI_20261009/inputs/WORK-LAB_本对话最终任务包_20261009.zip ! WORK-LAB_final_20261009/03_内容覆盖与来源.csv,sha256:bff4b8e6ee5cf0254a2030e3ae227fd97a98cb94058ce27b61afe74cca6f2b80,5792,bff4b8e6ee5cf0254a2030e3ae227fd97a98cb94058ce27b61afe74cca6f2b80,18def1dd,PRESERVED_IN_COMPLETE_ARCHIVE
WL-REC-0037,WL-REC-0037,docs/history/owner-inputs/20261009/WORK-LAB_UI前端更新任务包_20261009.zip,WORK-LAB_UI_20261009/inputs/WORK-LAB_本对话最终任务包_20261009.zip ! WORK-LAB_final_20261009/04_验收与冷启动清单.md,sha256:fab76e347a80b2067816dc9e64fd1fedaa5e199c9dcf5f839b9dc04da8455370,8286,fab76e347a80b2067816dc9e64fd1fedaa5e199c9dcf5f839b9dc04da8455370,fb35cb10,PRESERVED_IN_COMPLETE_ARCHIVE
WL-REC-0037,WL-REC-0037,docs/history/owner-inputs/20261009/WORK-LAB_UI前端更新任务包_20261009.zip,WORK-LAB_UI_20261009/inputs/WORK-LAB_本对话最终任务包_20261009.zip ! WORK-LAB_final_20261009/05_另两个项目的协作对账提示词.md,sha256:d4aad84596ada6b7d0e02d8946fd80d9fefb219e6c2b9dc0133255976f10dd27,4023,d4aad84596ada6b7d0e02d8946fd80d9fefb219e6c2b9dc0133255976f10dd27,146701b0,PRESERVED_IN_COMPLETE_ARCHIVE
WL-REC-0037,WL-REC-0037,docs/history/owner-inputs/20261009/WORK-LAB_UI前端更新任务包_20261009.zip,WORK-LAB_UI_20261009/inputs/WORK-LAB_本对话最终任务包_20261009.zip ! WORK-LAB_final_20261009/MANIFEST.json,sha256:4f768cfadc67c104c2c171849fcb101fd1991025846015d18e3886b42be00b26,12725,4f768cfadc67c104c2c171849fcb101fd1991025846015d18e3886b42be00b26,415f03dc,PRESERVED_IN_COMPLETE_ARCHIVE
WL-REC-0037,WL-REC-0037,docs/history/owner-inputs/20261009/WORK-LAB_UI前端更新任务包_20261009.zip,WORK-LAB_UI_20261009/inputs/WORK-LAB_本对话最终任务包_20261009.zip ! WORK-LAB_final_20261009/SOURCE_MANIFEST.json,sha256:c5e4104a2b86bf8f78cdab1feb20bbc379c387fe1c9fe9fcc1e33e2a643db8cb,1782,c5e4104a2b86bf8f78cdab1feb20bbc379c387fe1c9fe9fcc1e33e2a643db8cb,10fe796b,PRESERVED_IN_COMPLETE_ARCHIVE
WL-REC-0037,WL-REC-0037,docs/history/owner-inputs/20261009/WORK-LAB_UI前端更新任务包_20261009.zip,WORK-LAB_UI_20261009/inputs/WORK-LAB_本对话最终任务包_20261009.zip ! WORK-LAB_final_20261009/inputs/conversation_decisions.json,sha256:ad0873bfa0fc669c5a1208fbd2d7786a50245d35b9ebfb52219fbfbc0dabf0d2,1788,ad0873bfa0fc669c5a1208fbd2d7786a50245d35b9ebfb52219fbfbc0dabf0d2,a67e5c07,PRESERVED_IN_COMPLETE_ARCHIVE
WL-REC-0037,WL-REC-0037,docs/history/owner-inputs/20261009/WORK-LAB_UI前端更新任务包_20261009.zip,WORK-LAB_UI_20261009/inputs/WORK-LAB_本对话最终任务包_20261009.zip ! WORK-LAB_final_20261009/inputs/execution_state.json,sha256:5ea4d1b69b01a79a77a9f022f0610c268b8f25f33f2049da52bee5774cafbe79,4854,5ea4d1b69b01a79a77a9f022f0610c268b8f25f33f2049da52bee5774cafbe79,121aedf6,PRESERVED_IN_COMPLETE_ARCHIVE
WL-REC-0037,WL-REC-0037,docs/history/owner-inputs/20261009/WORK-LAB_UI前端更新任务包_20261009.zip,WORK-LAB_UI_20261009/inputs/WORK-LAB_本对话最终任务包_20261009.zip ! WORK-LAB_final_20261009/inputs/file_disposition_seed.csv,sha256:238cac2386c2d477991591309b0a2546823ca1b0d1c0eaf2a1e96b24a4277f71,8621,238cac2386c2d477991591309b0a2546823ca1b0d1c0eaf2a1e96b24a4277f71,10b719a1,PRESERVED_IN_COMPLETE_ARCHIVE
WL-REC-0037,WL-REC-0037,docs/history/owner-inputs/20261009/WORK-LAB_UI前端更新任务包_20261009.zip,WORK-LAB_UI_20261009/inputs/WORK-LAB_本对话最终任务包_20261009.zip ! WORK-LAB_final_20261009/inputs/frontend_route_mapping.proposed.csv,sha256:8c6f92995ec324d89769b577d4ceb6ab9535cb665aae292b8331c97539f18658,2245,8c6f92995ec324d89769b577d4ceb6ab9535cb665aae292b8331c97539f18658,8719866e,PRESERVED_IN_COMPLETE_ARCHIVE
WL-REC-0037,WL-REC-0037,docs/history/owner-inputs/20261009/WORK-LAB_UI前端更新任务包_20261009.zip,WORK-LAB_UI_20261009/inputs/WORK-LAB_本对话最终任务包_20261009.zip ! WORK-LAB_final_20261009/inputs/prior_artifact_corrections.json,sha256:eb2ba41af8ad9c49514733073201c67abd8090b4ba0b7fbd2409414b48fde4af,1295,eb2ba41af8ad9c49514733073201c67abd8090b4ba0b7fbd2409414b48fde4af,0565ef58,PRESERVED_IN_COMPLETE_ARCHIVE
WL-REC-0037,WL-REC-0037,docs/history/owner-inputs/20261009/WORK-LAB_UI前端更新任务包_20261009.zip,WORK-LAB_UI_20261009/inputs/WORK-LAB_本对话最终任务包_20261009.zip ! WORK-LAB_final_20261009/inputs/source_section_inventory.json,sha256:00e076184ab59ad02db3fb2a7c8c85b4e9c4abdd1a43af59a22091a8516d4340,35017,00e076184ab59ad02db3fb2a7c8c85b4e9c4abdd1a43af59a22091a8516d4340,0dd6150b,PRESERVED_IN_COMPLETE_ARCHIVE
WL-REC-0037,WL-REC-0037,docs/history/owner-inputs/20261009/WORK-LAB_UI前端更新任务包_20261009.zip,WORK-LAB_UI_20261009/inputs/WORK-LAB_本对话最终任务包_20261009.zip ! WORK-LAB_final_20261009/inputs/sources.json,sha256:9a21de421e3756c1b6ddda3e8f31a527b5c3e23089a1d39de22d52de7d418241,4757,9a21de421e3756c1b6ddda3e8f31a527b5c3e23089a1d39de22d52de7d418241,d6b13929,PRESERVED_IN_COMPLETE_ARCHIVE
WL-REC-0037,WL-REC-0037,docs/history/owner-inputs/20261009/WORK-LAB_UI前端更新任务包_20261009.zip,WORK-LAB_UI_20261009/inputs/WORK-LAB_本对话最终任务包_20261009.zip ! WORK-LAB_final_20261009/inputs/task_execution_map.csv,sha256:003cf59d5306466c4b7089bcbc51dde9c7a447de05aef488011b4c7bf576f30f,3356,003cf59d5306466c4b7089bcbc51dde9c7a447de05aef488011b4c7bf576f30f,47e8603c,PRESERVED_IN_COMPLETE_ARCHIVE
WL-REC-0037,WL-REC-0037,docs/history/owner-inputs/20261009/WORK-LAB_UI前端更新任务包_20261009.zip,WORK-LAB_UI_20261009/inputs/WORK-LAB_本对话最终任务包_20261009.zip ! WORK-LAB_final_20261009/original_packets/WORK-LAB_三方协作对账与技术案例_20261009.zip,sha256:fdf4d08cfb96aa3b91de359c9dd5d4a6313e6d4b260124662814adc4bc7ddd98,42769,fdf4d08cfb96aa3b91de359c9dd5d4a6313e6d4b260124662814adc4bc7ddd98,95d59c88,PRESERVED_IN_COMPLETE_ARCHIVE
WL-REC-0037,WL-REC-0037,docs/history/owner-inputs/20261009/WORK-LAB_UI前端更新任务包_20261009.zip,WORK-LAB_UI_20261009/inputs/WORK-LAB_本对话最终任务包_20261009.zip ! WORK-LAB_final_20261009/original_packets/WORK-LAB_三方协作对账与技术案例_20261009.zip ! MANIFEST.json,sha256:292d12092085444b15b77ec4134af5b24c4c9726302f91777228d18177219a25,3368,292d12092085444b15b77ec4134af5b24c4c9726302f91777228d18177219a25,83f2a15c,PRESERVED_IN_COMPLETE_ARCHIVE
WL-REC-0037,WL-REC-0037,docs/history/owner-inputs/20261009/WORK-LAB_UI前端更新任务包_20261009.zip,WORK-LAB_UI_20261009/inputs/WORK-LAB_本对话最终任务包_20261009.zip ! WORK-LAB_final_20261009/original_packets/WORK-LAB_三方协作对账与技术案例_20261009.zip ! README.md,sha256:33684a1b07ab4dea47103cce059d4d7cca0386706d43aef77c915e00f3b2c8cd,2265,33684a1b07ab4dea47103cce059d4d7cca0386706d43aef77c915e00f3b2c8cd,f917b270,PRESERVED_IN_COMPLETE_ARCHIVE
WL-REC-0037,WL-REC-0037,docs/history/owner-inputs/20261009/WORK-LAB_UI前端更新任务包_20261009.zip,WORK-LAB_UI_20261009/inputs/WORK-LAB_本对话最终任务包_20261009.zip ! WORK-LAB_final_20261009/original_packets/WORK-LAB_三方协作对账与技术案例_20261009.zip ! WORK-LAB_三方协作对账报告.md,sha256:78c4f77c7dfbc61cebd1a2a1e428e75228d3bf6df5740e2795866cd619193d97,11027,78c4f77c7dfbc61cebd1a2a1e428e75228d3bf6df5740e2795866cd619193d97,4d06f072,PRESERVED_IN_COMPLETE_ARCHIVE
WL-REC-0037,WL-REC-0037,docs/history/owner-inputs/20261009/WORK-LAB_UI前端更新任务包_20261009.zip,WORK-LAB_UI_20261009/inputs/WORK-LAB_本对话最终任务包_20261009.zip ! WORK-LAB_final_20261009/original_packets/WORK-LAB_三方协作对账与技术案例_20261009.zip ! build_packet.py,sha256:544f220a33f95c2d272189c7569260204b94c0308d6bd9d8244543b8ab0cd893,18776,544f220a33f95c2d272189c7569260204b94c0308d6bd9d8244543b8ab0cd893,aa2ab11d,PRESERVED_IN_COMPLETE_ARCHIVE
WL-REC-0037,WL-REC-0037,docs/history/owner-inputs/20261009/WORK-LAB_UI前端更新任务包_20261009.zip,WORK-LAB_UI_20261009/inputs/WORK-LAB_本对话最终任务包_20261009.zip ! WORK-LAB_final_20261009/original_packets/WORK-LAB_三方协作对账与技术案例_20261009.zip ! frozen_source/promotion_contract.py,sha256:97fb3567ebaa55bdf5eadd42b2231b96f80dcef3e87829cc536ea5114bea496e,3877,97fb3567ebaa55bdf5eadd42b2231b96f80dcef3e87829cc536ea5114bea496e,fefd1735,PRESERVED_IN_COMPLETE_ARCHIVE
WL-REC-0037,WL-REC-0037,docs/history/owner-inputs/20261009/WORK-LAB_UI前端更新任务包_20261009.zip,WORK-LAB_UI_20261009/inputs/WORK-LAB_本对话最终任务包_20261009.zip ! WORK-LAB_final_20261009/original_packets/WORK-LAB_三方协作对账与技术案例_20261009.zip ! frozen_source/promotion_gate.py,sha256:75b6e3c2d95376bbcc13cf1743f67c3f9e6b55cfee3575ddee41643267eef423,8085,75b6e3c2d95376bbcc13cf1743f67c3f9e6b55cfee3575ddee41643267eef423,334314d3,PRESERVED_IN_COMPLETE_ARCHIVE
WL-REC-0037,WL-REC-0037,docs/history/owner-inputs/20261009/WORK-LAB_UI前端更新任务包_20261009.zip,WORK-LAB_UI_20261009/inputs/WORK-LAB_本对话最终任务包_20261009.zip ! WORK-LAB_final_20261009/original_packets/WORK-LAB_三方协作对账与技术案例_20261009.zip ! frozen_source/result_return.py,sha256:6fafc6179bbf85cd60c773e1835dcf9903fc97844eed5d6130508c805634d7db,13881,6fafc6179bbf85cd60c773e1835dcf9903fc97844eed5d6130508c805634d7db,f040c49c,PRESERVED_IN_COMPLETE_ARCHIVE
WL-REC-0037,WL-REC-0037,docs/history/owner-inputs/20261009/WORK-LAB_UI前端更新任务包_20261009.zip,WORK-LAB_UI_20261009/inputs/WORK-LAB_本对话最终任务包_20261009.zip ! WORK-LAB_final_20261009/original_packets/WORK-LAB_三方协作对账与技术案例_20261009.zip ! handoff-envelope.local.json,sha256:eacb0077ed3c653c75f2851db5112e6feb4de5a7f22ab988036ed70ea0ff822b,901,eacb0077ed3c653c75f2851db5112e6feb4de5a7f22ab988036ed70ea0ff822b,4e9b7a9c,PRESERVED_IN_COMPLETE_ARCHIVE
WL-REC-0037,WL-REC-0037,docs/history/owner-inputs/20261009/WORK-LAB_UI前端更新任务包_20261009.zip,WORK-LAB_UI_20261009/inputs/WORK-LAB_本对话最终任务包_20261009.zip ! WORK-LAB_final_20261009/original_packets/WORK-LAB_三方协作对账与技术案例_20261009.zip ! knowledge-candidate.local.json,sha256:a5473099c2e94dee94b8a1bd877c51709a0249e8ba434e5d78c7a89c36638625,2581,a5473099c2e94dee94b8a1bd877c51709a0249e8ba434e5d78c7a89c36638625,710d3c28,PRESERVED_IN_COMPLETE_ARCHIVE
WL-REC-0037,WL-REC-0037,docs/history/owner-inputs/20261009/WORK-LAB_UI前端更新任务包_20261009.zip,WORK-LAB_UI_20261009/inputs/WORK-LAB_本对话最终任务包_20261009.zip ! WORK-LAB_final_20261009/original_packets/WORK-LAB_三方协作对账与技术案例_20261009.zip ! proposed-result-serialization.patch,sha256:55a54fda572e52af98df54e8d99e6be16c41ce20eb34a6d10d50715d9e8f583a,466,55a54fda572e52af98df54e8d99e6be16c41ce20eb34a6d10d50715d9e8f583a,2e3ef412,PRESERVED_IN_COMPLETE_ARCHIVE
WL-REC-0037,WL-REC-0037,docs/history/owner-inputs/20261009/WORK-LAB_UI前端更新任务包_20261009.zip,WORK-LAB_UI_20261009/inputs/WORK-LAB_本对话最终任务包_20261009.zip ! WORK-LAB_final_20261009/original_packets/WORK-LAB_三方协作对账与技术案例_20261009.zip ! run_local_audit.py,sha256:5d84c85bc76922cd3ac5aa1add41cb678bae767296ce2dfe0989086595cf5ac6,12247,5d84c85bc76922cd3ac5aa1add41cb678bae767296ce2dfe0989086595cf5ac6,e25604a5,PRESERVED_IN_COMPLETE_ARCHIVE
WL-REC-0037,WL-REC-0037,docs/history/owner-inputs/20261009/WORK-LAB_UI前端更新任务包_20261009.zip,WORK-LAB_UI_20261009/inputs/WORK-LAB_本对话最终任务包_20261009.zip ! WORK-LAB_final_20261009/original_packets/WORK-LAB_三方协作对账与技术案例_20261009.zip ! runs/20261009T090500Z-e015ff95/S1-empty-artifact.json,sha256:e3b0c44298fc1c149afbf4c8996fb92427ae41e4649b934ca495991b7852b855,0,e3b0c44298fc1c149afbf4c8996fb92427ae41e4649b934ca495991b7852b855,00000000,PRESERVED_IN_COMPLETE_ARCHIVE
WL-REC-0037,WL-REC-0037,docs/history/owner-inputs/20261009/WORK-LAB_UI前端更新任务包_20261009.zip,WORK-LAB_UI_20261009/inputs/WORK-LAB_本对话最终任务包_20261009.zip ! WORK-LAB_final_20261009/original_packets/WORK-LAB_三方协作对账与技术案例_20261009.zip ! runs/20261009T090500Z-e015ff95/S2-wrong-content.json,sha256:0b6a1afa611dcee62fd01d02da64c6bc21492a7b8698232025d07552294effcd,23,0b6a1afa611dcee62fd01d02da64c6bc21492a7b8698232025d07552294effcd,0e98c74c,PRESERVED_IN_COMPLETE_ARCHIVE
WL-REC-0037,WL-REC-0037,docs/history/owner-inputs/20261009/WORK-LAB_UI前端更新任务包_20261009.zip,WORK-LAB_UI_20261009/inputs/WORK-LAB_本对话最终任务包_20261009.zip ! WORK-LAB_final_20261009/original_packets/WORK-LAB_三方协作对账与技术案例_20261009.zip ! runs/20261009T090500Z-e015ff95/S3-correct-content.json,sha256:0bea498d7162fc211d4a6466fd13aba4ed83e287df7f5f785b441fe73b050a05,23,0bea498d7162fc211d4a6466fd13aba4ed83e287df7f5f785b441fe73b050a05,25b5948f,PRESERVED_IN_COMPLETE_ARCHIVE
WL-REC-0037,WL-REC-0037,docs/history/owner-inputs/20261009/WORK-LAB_UI前端更新任务包_20261009.zip,WORK-LAB_UI_20261009/inputs/WORK-LAB_本对话最终任务包_20261009.zip ! WORK-LAB_final_20261009/original_packets/WORK-LAB_三方协作对账与技术案例_20261009.zip ! runs/20261009T090500Z-e015ff95/audit-results.json,sha256:8f2f3bda79d63dc35ba3f10d287918ec97dd4ace30aca1aa0a79beff9968bd9f,9955,8f2f3bda79d63dc35ba3f10d287918ec97dd4ace30aca1aa0a79beff9968bd9f,bbdcf5de,PRESERVED_IN_COMPLETE_ARCHIVE
WL-REC-0037,WL-REC-0037,docs/history/owner-inputs/20261009/WORK-LAB_UI前端更新任务包_20261009.zip,WORK-LAB_UI_20261009/inputs/WORK-LAB_本对话最终任务包_20261009.zip ! WORK-LAB_final_20261009/original_packets/WORK-LAB_三方协作对账与技术案例_20261009.zip ! runs/20261009T090618Z-63c5b8fe/S1-empty-artifact.json,sha256:e3b0c44298fc1c149afbf4c8996fb92427ae41e4649b934ca495991b7852b855,0,e3b0c44298fc1c149afbf4c8996fb92427ae41e4649b934ca495991b7852b855,00000000,PRESERVED_IN_COMPLETE_ARCHIVE
WL-REC-0037,WL-REC-0037,docs/history/owner-inputs/20261009/WORK-LAB_UI前端更新任务包_20261009.zip,WORK-LAB_UI_20261009/inputs/WORK-LAB_本对话最终任务包_20261009.zip ! WORK-LAB_final_20261009/original_packets/WORK-LAB_三方协作对账与技术案例_20261009.zip ! runs/20261009T090618Z-63c5b8fe/S2-wrong-content.json,sha256:0b6a1afa611dcee62fd01d02da64c6bc21492a7b8698232025d07552294effcd,23,0b6a1afa611dcee62fd01d02da64c6bc21492a7b8698232025d07552294effcd,0e98c74c,PRESERVED_IN_COMPLETE_ARCHIVE
WL-REC-0037,WL-REC-0037,docs/history/owner-inputs/20261009/WORK-LAB_UI前端更新任务包_20261009.zip,WORK-LAB_UI_20261009/inputs/WORK-LAB_本对话最终任务包_20261009.zip ! WORK-LAB_final_20261009/original_packets/WORK-LAB_三方协作对账与技术案例_20261009.zip ! runs/20261009T090618Z-63c5b8fe/S3-correct-content.json,sha256:0bea498d7162fc211d4a6466fd13aba4ed83e287df7f5f785b441fe73b050a05,23,0bea498d7162fc211d4a6466fd13aba4ed83e287df7f5f785b441fe73b050a05,25b5948f,PRESERVED_IN_COMPLETE_ARCHIVE
WL-REC-0037,WL-REC-0037,docs/history/owner-inputs/20261009/WORK-LAB_UI前端更新任务包_20261009.zip,WORK-LAB_UI_20261009/inputs/WORK-LAB_本对话最终任务包_20261009.zip ! WORK-LAB_final_20261009/original_packets/WORK-LAB_三方协作对账与技术案例_20261009.zip ! runs/20261009T090618Z-63c5b8fe/audit-results.json,sha256:14a178270b9dfeacf592e52a2af9f238d5c4520a0e671146e96366fa60e3a330,10466,14a178270b9dfeacf592e52a2af9f238d5c4520a0e671146e96366fa60e3a330,2a8988a4,PRESERVED_IN_COMPLETE_ARCHIVE
WL-REC-0037,WL-REC-0037,docs/history/owner-inputs/20261009/WORK-LAB_UI前端更新任务包_20261009.zip,WORK-LAB_UI_20261009/inputs/WORK-LAB_本对话最终任务包_20261009.zip ! WORK-LAB_final_20261009/original_packets/WORK-LAB_三方协作对账与技术案例_20261009.zip ! sources.json,sha256:0aad6716ed5adfcd2905efd46b66dc85bc305760259f55ddfcaedc71aaa19d03,3159,0aad6716ed5adfcd2905efd46b66dc85bc305760259f55ddfcaedc71aaa19d03,e8c6f6f4,PRESERVED_IN_COMPLETE_ARCHIVE
WL-REC-0037,WL-REC-0037,docs/history/owner-inputs/20261009/WORK-LAB_UI前端更新任务包_20261009.zip,WORK-LAB_UI_20261009/inputs/WORK-LAB_本对话最终任务包_20261009.zip ! WORK-LAB_final_20261009/original_packets/WORK-LAB_前端权威与历史入口整理任务包_20261009.zip,sha256:d65ba550d7ad4f783ef6f82909d656526b1a3bc7849aa036fd46220df93cd615,24432,d65ba550d7ad4f783ef6f82909d656526b1a3bc7849aa036fd46220df93cd615,eebdbb3d,PRESERVED_IN_COMPLETE_ARCHIVE
WL-REC-0037,WL-REC-0037,docs/history/owner-inputs/20261009/WORK-LAB_UI前端更新任务包_20261009.zip,WORK-LAB_UI_20261009/inputs/WORK-LAB_本对话最终任务包_20261009.zip ! WORK-LAB_final_20261009/original_packets/WORK-LAB_前端权威与历史入口整理任务包_20261009.zip ! MANIFEST.json,sha256:967845f8727bf2c8e56ce104337942599499b0275554afb9f917cf6dbb9debf4,1706,967845f8727bf2c8e56ce104337942599499b0275554afb9f917cf6dbb9debf4,405657b3,PRESERVED_IN_COMPLETE_ARCHIVE
WL-REC-0037,WL-REC-0037,docs/history/owner-inputs/20261009/WORK-LAB_UI前端更新任务包_20261009.zip,WORK-LAB_UI_20261009/inputs/WORK-LAB_本对话最终任务包_20261009.zip ! WORK-LAB_final_20261009/original_packets/WORK-LAB_前端权威与历史入口整理任务包_20261009.zip ! README.md,sha256:5ff40cbeb0604178a5481ccb306b4f6bd3dfa9aa1d848a4b8adbac50c69ce548,2140,5ff40cbeb0604178a5481ccb306b4f6bd3dfa9aa1d848a4b8adbac50c69ce548,118c19a3,PRESERVED_IN_COMPLETE_ARCHIVE
WL-REC-0037,WL-REC-0037,docs/history/owner-inputs/20261009/WORK-LAB_UI前端更新任务包_20261009.zip,WORK-LAB_UI_20261009/inputs/WORK-LAB_本对话最终任务包_20261009.zip ! WORK-LAB_final_20261009/original_packets/WORK-LAB_前端权威与历史入口整理任务包_20261009.zip ! WORK-LAB_前端与权威一致性整理方案.md,sha256:8f8e7fcd10dff2e9058804694a1f52d217e8d03317dbcee3fdd798bee5775b63,14084,8f8e7fcd10dff2e9058804694a1f52d217e8d03317dbcee3fdd798bee5775b63,69650e56,PRESERVED_IN_COMPLETE_ARCHIVE
WL-REC-0037,WL-REC-0037,docs/history/owner-inputs/20261009/WORK-LAB_UI前端更新任务包_20261009.zip,WORK-LAB_UI_20261009/inputs/WORK-LAB_本对话最终任务包_20261009.zip ! WORK-LAB_final_20261009/original_packets/WORK-LAB_前端权威与历史入口整理任务包_20261009.zip ! conversation_decisions.json,sha256:ad0873bfa0fc669c5a1208fbd2d7786a50245d35b9ebfb52219fbfbc0dabf0d2,1788,ad0873bfa0fc669c5a1208fbd2d7786a50245d35b9ebfb52219fbfbc0dabf0d2,a67e5c07,PRESERVED_IN_COMPLETE_ARCHIVE
WL-REC-0037,WL-REC-0037,docs/history/owner-inputs/20261009/WORK-LAB_UI前端更新任务包_20261009.zip,WORK-LAB_UI_20261009/inputs/WORK-LAB_本对话最终任务包_20261009.zip ! WORK-LAB_final_20261009/original_packets/WORK-LAB_前端权威与历史入口整理任务包_20261009.zip ! file_disposition_seed.csv,sha256:238cac2386c2d477991591309b0a2546823ca1b0d1c0eaf2a1e96b24a4277f71,8621,238cac2386c2d477991591309b0a2546823ca1b0d1c0eaf2a1e96b24a4277f71,10b719a1,PRESERVED_IN_COMPLETE_ARCHIVE
WL-REC-0037,WL-REC-0037,docs/history/owner-inputs/20261009/WORK-LAB_UI前端更新任务包_20261009.zip,WORK-LAB_UI_20261009/inputs/WORK-LAB_本对话最终任务包_20261009.zip ! WORK-LAB_final_20261009/original_packets/WORK-LAB_前端权威与历史入口整理任务包_20261009.zip ! frontend_route_mapping.proposed.csv,sha256:8c6f92995ec324d89769b577d4ceb6ab9535cb665aae292b8331c97539f18658,2245,8c6f92995ec324d89769b577d4ceb6ab9535cb665aae292b8331c97539f18658,8719866e,PRESERVED_IN_COMPLETE_ARCHIVE
WL-REC-0037,WL-REC-0037,docs/history/owner-inputs/20261009/WORK-LAB_UI前端更新任务包_20261009.zip,WORK-LAB_UI_20261009/inputs/WORK-LAB_本对话最终任务包_20261009.zip ! WORK-LAB_final_20261009/original_packets/WORK-LAB_前端权威与历史入口整理任务包_20261009.zip ! package_check.json,sha256:4c370f6c100f66962fc95105f0a83f0646c2c2a116eb307b563db55e1d40e299,359,4c370f6c100f66962fc95105f0a83f0646c2c2a116eb307b563db55e1d40e299,19c4a2ff,PRESERVED_IN_COMPLETE_ARCHIVE
WL-REC-0037,WL-REC-0037,docs/history/owner-inputs/20261009/WORK-LAB_UI前端更新任务包_20261009.zip,WORK-LAB_UI_20261009/inputs/WORK-LAB_本对话最终任务包_20261009.zip ! WORK-LAB_final_20261009/original_packets/WORK-LAB_前端权威与历史入口整理任务包_20261009.zip ! prior_artifact_corrections.json,sha256:eb2ba41af8ad9c49514733073201c67abd8090b4ba0b7fbd2409414b48fde4af,1295,eb2ba41af8ad9c49514733073201c67abd8090b4ba0b7fbd2409414b48fde4af,0565ef58,PRESERVED_IN_COMPLETE_ARCHIVE
WL-REC-0037,WL-REC-0037,docs/history/owner-inputs/20261009/WORK-LAB_UI前端更新任务包_20261009.zip,WORK-LAB_UI_20261009/inputs/WORK-LAB_本对话最终任务包_20261009.zip ! WORK-LAB_final_20261009/original_packets/WORK-LAB_前端权威与历史入口整理任务包_20261009.zip ! sources.json,sha256:9a21de421e3756c1b6ddda3e8f31a527b5c3e23089a1d39de22d52de7d418241,4757,9a21de421e3756c1b6ddda3e8f31a527b5c3e23089a1d39de22d52de7d418241,d6b13929,PRESERVED_IN_COMPLETE_ARCHIVE
WL-REC-0037,WL-REC-0037,docs/history/owner-inputs/20261009/WORK-LAB_UI前端更新任务包_20261009.zip,WORK-LAB_UI_20261009/inputs/WORK-LAB_本对话最终任务包_20261009.zip ! WORK-LAB_final_20261009/original_packets/WORK-LAB_前端权威与历史入口整理任务包_20261009.zip ! 本地执行任务书.md,sha256:b1a1dd076f00b9459b6d9b1dfac70e1680ce58bc5718cb504bb73cf9aefa62b0,8489,b1a1dd076f00b9459b6d9b1dfac70e1680ce58bc5718cb504bb73cf9aefa62b0,eb33cde0,PRESERVED_IN_COMPLETE_ARCHIVE
WL-REC-0037,WL-REC-0037,docs/history/owner-inputs/20261009/WORK-LAB_UI前端更新任务包_20261009.zip,WORK-LAB_UI_20261009/inputs/WORK-LAB_本对话最终任务包_20261009.zip ! WORK-LAB_final_20261009/original_packets/WORK-LAB_深度调研与收敛资料包_20261009.zip,sha256:2f6c4eb84643916a03838e89438738f2e76138558dab99d9f1b76fd3ef2c4964,24921,2f6c4eb84643916a03838e89438738f2e76138558dab99d9f1b76fd3ef2c4964,c4b46e52,PRESERVED_IN_COMPLETE_ARCHIVE
WL-REC-0037,WL-REC-0037,docs/history/owner-inputs/20261009/WORK-LAB_UI前端更新任务包_20261009.zip,WORK-LAB_UI_20261009/inputs/WORK-LAB_本对话最终任务包_20261009.zip ! WORK-LAB_final_20261009/original_packets/WORK-LAB_深度调研与收敛资料包_20261009.zip ! MANIFEST.json,sha256:4f09aa4ea29ea8e5fe36d36797d98f33455b3ed62504bcf8efe9e3cba70367e2,1008,4f09aa4ea29ea8e5fe36d36797d98f33455b3ed62504bcf8efe9e3cba70367e2,cf9847e9,PRESERVED_IN_COMPLETE_ARCHIVE
WL-REC-0037,WL-REC-0037,docs/history/owner-inputs/20261009/WORK-LAB_UI前端更新任务包_20261009.zip,WORK-LAB_UI_20261009/inputs/WORK-LAB_本对话最终任务包_20261009.zip ! WORK-LAB_final_20261009/original_packets/WORK-LAB_深度调研与收敛资料包_20261009.zip ! README.md,sha256:daf3e6a689080d2447e551c32b6ca32480b1f25679ad4d0c31a3b88fd7ff2cb9,613,daf3e6a689080d2447e551c32b6ca32480b1f25679ad4d0c31a3b88fd7ff2cb9,5d09c077,PRESERVED_IN_COMPLETE_ARCHIVE
WL-REC-0037,WL-REC-0037,docs/history/owner-inputs/20261009/WORK-LAB_UI前端更新任务包_20261009.zip,WORK-LAB_UI_20261009/inputs/WORK-LAB_本对话最终任务包_20261009.zip ! WORK-LAB_final_20261009/original_packets/WORK-LAB_深度调研与收敛资料包_20261009.zip ! WORK-LAB_深度调研与收敛报告_20261009.md,sha256:19307cbaeaba84ac1dbce2e3c1eee2993d602c128f155ae7cb3ea202962e617d,32128,19307cbaeaba84ac1dbce2e3c1eee2993d602c128f155ae7cb3ea202962e617d,52b792dd,PRESERVED_IN_COMPLETE_ARCHIVE
WL-REC-0037,WL-REC-0037,docs/history/owner-inputs/20261009/WORK-LAB_UI前端更新任务包_20261009.zip,WORK-LAB_UI_20261009/inputs/WORK-LAB_本对话最终任务包_20261009.zip ! WORK-LAB_final_20261009/original_packets/WORK-LAB_深度调研与收敛资料包_20261009.zip ! acceptance_cases.md,sha256:acd61b075a9ea272c0e443a961e8834b6d7151b1cb41325e6278c964485e4d4c,5090,acd61b075a9ea272c0e443a961e8834b6d7151b1cb41325e6278c964485e4d4c,6730f139,PRESERVED_IN_COMPLETE_ARCHIVE
WL-REC-0037,WL-REC-0037,docs/history/owner-inputs/20261009/WORK-LAB_UI前端更新任务包_20261009.zip,WORK-LAB_UI_20261009/inputs/WORK-LAB_本对话最终任务包_20261009.zip ! WORK-LAB_final_20261009/original_packets/WORK-LAB_深度调研与收敛资料包_20261009.zip ! reproduce_usage_quality.py,sha256:efa37f3fbd09e26faf0b1abd1fbbb52cd4b19dcdb2759c11e33968cc0e4e664b,2982,efa37f3fbd09e26faf0b1abd1fbbb52cd4b19dcdb2759c11e33968cc0e4e664b,44828aaf,PRESERVED_IN_COMPLETE_ARCHIVE
WL-REC-0037,WL-REC-0037,docs/history/owner-inputs/20261009/WORK-LAB_UI前端更新任务包_20261009.zip,WORK-LAB_UI_20261009/inputs/WORK-LAB_本对话最终任务包_20261009.zip ! WORK-LAB_final_20261009/original_packets/WORK-LAB_深度调研与收敛资料包_20261009.zip ! research_sources.json,sha256:bac87ac106d5cfa374569d11d7d381348786ac3c67385a5860fcf8dd2f437eea,9637,bac87ac106d5cfa374569d11d7d381348786ac3c67385a5860fcf8dd2f437eea,d621d706,PRESERVED_IN_COMPLETE_ARCHIVE
WL-REC-0037,WL-REC-0037,docs/history/owner-inputs/20261009/WORK-LAB_UI前端更新任务包_20261009.zip,WORK-LAB_UI_20261009/inputs/WORK-LAB_本对话最终任务包_20261009.zip ! WORK-LAB_final_20261009/original_packets/WORK-LAB_深度调研与收敛资料包_20261009.zip ! usage_quality_reproduction.json,sha256:6f1230204d4eace7351e294839db2585c76b67aaf13f5ac655c9064f7e1629a8,1359,6f1230204d4eace7351e294839db2585c76b67aaf13f5ac655c9064f7e1629a8,ab0e622e,PRESERVED_IN_COMPLETE_ARCHIVE
WL-REC-0037,WL-REC-0037,docs/history/owner-inputs/20261009/WORK-LAB_UI前端更新任务包_20261009.zip,WORK-LAB_UI_20261009/inputs/WORK-LAB_本对话最终任务包_20261009.zip ! WORK-LAB_final_20261009/source_packets/alignment/MANIFEST.json,sha256:967845f8727bf2c8e56ce104337942599499b0275554afb9f917cf6dbb9debf4,1706,967845f8727bf2c8e56ce104337942599499b0275554afb9f917cf6dbb9debf4,405657b3,PRESERVED_IN_COMPLETE_ARCHIVE
WL-REC-0037,WL-REC-0037,docs/history/owner-inputs/20261009/WORK-LAB_UI前端更新任务包_20261009.zip,WORK-LAB_UI_20261009/inputs/WORK-LAB_本对话最终任务包_20261009.zip ! WORK-LAB_final_20261009/source_packets/alignment/README.md,sha256:5ff40cbeb0604178a5481ccb306b4f6bd3dfa9aa1d848a4b8adbac50c69ce548,2140,5ff40cbeb0604178a5481ccb306b4f6bd3dfa9aa1d848a4b8adbac50c69ce548,118c19a3,PRESERVED_IN_COMPLETE_ARCHIVE
WL-REC-0037,WL-REC-0037,docs/history/owner-inputs/20261009/WORK-LAB_UI前端更新任务包_20261009.zip,WORK-LAB_UI_20261009/inputs/WORK-LAB_本对话最终任务包_20261009.zip ! WORK-LAB_final_20261009/source_packets/alignment/WORK-LAB_前端与权威一致性整理方案.md,sha256:8f8e7fcd10dff2e9058804694a1f52d217e8d03317dbcee3fdd798bee5775b63,14084,8f8e7fcd10dff2e9058804694a1f52d217e8d03317dbcee3fdd798bee5775b63,69650e56,PRESERVED_IN_COMPLETE_ARCHIVE
WL-REC-0037,WL-REC-0037,docs/history/owner-inputs/20261009/WORK-LAB_UI前端更新任务包_20261009.zip,WORK-LAB_UI_20261009/inputs/WORK-LAB_本对话最终任务包_20261009.zip ! WORK-LAB_final_20261009/source_packets/alignment/conversation_decisions.json,sha256:ad0873bfa0fc669c5a1208fbd2d7786a50245d35b9ebfb52219fbfbc0dabf0d2,1788,ad0873bfa0fc669c5a1208fbd2d7786a50245d35b9ebfb52219fbfbc0dabf0d2,a67e5c07,PRESERVED_IN_COMPLETE_ARCHIVE
WL-REC-0037,WL-REC-0037,docs/history/owner-inputs/20261009/WORK-LAB_UI前端更新任务包_20261009.zip,WORK-LAB_UI_20261009/inputs/WORK-LAB_本对话最终任务包_20261009.zip ! WORK-LAB_final_20261009/source_packets/alignment/file_disposition_seed.csv,sha256:238cac2386c2d477991591309b0a2546823ca1b0d1c0eaf2a1e96b24a4277f71,8621,238cac2386c2d477991591309b0a2546823ca1b0d1c0eaf2a1e96b24a4277f71,10b719a1,PRESERVED_IN_COMPLETE_ARCHIVE
WL-REC-0037,WL-REC-0037,docs/history/owner-inputs/20261009/WORK-LAB_UI前端更新任务包_20261009.zip,WORK-LAB_UI_20261009/inputs/WORK-LAB_本对话最终任务包_20261009.zip ! WORK-LAB_final_20261009/source_packets/alignment/frontend_route_mapping.proposed.csv,sha256:8c6f92995ec324d89769b577d4ceb6ab9535cb665aae292b8331c97539f18658,2245,8c6f92995ec324d89769b577d4ceb6ab9535cb665aae292b8331c97539f18658,8719866e,PRESERVED_IN_COMPLETE_ARCHIVE
WL-REC-0037,WL-REC-0037,docs/history/owner-inputs/20261009/WORK-LAB_UI前端更新任务包_20261009.zip,WORK-LAB_UI_20261009/inputs/WORK-LAB_本对话最终任务包_20261009.zip ! WORK-LAB_final_20261009/source_packets/alignment/package_check.json,sha256:4c370f6c100f66962fc95105f0a83f0646c2c2a116eb307b563db55e1d40e299,359,4c370f6c100f66962fc95105f0a83f0646c2c2a116eb307b563db55e1d40e299,19c4a2ff,PRESERVED_IN_COMPLETE_ARCHIVE
WL-REC-0037,WL-REC-0037,docs/history/owner-inputs/20261009/WORK-LAB_UI前端更新任务包_20261009.zip,WORK-LAB_UI_20261009/inputs/WORK-LAB_本对话最终任务包_20261009.zip ! WORK-LAB_final_20261009/source_packets/alignment/prior_artifact_corrections.json,sha256:eb2ba41af8ad9c49514733073201c67abd8090b4ba0b7fbd2409414b48fde4af,1295,eb2ba41af8ad9c49514733073201c67abd8090b4ba0b7fbd2409414b48fde4af,0565ef58,PRESERVED_IN_COMPLETE_ARCHIVE
WL-REC-0037,WL-REC-0037,docs/history/owner-inputs/20261009/WORK-LAB_UI前端更新任务包_20261009.zip,WORK-LAB_UI_20261009/inputs/WORK-LAB_本对话最终任务包_20261009.zip ! WORK-LAB_final_20261009/source_packets/alignment/sources.json,sha256:9a21de421e3756c1b6ddda3e8f31a527b5c3e23089a1d39de22d52de7d418241,4757,9a21de421e3756c1b6ddda3e8f31a527b5c3e23089a1d39de22d52de7d418241,d6b13929,PRESERVED_IN_COMPLETE_ARCHIVE
WL-REC-0037,WL-REC-0037,docs/history/owner-inputs/20261009/WORK-LAB_UI前端更新任务包_20261009.zip,WORK-LAB_UI_20261009/inputs/WORK-LAB_本对话最终任务包_20261009.zip ! WORK-LAB_final_20261009/source_packets/alignment/本地执行任务书.md,sha256:b1a1dd076f00b9459b6d9b1dfac70e1680ce58bc5718cb504bb73cf9aefa62b0,8489,b1a1dd076f00b9459b6d9b1dfac70e1680ce58bc5718cb504bb73cf9aefa62b0,eb33cde0,PRESERVED_IN_COMPLETE_ARCHIVE
WL-REC-0037,WL-REC-0037,docs/history/owner-inputs/20261009/WORK-LAB_UI前端更新任务包_20261009.zip,WORK-LAB_UI_20261009/inputs/WORK-LAB_本对话最终任务包_20261009.zip ! WORK-LAB_final_20261009/source_packets/collaboration/MANIFEST.json,sha256:292d12092085444b15b77ec4134af5b24c4c9726302f91777228d18177219a25,3368,292d12092085444b15b77ec4134af5b24c4c9726302f91777228d18177219a25,83f2a15c,PRESERVED_IN_COMPLETE_ARCHIVE
WL-REC-0037,WL-REC-0037,docs/history/owner-inputs/20261009/WORK-LAB_UI前端更新任务包_20261009.zip,WORK-LAB_UI_20261009/inputs/WORK-LAB_本对话最终任务包_20261009.zip ! WORK-LAB_final_20261009/source_packets/collaboration/README.md,sha256:33684a1b07ab4dea47103cce059d4d7cca0386706d43aef77c915e00f3b2c8cd,2265,33684a1b07ab4dea47103cce059d4d7cca0386706d43aef77c915e00f3b2c8cd,f917b270,PRESERVED_IN_COMPLETE_ARCHIVE
WL-REC-0037,WL-REC-0037,docs/history/owner-inputs/20261009/WORK-LAB_UI前端更新任务包_20261009.zip,WORK-LAB_UI_20261009/inputs/WORK-LAB_本对话最终任务包_20261009.zip ! WORK-LAB_final_20261009/source_packets/collaboration/WORK-LAB_三方协作对账报告.md,sha256:78c4f77c7dfbc61cebd1a2a1e428e75228d3bf6df5740e2795866cd619193d97,11027,78c4f77c7dfbc61cebd1a2a1e428e75228d3bf6df5740e2795866cd619193d97,4d06f072,PRESERVED_IN_COMPLETE_ARCHIVE
WL-REC-0037,WL-REC-0037,docs/history/owner-inputs/20261009/WORK-LAB_UI前端更新任务包_20261009.zip,WORK-LAB_UI_20261009/inputs/WORK-LAB_本对话最终任务包_20261009.zip ! WORK-LAB_final_20261009/source_packets/collaboration/build_packet.py,sha256:544f220a33f95c2d272189c7569260204b94c0308d6bd9d8244543b8ab0cd893,18776,544f220a33f95c2d272189c7569260204b94c0308d6bd9d8244543b8ab0cd893,aa2ab11d,PRESERVED_IN_COMPLETE_ARCHIVE
WL-REC-0037,WL-REC-0037,docs/history/owner-inputs/20261009/WORK-LAB_UI前端更新任务包_20261009.zip,WORK-LAB_UI_20261009/inputs/WORK-LAB_本对话最终任务包_20261009.zip ! WORK-LAB_final_20261009/source_packets/collaboration/frozen_source/promotion_contract.py,sha256:97fb3567ebaa55bdf5eadd42b2231b96f80dcef3e87829cc536ea5114bea496e,3877,97fb3567ebaa55bdf5eadd42b2231b96f80dcef3e87829cc536ea5114bea496e,fefd1735,PRESERVED_IN_COMPLETE_ARCHIVE
WL-REC-0037,WL-REC-0037,docs/history/owner-inputs/20261009/WORK-LAB_UI前端更新任务包_20261009.zip,WORK-LAB_UI_20261009/inputs/WORK-LAB_本对话最终任务包_20261009.zip ! WORK-LAB_final_20261009/source_packets/collaboration/frozen_source/promotion_gate.py,sha256:75b6e3c2d95376bbcc13cf1743f67c3f9e6b55cfee3575ddee41643267eef423,8085,75b6e3c2d95376bbcc13cf1743f67c3f9e6b55cfee3575ddee41643267eef423,334314d3,PRESERVED_IN_COMPLETE_ARCHIVE
WL-REC-0037,WL-REC-0037,docs/history/owner-inputs/20261009/WORK-LAB_UI前端更新任务包_20261009.zip,WORK-LAB_UI_20261009/inputs/WORK-LAB_本对话最终任务包_20261009.zip ! WORK-LAB_final_20261009/source_packets/collaboration/frozen_source/result_return.py,sha256:6fafc6179bbf85cd60c773e1835dcf9903fc97844eed5d6130508c805634d7db,13881,6fafc6179bbf85cd60c773e1835dcf9903fc97844eed5d6130508c805634d7db,f040c49c,PRESERVED_IN_COMPLETE_ARCHIVE
WL-REC-0037,WL-REC-0037,docs/history/owner-inputs/20261009/WORK-LAB_UI前端更新任务包_20261009.zip,WORK-LAB_UI_20261009/inputs/WORK-LAB_本对话最终任务包_20261009.zip ! WORK-LAB_final_20261009/source_packets/collaboration/handoff-envelope.local.json,sha256:eacb0077ed3c653c75f2851db5112e6feb4de5a7f22ab988036ed70ea0ff822b,901,eacb0077ed3c653c75f2851db5112e6feb4de5a7f22ab988036ed70ea0ff822b,4e9b7a9c,PRESERVED_IN_COMPLETE_ARCHIVE
WL-REC-0037,WL-REC-0037,docs/history/owner-inputs/20261009/WORK-LAB_UI前端更新任务包_20261009.zip,WORK-LAB_UI_20261009/inputs/WORK-LAB_本对话最终任务包_20261009.zip ! WORK-LAB_final_20261009/source_packets/collaboration/knowledge-candidate.local.json,sha256:a5473099c2e94dee94b8a1bd877c51709a0249e8ba434e5d78c7a89c36638625,2581,a5473099c2e94dee94b8a1bd877c51709a0249e8ba434e5d78c7a89c36638625,710d3c28,PRESERVED_IN_COMPLETE_ARCHIVE
WL-REC-0037,WL-REC-0037,docs/history/owner-inputs/20261009/WORK-LAB_UI前端更新任务包_20261009.zip,WORK-LAB_UI_20261009/inputs/WORK-LAB_本对话最终任务包_20261009.zip ! WORK-LAB_final_20261009/source_packets/collaboration/proposed-result-serialization.patch,sha256:55a54fda572e52af98df54e8d99e6be16c41ce20eb34a6d10d50715d9e8f583a,466,55a54fda572e52af98df54e8d99e6be16c41ce20eb34a6d10d50715d9e8f583a,2e3ef412,PRESERVED_IN_COMPLETE_ARCHIVE
WL-REC-0037,WL-REC-0037,docs/history/owner-inputs/20261009/WORK-LAB_UI前端更新任务包_20261009.zip,WORK-LAB_UI_20261009/inputs/WORK-LAB_本对话最终任务包_20261009.zip ! WORK-LAB_final_20261009/source_packets/collaboration/run_local_audit.py,sha256:5d84c85bc76922cd3ac5aa1add41cb678bae767296ce2dfe0989086595cf5ac6,12247,5d84c85bc76922cd3ac5aa1add41cb678bae767296ce2dfe0989086595cf5ac6,e25604a5,PRESERVED_IN_COMPLETE_ARCHIVE
WL-REC-0037,WL-REC-0037,docs/history/owner-inputs/20261009/WORK-LAB_UI前端更新任务包_20261009.zip,WORK-LAB_UI_20261009/inputs/WORK-LAB_本对话最终任务包_20261009.zip ! WORK-LAB_final_20261009/source_packets/collaboration/runs/20261009T090500Z-e015ff95/S1-empty-artifact.json,sha256:e3b0c44298fc1c149afbf4c8996fb92427ae41e4649b934ca495991b7852b855,0,e3b0c44298fc1c149afbf4c8996fb92427ae41e4649b934ca495991b7852b855,00000000,PRESERVED_IN_COMPLETE_ARCHIVE
WL-REC-0037,WL-REC-0037,docs/history/owner-inputs/20261009/WORK-LAB_UI前端更新任务包_20261009.zip,WORK-LAB_UI_20261009/inputs/WORK-LAB_本对话最终任务包_20261009.zip ! WORK-LAB_final_20261009/source_packets/collaboration/runs/20261009T090500Z-e015ff95/S2-wrong-content.json,sha256:0b6a1afa611dcee62fd01d02da64c6bc21492a7b8698232025d07552294effcd,23,0b6a1afa611dcee62fd01d02da64c6bc21492a7b8698232025d07552294effcd,0e98c74c,PRESERVED_IN_COMPLETE_ARCHIVE
WL-REC-0037,WL-REC-0037,docs/history/owner-inputs/20261009/WORK-LAB_UI前端更新任务包_20261009.zip,WORK-LAB_UI_20261009/inputs/WORK-LAB_本对话最终任务包_20261009.zip ! WORK-LAB_final_20261009/source_packets/collaboration/runs/20261009T090500Z-e015ff95/S3-correct-content.json,sha256:0bea498d7162fc211d4a6466fd13aba4ed83e287df7f5f785b441fe73b050a05,23,0bea498d7162fc211d4a6466fd13aba4ed83e287df7f5f785b441fe73b050a05,25b5948f,PRESERVED_IN_COMPLETE_ARCHIVE
WL-REC-0037,WL-REC-0037,docs/history/owner-inputs/20261009/WORK-LAB_UI前端更新任务包_20261009.zip,WORK-LAB_UI_20261009/inputs/WORK-LAB_本对话最终任务包_20261009.zip ! WORK-LAB_final_20261009/source_packets/collaboration/runs/20261009T090500Z-e015ff95/audit-results.json,sha256:8f2f3bda79d63dc35ba3f10d287918ec97dd4ace30aca1aa0a79beff9968bd9f,9955,8f2f3bda79d63dc35ba3f10d287918ec97dd4ace30aca1aa0a79beff9968bd9f,bbdcf5de,PRESERVED_IN_COMPLETE_ARCHIVE
WL-REC-0037,WL-REC-0037,docs/history/owner-inputs/20261009/WORK-LAB_UI前端更新任务包_20261009.zip,WORK-LAB_UI_20261009/inputs/WORK-LAB_本对话最终任务包_20261009.zip ! WORK-LAB_final_20261009/source_packets/collaboration/runs/20261009T090618Z-63c5b8fe/S1-empty-artifact.json,sha256:e3b0c44298fc1c149afbf4c8996fb92427ae41e4649b934ca495991b7852b855,0,e3b0c44298fc1c149afbf4c8996fb92427ae41e4649b934ca495991b7852b855,00000000,PRESERVED_IN_COMPLETE_ARCHIVE
WL-REC-0037,WL-REC-0037,docs/history/owner-inputs/20261009/WORK-LAB_UI前端更新任务包_20261009.zip,WORK-LAB_UI_20261009/inputs/WORK-LAB_本对话最终任务包_20261009.zip ! WORK-LAB_final_20261009/source_packets/collaboration/runs/20261009T090618Z-63c5b8fe/S2-wrong-content.json,sha256:0b6a1afa611dcee62fd01d02da64c6bc21492a7b8698232025d07552294effcd,23,0b6a1afa611dcee62fd01d02da64c6bc21492a7b8698232025d07552294effcd,0e98c74c,PRESERVED_IN_COMPLETE_ARCHIVE
WL-REC-0037,WL-REC-0037,docs/history/owner-inputs/20261009/WORK-LAB_UI前端更新任务包_20261009.zip,WORK-LAB_UI_20261009/inputs/WORK-LAB_本对话最终任务包_20261009.zip ! WORK-LAB_final_20261009/source_packets/collaboration/runs/20261009T090618Z-63c5b8fe/S3-correct-content.json,sha256:0bea498d7162fc211d4a6466fd13aba4ed83e287df7f5f785b441fe73b050a05,23,0bea498d7162fc211d4a6466fd13aba4ed83e287df7f5f785b441fe73b050a05,25b5948f,PRESERVED_IN_COMPLETE_ARCHIVE
WL-REC-0037,WL-REC-0037,docs/history/owner-inputs/20261009/WORK-LAB_UI前端更新任务包_20261009.zip,WORK-LAB_UI_20261009/inputs/WORK-LAB_本对话最终任务包_20261009.zip ! WORK-LAB_final_20261009/source_packets/collaboration/runs/20261009T090618Z-63c5b8fe/audit-results.json,sha256:14a178270b9dfeacf592e52a2af9f238d5c4520a0e671146e96366fa60e3a330,10466,14a178270b9dfeacf592e52a2af9f238d5c4520a0e671146e96366fa60e3a330,2a8988a4,PRESERVED_IN_COMPLETE_ARCHIVE
WL-REC-0037,WL-REC-0037,docs/history/owner-inputs/20261009/WORK-LAB_UI前端更新任务包_20261009.zip,WORK-LAB_UI_20261009/inputs/WORK-LAB_本对话最终任务包_20261009.zip ! WORK-LAB_final_20261009/source_packets/collaboration/sources.json,sha256:0aad6716ed5adfcd2905efd46b66dc85bc305760259f55ddfcaedc71aaa19d03,3159,0aad6716ed5adfcd2905efd46b66dc85bc305760259f55ddfcaedc71aaa19d03,e8c6f6f4,PRESERVED_IN_COMPLETE_ARCHIVE
WL-REC-0037,WL-REC-0037,docs/history/owner-inputs/20261009/WORK-LAB_UI前端更新任务包_20261009.zip,WORK-LAB_UI_20261009/inputs/WORK-LAB_本对话最终任务包_20261009.zip ! WORK-LAB_final_20261009/source_packets/research/MANIFEST.json,sha256:4f09aa4ea29ea8e5fe36d36797d98f33455b3ed62504bcf8efe9e3cba70367e2,1008,4f09aa4ea29ea8e5fe36d36797d98f33455b3ed62504bcf8efe9e3cba70367e2,cf9847e9,PRESERVED_IN_COMPLETE_ARCHIVE
WL-REC-0037,WL-REC-0037,docs/history/owner-inputs/20261009/WORK-LAB_UI前端更新任务包_20261009.zip,WORK-LAB_UI_20261009/inputs/WORK-LAB_本对话最终任务包_20261009.zip ! WORK-LAB_final_20261009/source_packets/research/README.md,sha256:daf3e6a689080d2447e551c32b6ca32480b1f25679ad4d0c31a3b88fd7ff2cb9,613,daf3e6a689080d2447e551c32b6ca32480b1f25679ad4d0c31a3b88fd7ff2cb9,5d09c077,PRESERVED_IN_COMPLETE_ARCHIVE
WL-REC-0037,WL-REC-0037,docs/history/owner-inputs/20261009/WORK-LAB_UI前端更新任务包_20261009.zip,WORK-LAB_UI_20261009/inputs/WORK-LAB_本对话最终任务包_20261009.zip ! WORK-LAB_final_20261009/source_packets/research/WORK-LAB_深度调研与收敛报告_20261009.md,sha256:19307cbaeaba84ac1dbce2e3c1eee2993d602c128f155ae7cb3ea202962e617d,32128,19307cbaeaba84ac1dbce2e3c1eee2993d602c128f155ae7cb3ea202962e617d,52b792dd,PRESERVED_IN_COMPLETE_ARCHIVE
WL-REC-0037,WL-REC-0037,docs/history/owner-inputs/20261009/WORK-LAB_UI前端更新任务包_20261009.zip,WORK-LAB_UI_20261009/inputs/WORK-LAB_本对话最终任务包_20261009.zip ! WORK-LAB_final_20261009/source_packets/research/acceptance_cases.md,sha256:acd61b075a9ea272c0e443a961e8834b6d7151b1cb41325e6278c964485e4d4c,5090,acd61b075a9ea272c0e443a961e8834b6d7151b1cb41325e6278c964485e4d4c,6730f139,PRESERVED_IN_COMPLETE_ARCHIVE
WL-REC-0037,WL-REC-0037,docs/history/owner-inputs/20261009/WORK-LAB_UI前端更新任务包_20261009.zip,WORK-LAB_UI_20261009/inputs/WORK-LAB_本对话最终任务包_20261009.zip ! WORK-LAB_final_20261009/source_packets/research/reproduce_usage_quality.py,sha256:efa37f3fbd09e26faf0b1abd1fbbb52cd4b19dcdb2759c11e33968cc0e4e664b,2982,efa37f3fbd09e26faf0b1abd1fbbb52cd4b19dcdb2759c11e33968cc0e4e664b,44828aaf,PRESERVED_IN_COMPLETE_ARCHIVE
WL-REC-0037,WL-REC-0037,docs/history/owner-inputs/20261009/WORK-LAB_UI前端更新任务包_20261009.zip,WORK-LAB_UI_20261009/inputs/WORK-LAB_本对话最终任务包_20261009.zip ! WORK-LAB_final_20261009/source_packets/research/research_sources.json,sha256:bac87ac106d5cfa374569d11d7d381348786ac3c67385a5860fcf8dd2f437eea,9637,bac87ac106d5cfa374569d11d7d381348786ac3c67385a5860fcf8dd2f437eea,d621d706,PRESERVED_IN_COMPLETE_ARCHIVE
WL-REC-0037,WL-REC-0037,docs/history/owner-inputs/20261009/WORK-LAB_UI前端更新任务包_20261009.zip,WORK-LAB_UI_20261009/inputs/WORK-LAB_本对话最终任务包_20261009.zip ! WORK-LAB_final_20261009/source_packets/research/usage_quality_reproduction.json,sha256:6f1230204d4eace7351e294839db2585c76b67aaf13f5ac655c9064f7e1629a8,1359,6f1230204d4eace7351e294839db2585c76b67aaf13f5ac655c9064f7e1629a8,ab0e622e,PRESERVED_IN_COMPLETE_ARCHIVE
WL-REC-0037,WL-REC-0037,docs/history/owner-inputs/20261009/WORK-LAB_UI前端更新任务包_20261009.zip,WORK-LAB_UI_20261009/inputs/WORK-LAB_本对话最终任务包_20261009.zip ! WORK-LAB_final_20261009/verification/collaboration_replay_stdout.json,sha256:5fbf205d95addf4f2d3d46bebf648750e9d19e15f0a78ae2593a2f3a2edd7c8a,251,5fbf205d95addf4f2d3d46bebf648750e9d19e15f0a78ae2593a2f3a2edd7c8a,4f639bca,PRESERVED_IN_COMPLETE_ARCHIVE
WL-REC-0037,WL-REC-0037,docs/history/owner-inputs/20261009/WORK-LAB_UI前端更新任务包_20261009.zip,WORK-LAB_UI_20261009/inputs/WORK-LAB_本对话最终任务包_20261009.zip ! WORK-LAB_final_20261009/verification/frozen_replay/frozen_source/promotion_contract.py,sha256:97fb3567ebaa55bdf5eadd42b2231b96f80dcef3e87829cc536ea5114bea496e,3877,97fb3567ebaa55bdf5eadd42b2231b96f80dcef3e87829cc536ea5114bea496e,fefd1735,PRESERVED_IN_COMPLETE_ARCHIVE
WL-REC-0037,WL-REC-0037,docs/history/owner-inputs/20261009/WORK-LAB_UI前端更新任务包_20261009.zip,WORK-LAB_UI_20261009/inputs/WORK-LAB_本对话最终任务包_20261009.zip ! WORK-LAB_final_20261009/verification/frozen_replay/frozen_source/promotion_gate.py,sha256:75b6e3c2d95376bbcc13cf1743f67c3f9e6b55cfee3575ddee41643267eef423,8085,75b6e3c2d95376bbcc13cf1743f67c3f9e6b55cfee3575ddee41643267eef423,334314d3,PRESERVED_IN_COMPLETE_ARCHIVE
WL-REC-0037,WL-REC-0037,docs/history/owner-inputs/20261009/WORK-LAB_UI前端更新任务包_20261009.zip,WORK-LAB_UI_20261009/inputs/WORK-LAB_本对话最终任务包_20261009.zip ! WORK-LAB_final_20261009/verification/frozen_replay/frozen_source/result_return.py,sha256:6fafc6179bbf85cd60c773e1835dcf9903fc97844eed5d6130508c805634d7db,13881,6fafc6179bbf85cd60c773e1835dcf9903fc97844eed5d6130508c805634d7db,f040c49c,PRESERVED_IN_COMPLETE_ARCHIVE
WL-REC-0037,WL-REC-0037,docs/history/owner-inputs/20261009/WORK-LAB_UI前端更新任务包_20261009.zip,WORK-LAB_UI_20261009/inputs/WORK-LAB_本对话最终任务包_20261009.zip ! WORK-LAB_final_20261009/verification/frozen_replay/run_local_audit.py,sha256:5d84c85bc76922cd3ac5aa1add41cb678bae767296ce2dfe0989086595cf5ac6,12247,5d84c85bc76922cd3ac5aa1add41cb678bae767296ce2dfe0989086595cf5ac6,e25604a5,PRESERVED_IN_COMPLETE_ARCHIVE
WL-REC-0037,WL-REC-0037,docs/history/owner-inputs/20261009/WORK-LAB_UI前端更新任务包_20261009.zip,WORK-LAB_UI_20261009/inputs/WORK-LAB_本对话最终任务包_20261009.zip ! WORK-LAB_final_20261009/verification/frozen_replay/runs/20261009T094413Z-29fe0030/S1-empty-artifact.json,sha256:e3b0c44298fc1c149afbf4c8996fb92427ae41e4649b934ca495991b7852b855,0,e3b0c44298fc1c149afbf4c8996fb92427ae41e4649b934ca495991b7852b855,00000000,PRESERVED_IN_COMPLETE_ARCHIVE
WL-REC-0037,WL-REC-0037,docs/history/owner-inputs/20261009/WORK-LAB_UI前端更新任务包_20261009.zip,WORK-LAB_UI_20261009/inputs/WORK-LAB_本对话最终任务包_20261009.zip ! WORK-LAB_final_20261009/verification/frozen_replay/runs/20261009T094413Z-29fe0030/S2-wrong-content.json,sha256:0b6a1afa611dcee62fd01d02da64c6bc21492a7b8698232025d07552294effcd,23,0b6a1afa611dcee62fd01d02da64c6bc21492a7b8698232025d07552294effcd,0e98c74c,PRESERVED_IN_COMPLETE_ARCHIVE
WL-REC-0037,WL-REC-0037,docs/history/owner-inputs/20261009/WORK-LAB_UI前端更新任务包_20261009.zip,WORK-LAB_UI_20261009/inputs/WORK-LAB_本对话最终任务包_20261009.zip ! WORK-LAB_final_20261009/verification/frozen_replay/runs/20261009T094413Z-29fe0030/S3-correct-content.json,sha256:0bea498d7162fc211d4a6466fd13aba4ed83e287df7f5f785b441fe73b050a05,23,0bea498d7162fc211d4a6466fd13aba4ed83e287df7f5f785b441fe73b050a05,25b5948f,PRESERVED_IN_COMPLETE_ARCHIVE
WL-REC-0037,WL-REC-0037,docs/history/owner-inputs/20261009/WORK-LAB_UI前端更新任务包_20261009.zip,WORK-LAB_UI_20261009/inputs/WORK-LAB_本对话最终任务包_20261009.zip ! WORK-LAB_final_20261009/verification/frozen_replay/runs/20261009T094413Z-29fe0030/audit-results.json,sha256:aad5b0de8dfe9938e387cef0e7905904217e8bf03865eff27645bb4397af9afe,10467,aad5b0de8dfe9938e387cef0e7905904217e8bf03865eff27645bb4397af9afe,3063e152,PRESERVED_IN_COMPLETE_ARCHIVE
WL-REC-0037,WL-REC-0037,docs/history/owner-inputs/20261009/WORK-LAB_UI前端更新任务包_20261009.zip,WORK-LAB_UI_20261009/inputs/WORK-LAB_本对话最终任务包_20261009.zip ! WORK-LAB_final_20261009/verification/package_validation.json,sha256:ebb75247c9ae5035abee1427068cd178912baa6e5e73cfe2bed685341064a416,1273,ebb75247c9ae5035abee1427068cd178912baa6e5e73cfe2bed685341064a416,53fb516d,PRESERVED_IN_COMPLETE_ARCHIVE
WL-REC-0037,WL-REC-0037,docs/history/owner-inputs/20261009/WORK-LAB_UI前端更新任务包_20261009.zip,WORK-LAB_UI_20261009/inputs/WORK-LAB_本对话最终任务包_20261009.zip ! WORK-LAB_final_20261009/verification/replay_commands.json,sha256:2608b1ab8fca2fc76a8df3c8f88212a846eab4f8c80fc6c5619c923953beda36,1028,2608b1ab8fca2fc76a8df3c8f88212a846eab4f8c80fc6c5619c923953beda36,e4d614da,PRESERVED_IN_COMPLETE_ARCHIVE
WL-REC-0037,WL-REC-0037,docs/history/owner-inputs/20261009/WORK-LAB_UI前端更新任务包_20261009.zip,WORK-LAB_UI_20261009/inputs/WORK-LAB_本对话最终任务包_20261009.zip ! WORK-LAB_final_20261009/verification/usage_quality_replay.json,sha256:6f1230204d4eace7351e294839db2585c76b67aaf13f5ac655c9064f7e1629a8,1359,6f1230204d4eace7351e294839db2585c76b67aaf13f5ac655c9064f7e1629a8,ab0e622e,PRESERVED_IN_COMPLETE_ARCHIVE
WL-REC-0037,WL-REC-0037,docs/history/owner-inputs/20261009/WORK-LAB_UI前端更新任务包_20261009.zip,WORK-LAB_UI_20261009/inputs/frontend_route_mapping.proposed.csv,sha256:8c6f92995ec324d89769b577d4ceb6ab9535cb665aae292b8331c97539f18658,2245,8c6f92995ec324d89769b577d4ceb6ab9535cb665aae292b8331c97539f18658,8719866e,PRESERVED_IN_COMPLETE_ARCHIVE
WL-REC-0037,WL-REC-0037,docs/history/owner-inputs/20261009/WORK-LAB_UI前端更新任务包_20261009.zip,WORK-LAB_UI_20261009/prototype/app.js,sha256:1222556b33f5a0c1f2556ed778c898434c157595b3b333be37b31393b9565005,7878,1222556b33f5a0c1f2556ed778c898434c157595b3b333be37b31393b9565005,6f14f9b0,PRESERVED_IN_COMPLETE_ARCHIVE
WL-REC-0037,WL-REC-0037,docs/history/owner-inputs/20261009/WORK-LAB_UI前端更新任务包_20261009.zip,WORK-LAB_UI_20261009/prototype/index.html,sha256:50c871099543597fcf20f754ea5817f7eccf615bf1a84116f0816718ebcc0136,2814,50c871099543597fcf20f754ea5817f7eccf615bf1a84116f0816718ebcc0136,007c8651,PRESERVED_IN_COMPLETE_ARCHIVE
WL-REC-0037,WL-REC-0037,docs/history/owner-inputs/20261009/WORK-LAB_UI前端更新任务包_20261009.zip,WORK-LAB_UI_20261009/prototype/pages.js,sha256:c5ef7056f75348b049fd809855b6721401492909638a4e9a8407ac147ea62f14,743784,c5ef7056f75348b049fd809855b6721401492909638a4e9a8407ac147ea62f14,83cc44f5,PRESERVED_IN_COMPLETE_ARCHIVE
WL-REC-0037,WL-REC-0037,docs/history/owner-inputs/20261009/WORK-LAB_UI前端更新任务包_20261009.zip,WORK-LAB_UI_20261009/tools/build_ui.py,sha256:6f0042e9022413159a602612d666cf6f75b3f0e71309ed51f2de8220bbf9b8b8,50843,6f0042e9022413159a602612d666cf6f75b3f0e71309ed51f2de8220bbf9b8b8,0a9d9c3e,PRESERVED_IN_COMPLETE_ARCHIVE
WL-REC-0037,WL-REC-0037,docs/history/owner-inputs/20261009/WORK-LAB_UI前端更新任务包_20261009.zip,WORK-LAB_UI_20261009/tools/validate_package.py,sha256:d47f2ffc132a70b8866f47004589552712f81280fb5840ed5144a5d39c7a0770,5388,d47f2ffc132a70b8866f47004589552712f81280fb5840ed5144a5d39c7a0770,629901e3,PRESERVED_IN_COMPLETE_ARCHIVE
WL-REC-0037,WL-REC-0037,docs/history/owner-inputs/20261009/WORK-LAB_UI前端更新任务包_20261009.zip,WORK-LAB_UI_20261009/verification/package_validation.json,sha256:b8d123bcf9bd75e605185940afdca334945182e599d43e2e1343d17a87bac8f2,1150,b8d123bcf9bd75e605185940afdca334945182e599d43e2e1343d17a87bac8f2,9758f921,PRESERVED_IN_COMPLETE_ARCHIVE
WL-REC-0037,WL-REC-0037,docs/history/owner-inputs/20261009/WORK-LAB_UI前端更新任务包_20261009.zip,WORK-LAB_UI_20261009/verification/text_bounds.json,sha256:1fcf0e2da9ad76f6101e953aef2fba40636c628722f9a6e20520edfd942f98eb,38,1fcf0e2da9ad76f6101e953aef2fba40636c628722f9a6e20520edfd942f98eb,152ed6e8,PRESERVED_IN_COMPLETE_ARCHIVE
WL-REC-0037,WL-REC-0037,docs/history/owner-inputs/20261009/WORK-LAB_UI前端更新任务包_20261009.zip,WORK-LAB_UI_20261009/verification/visual_review.json,sha256:9dde1fe34047b30f46045496eab262b65666bd8c630ad99ded4123832bfa4eae,766,9dde1fe34047b30f46045496eab262b65666bd8c630ad99ded4123832bfa4eae,e73ddb61,PRESERVED_IN_COMPLETE_ARCHIVE
WL-REC-0038,WL-REC-0038,docs/history/archive/recovered-originals/RECORD-20261008/WORK-LAB_UI开发资料总包_按批次.zip,01_B01_基础视觉拆图_L1/WORK-LAB_UI_12张独立图.zip,sha256:ed35a4dd34529309cd5c37e46ddc9ce2c8fa364a811234e98d79773293a73ef7,5710915,ed35a4dd34529309cd5c37e46ddc9ce2c8fa364a811234e98d79773293a73ef7,1c501347,PRESERVED_IN_COMPLETE_ARCHIVE
WL-REC-0038,WL-REC-0038,docs/history/archive/recovered-originals/RECORD-20261008/WORK-LAB_UI开发资料总包_按批次.zip,01_B01_基础视觉拆图_L1/WORK-LAB_UI_12张独立图.zip ! 01_01_信息架构_Information_Architecture.png,sha256:f81214052a6511930eb059d43215fd2d3f3a928bcf036fcf861ce60cf51fc9f5,631148,f81214052a6511930eb059d43215fd2d3f3a928bcf036fcf861ce60cf51fc9f5,210bc6f8,PRESERVED_IN_COMPLETE_ARCHIVE
WL-REC-0038,WL-REC-0038,docs/history/archive/recovered-originals/RECORD-20261008/WORK-LAB_UI开发资料总包_按批次.zip,01_B01_基础视觉拆图_L1/WORK-LAB_UI_12张独立图.zip ! 02_02_侧边导航_Sidebar_Navigation.png,sha256:0bc525cab036a7eb6e27c5b1fe464b3944682db628622a5e41bc8fa0978506b2,593205,0bc525cab036a7eb6e27c5b1fe464b3944682db628622a5e41bc8fa0978506b2,8ddd8d45,PRESERVED_IN_COMPLETE_ARCHIVE
WL-REC-0038,WL-REC-0038,docs/history/archive/recovered-originals/RECORD-20261008/WORK-LAB_UI开发资料总包_按批次.zip,01_B01_基础视觉拆图_L1/WORK-LAB_UI_12张独立图.zip ! 03_03_顶部导航_Top_Bar.png,sha256:aef6ad0bfc357b07c4939da41e1537a5ad85f303bacf391ce9f8f63400c35668,287770,aef6ad0bfc357b07c4939da41e1537a5ad85f303bacf391ce9f8f63400c35668,3179bd49,PRESERVED_IN_COMPLETE_ARCHIVE
WL-REC-0038,WL-REC-0038,docs/history/archive/recovered-originals/RECORD-20261008/WORK-LAB_UI开发资料总包_按批次.zip,01_B01_基础视觉拆图_L1/WORK-LAB_UI_12张独立图.zip ! 04_04_仪表盘_Dashboard.png,sha256:197e8518fb7499b6565a9583bec45b20cb528660537bd135084dbaf52e8db756,1015995,197e8518fb7499b6565a9583bec45b20cb528660537bd135084dbaf52e8db756,14389c65,PRESERVED_IN_COMPLETE_ARCHIVE
WL-REC-0038,WL-REC-0038,docs/history/archive/recovered-originals/RECORD-20261008/WORK-LAB_UI开发资料总包_按批次.zip,01_B01_基础视觉拆图_L1/WORK-LAB_UI_12张独立图.zip ! 05_05_执行时间线_Execution_Timeline.png,sha256:40787f1e7c82805ea82b1aeb48ed3bbf33a630b10443c27eb7697aced8895f65,433805,40787f1e7c82805ea82b1aeb48ed3bbf33a630b10443c27eb7697aced8895f65,3a8ac2c7,PRESERVED_IN_COMPLETE_ARCHIVE
WL-REC-0038,WL-REC-0038,docs/history/archive/recovered-originals/RECORD-20261008/WORK-LAB_UI开发资料总包_按批次.zip,01_B01_基础视觉拆图_L1/WORK-LAB_UI_12张独立图.zip ! 06_06_告警通知_Alerts.png,sha256:58dfcb5e17736c3c16b88cec36d324f3ee087f655e4df98b09b33c605912afa0,347056,58dfcb5e17736c3c16b88cec36d324f3ee087f655e4df98b09b33c605912afa0,e8a50743,PRESERVED_IN_COMPLETE_ARCHIVE
WL-REC-0038,WL-REC-0038,docs/history/archive/recovered-originals/RECORD-20261008/WORK-LAB_UI开发资料总包_按批次.zip,01_B01_基础视觉拆图_L1/WORK-LAB_UI_12张独立图.zip ! 07_07_任务包列表_Task_Pack_List.png,sha256:cfd48538de26127d34e1f4a35e3a5975d0b6ac16d942b791ce5dd0a909881707,408013,cfd48538de26127d34e1f4a35e3a5975d0b6ac16d942b791ce5dd0a909881707,e5918786,PRESERVED_IN_COMPLETE_ARCHIVE
WL-REC-0038,WL-REC-0038,docs/history/archive/recovered-originals/RECORD-20261008/WORK-LAB_UI开发资料总包_按批次.zip,01_B01_基础视觉拆图_L1/WORK-LAB_UI_12张独立图.zip ! 08_08_网站结构_Website_Structure.png,sha256:1ad817503a1a5ab9c152af5475cfbcaf2ad85f627d68bf14040f8ad73679bc37,385829,1ad817503a1a5ab9c152af5475cfbcaf2ad85f627d68bf14040f8ad73679bc37,e959dc80,PRESERVED_IN_COMPLETE_ARCHIVE
WL-REC-0038,WL-REC-0038,docs/history/archive/recovered-originals/RECORD-20261008/WORK-LAB_UI开发资料总包_按批次.zip,01_B01_基础视觉拆图_L1/WORK-LAB_UI_12张独立图.zip ! 09_09_关键页面拆解_Key_Screens.png,sha256:e333c938efb0cf6e79b43da3d64e389dacc4c87c7935bcd3d488a0d66d102b84,504981,e333c938efb0cf6e79b43da3d64e389dacc4c87c7935bcd3d488a0d66d102b84,8ce1a5a4,PRESERVED_IN_COMPLETE_ARCHIVE
WL-REC-0038,WL-REC-0038,docs/history/archive/recovered-originals/RECORD-20261008/WORK-LAB_UI开发资料总包_按批次.zip,01_B01_基础视觉拆图_L1/WORK-LAB_UI_12张独立图.zip ! 10_10_登录页_Login_Screen.png,sha256:6a0d3d8248573cea1a17b2632c94710ef964f2844e876d676596907e85a4387e,84954,6a0d3d8248573cea1a17b2632c94710ef964f2844e876d676596907e85a4387e,9c3fe610,PRESERVED_IN_COMPLETE_ARCHIVE
WL-REC-0038,WL-REC-0038,docs/history/archive/recovered-originals/RECORD-20261008/WORK-LAB_UI开发资料总包_按批次.zip,01_B01_基础视觉拆图_L1/WORK-LAB_UI_12张独立图.zip ! 11_11_工作流编辑与任务详情_Workflow_Task_Detail.png,sha256:e50137a6d06dad0db37f1b00e85996c6b30d77b2706b13f2afc845fffeac1317,269494,e50137a6d06dad0db37f1b00e85996c6b30d77b2706b13f2afc845fffeac1317,78ce4119,PRESERVED_IN_COMPLETE_ARCHIVE
WL-REC-0038,WL-REC-0038,docs/history/archive/recovered-originals/RECORD-20261008/WORK-LAB_UI开发资料总包_按批次.zip,01_B01_基础视觉拆图_L1/WORK-LAB_UI_12张独立图.zip ! 12_12_上线实施计划_Rollout_Plan.png,sha256:bb77092c7d64ed4e22d089a0ac1bb333b0fd21faf2cd572e0c77491172460c64,746584,bb77092c7d64ed4e22d089a0ac1bb333b0fd21faf2cd572e0c77491172460c64,4abf503b,PRESERVED_IN_COMPLETE_ARCHIVE
WL-REC-0038,WL-REC-0038,docs/history/archive/recovered-originals/RECORD-20261008/WORK-LAB_UI开发资料总包_按批次.zip,01_B01_基础视觉拆图_L1/WORK-LAB_VI+UI_24张全套.zip,sha256:cba08f68bd198d7f012e46a95b9597ac4ba72f17c6d2dfffacc0e789550e720c,9007828,cba08f68bd198d7f012e46a95b9597ac4ba72f17c6d2dfffacc0e789550e720c,82eeb224,PRESERVED_IN_COMPLETE_ARCHIVE
WL-REC-0038,WL-REC-0038,docs/history/archive/recovered-originals/RECORD-20261008/WORK-LAB_UI开发资料总包_按批次.zip,01_B01_基础视觉拆图_L1/WORK-LAB_VI+UI_24张全套.zip ! VI/01_01_品牌定位_Brand_Positioning.png,sha256:705f397aeb0a903379acb186127255ce02ef90d91b6f089d6d893cb4806420eb,256964,705f397aeb0a903379acb186127255ce02ef90d91b6f089d6d893cb4806420eb,5c0bee2a,PRESERVED_IN_COMPLETE_ARCHIVE
WL-REC-0038,WL-REC-0038,docs/history/archive/recovered-originals/RECORD-20261008/WORK-LAB_UI开发资料总包_按批次.zip,01_B01_基础视觉拆图_L1/WORK-LAB_VI+UI_24张全套.zip ! VI/02_02_主标志_Primary_Logo.png,sha256:d3057cc9b9d476ba1f0b2161e3d30d01e038d012c808cbbfb8c11a5d0e93d517,224740,d3057cc9b9d476ba1f0b2161e3d30d01e038d012c808cbbfb8c11a5d0e93d517,d339f57f,PRESERVED_IN_COMPLETE_ARCHIVE
WL-REC-0038,WL-REC-0038,docs/history/archive/recovered-originals/RECORD-20261008/WORK-LAB_UI开发资料总包_按批次.zip,01_B01_基础视觉拆图_L1/WORK-LAB_VI+UI_24张全套.zip ! VI/03_03_标志变体_Logo_Variations.png,sha256:29032d592c8d58c656e5a9c60cc9459b962dca0008e73e7fdccedbc01155174f,222376,29032d592c8d58c656e5a9c60cc9459b962dca0008e73e7fdccedbc01155174f,58760b87,PRESERVED_IN_COMPLETE_ARCHIVE
WL-REC-0038,WL-REC-0038,docs/history/archive/recovered-originals/RECORD-20261008/WORK-LAB_UI开发资料总包_按批次.zip,01_B01_基础视觉拆图_L1/WORK-LAB_VI+UI_24张全套.zip ! VI/04_04_标志构造_Logo_Construction.png,sha256:7dbdd3b6c9c5b144c46c3bf7849c19e54557bb1c4c49d8a813de655c646c5ec8,178490,7dbdd3b6c9c5b144c46c3bf7849c19e54557bb1c4c49d8a813de655c646c5ec8,fcb8417b,PRESERVED_IN_COMPLETE_ARCHIVE
WL-REC-0038,WL-REC-0038,docs/history/archive/recovered-originals/RECORD-20261008/WORK-LAB_UI开发资料总包_按批次.zip,01_B01_基础视觉拆图_L1/WORK-LAB_VI+UI_24张全套.zip ! VI/05_05_安全空间_Clear_Space.png,sha256:1848366d349a3d93b32dba5ec1101eb8504d5bcf70735dea4b2261eabc30f8ee,143221,1848366d349a3d93b32dba5ec1101eb8504d5bcf70735dea4b2261eabc30f8ee,ec16ee8f,PRESERVED_IN_COMPLETE_ARCHIVE
WL-REC-0038,WL-REC-0038,docs/history/archive/recovered-originals/RECORD-20261008/WORK-LAB_UI开发资料总包_按批次.zip,01_B01_基础视觉拆图_L1/WORK-LAB_VI+UI_24张全套.zip ! VI/06_06_最小尺寸与错误用法_MinSize_Incorrect.png,sha256:c5194af7e54e628b71a2696f902296e410e7c4b7c5b5e629eacae8aa0e4d7a22,256010,c5194af7e54e628b71a2696f902296e410e7c4b7c5b5e629eacae8aa0e4d7a22,87fdb0a8,PRESERVED_IN_COMPLETE_ARCHIVE
WL-REC-0038,WL-REC-0038,docs/history/archive/recovered-originals/RECORD-20261008/WORK-LAB_UI开发资料总包_按批次.zip,01_B01_基础视觉拆图_L1/WORK-LAB_VI+UI_24张全套.zip ! VI/07_07_色彩与渐变_Color_Gradient.png,sha256:0413c53d779c6746b1eeb345d28c9049798874ff54a3e1b003fa9f0df6409ea3,319377,0413c53d779c6746b1eeb345d28c9049798874ff54a3e1b003fa9f0df6409ea3,bf383d22,PRESERVED_IN_COMPLETE_ARCHIVE
WL-REC-0038,WL-REC-0038,docs/history/archive/recovered-originals/RECORD-20261008/WORK-LAB_UI开发资料总包_按批次.zip,01_B01_基础视觉拆图_L1/WORK-LAB_VI+UI_24张全套.zip ! VI/08_08_字体系统_Typography.png,sha256:f73937082dd3a6da6d84160a325fa9203f3f203160225bc50b4e02ccab62d69d,345651,f73937082dd3a6da6d84160a325fa9203f3f203160225bc50b4e02ccab62d69d,de44bc9f,PRESERVED_IN_COMPLETE_ARCHIVE
WL-REC-0038,WL-REC-0038,docs/history/archive/recovered-originals/RECORD-20261008/WORK-LAB_UI开发资料总包_按批次.zip,01_B01_基础视觉拆图_L1/WORK-LAB_VI+UI_24张全套.zip ! VI/09_09_图标系统_Icon_System.png,sha256:210663e53a769acea7d3a7b38db70ede0041ee89cae0fd8f6a4fb64734c1171a,225075,210663e53a769acea7d3a7b38db70ede0041ee89cae0fd8f6a4fb64734c1171a,53dde348,PRESERVED_IN_COMPLETE_ARCHIVE
WL-REC-0038,WL-REC-0038,docs/history/archive/recovered-originals/RECORD-20261008/WORK-LAB_UI开发资料总包_按批次.zip,01_B01_基础视觉拆图_L1/WORK-LAB_VI+UI_24张全套.zip ! VI/10_10_图形语言_Graphic_Language.png,sha256:f39ed85c04c3f5e0143f4788d713c684f5b8b46218401d8b6d13e52c51f9dee0,149093,f39ed85c04c3f5e0143f4788d713c684f5b8b46218401d8b6d13e52c51f9dee0,e5e74a9b,PRESERVED_IN_COMPLETE_ARCHIVE
WL-REC-0038,WL-REC-0038,docs/history/archive/recovered-originals/RECORD-20261008/WORK-LAB_UI开发资料总包_按批次.zip,01_B01_基础视觉拆图_L1/WORK-LAB_VI+UI_24张全套.zip ! VI/11_11_品牌应用_Brand_Applications.png,sha256:1370251d1063642fce0d3a55f6aefa739308970c451a8f7172c3fb7884566591,362836,1370251d1063642fce0d3a55f6aefa739308970c451a8f7172c3fb7884566591,f6a5ecef,PRESERVED_IN_COMPLETE_ARCHIVE
WL-REC-0038,WL-REC-0038,docs/history/archive/recovered-originals/RECORD-20261008/WORK-LAB_UI开发资料总包_按批次.zip,01_B01_基础视觉拆图_L1/WORK-LAB_VI+UI_24张全套.zip ! VI/12_12_官网与品牌延展_Web_Brand_Extension.png,sha256:13c2b9f7b7f664b2e8e10fc7fb267cdbe7f6ba762e73489dbcf6621f2ffd5bea,614447,13c2b9f7b7f664b2e8e10fc7fb267cdbe7f6ba762e73489dbcf6621f2ffd5bea,fb603a71,PRESERVED_IN_COMPLETE_ARCHIVE
WL-REC-0038,WL-REC-0038,docs/history/archive/recovered-originals/RECORD-20261008/WORK-LAB_UI开发资料总包_按批次.zip,01_B01_基础视觉拆图_L1/WORK-LAB_VI+UI_24张全套.zip ! UI/01_01_信息架构_Information_Architecture.png,sha256:f81214052a6511930eb059d43215fd2d3f3a928bcf036fcf861ce60cf51fc9f5,631148,f81214052a6511930eb059d43215fd2d3f3a928bcf036fcf861ce60cf51fc9f5,210bc6f8,PRESERVED_IN_COMPLETE_ARCHIVE
WL-REC-0038,WL-REC-0038,docs/history/archive/recovered-originals/RECORD-20261008/WORK-LAB_UI开发资料总包_按批次.zip,01_B01_基础视觉拆图_L1/WORK-LAB_VI+UI_24张全套.zip ! UI/02_02_侧边导航_Sidebar_Navigation.png,sha256:0bc525cab036a7eb6e27c5b1fe464b3944682db628622a5e41bc8fa0978506b2,593205,0bc525cab036a7eb6e27c5b1fe464b3944682db628622a5e41bc8fa0978506b2,8ddd8d45,PRESERVED_IN_COMPLETE_ARCHIVE
WL-REC-0038,WL-REC-0038,docs/history/archive/recovered-originals/RECORD-20261008/WORK-LAB_UI开发资料总包_按批次.zip,01_B01_基础视觉拆图_L1/WORK-LAB_VI+UI_24张全套.zip ! UI/03_03_顶部导航_Top_Bar.png,sha256:aef6ad0bfc357b07c4939da41e1537a5ad85f303bacf391ce9f8f63400c35668,287770,aef6ad0bfc357b07c4939da41e1537a5ad85f303bacf391ce9f8f63400c35668,3179bd49,PRESERVED_IN_COMPLETE_ARCHIVE
WL-REC-0038,WL-REC-0038,docs/history/archive/recovered-originals/RECORD-20261008/WORK-LAB_UI开发资料总包_按批次.zip,01_B01_基础视觉拆图_L1/WORK-LAB_VI+UI_24张全套.zip ! UI/04_04_仪表盘_Dashboard.png,sha256:197e8518fb7499b6565a9583bec45b20cb528660537bd135084dbaf52e8db756,1015995,197e8518fb7499b6565a9583bec45b20cb528660537bd135084dbaf52e8db756,14389c65,PRESERVED_IN_COMPLETE_ARCHIVE
WL-REC-0038,WL-REC-0038,docs/history/archive/recovered-originals/RECORD-20261008/WORK-LAB_UI开发资料总包_按批次.zip,01_B01_基础视觉拆图_L1/WORK-LAB_VI+UI_24张全套.zip ! UI/05_05_执行时间线_Execution_Timeline.png,sha256:40787f1e7c82805ea82b1aeb48ed3bbf33a630b10443c27eb7697aced8895f65,433805,40787f1e7c82805ea82b1aeb48ed3bbf33a630b10443c27eb7697aced8895f65,3a8ac2c7,PRESERVED_IN_COMPLETE_ARCHIVE
WL-REC-0038,WL-REC-0038,docs/history/archive/recovered-originals/RECORD-20261008/WORK-LAB_UI开发资料总包_按批次.zip,01_B01_基础视觉拆图_L1/WORK-LAB_VI+UI_24张全套.zip ! UI/06_06_告警通知_Alerts.png,sha256:58dfcb5e17736c3c16b88cec36d324f3ee087f655e4df98b09b33c605912afa0,347056,58dfcb5e17736c3c16b88cec36d324f3ee087f655e4df98b09b33c605912afa0,e8a50743,PRESERVED_IN_COMPLETE_ARCHIVE
WL-REC-0038,WL-REC-0038,docs/history/archive/recovered-originals/RECORD-20261008/WORK-LAB_UI开发资料总包_按批次.zip,01_B01_基础视觉拆图_L1/WORK-LAB_VI+UI_24张全套.zip ! UI/07_07_任务包列表_Task_Pack_List.png,sha256:cfd48538de26127d34e1f4a35e3a5975d0b6ac16d942b791ce5dd0a909881707,408013,cfd48538de26127d34e1f4a35e3a5975d0b6ac16d942b791ce5dd0a909881707,e5918786,PRESERVED_IN_COMPLETE_ARCHIVE
WL-REC-0038,WL-REC-0038,docs/history/archive/recovered-originals/RECORD-20261008/WORK-LAB_UI开发资料总包_按批次.zip,01_B01_基础视觉拆图_L1/WORK-LAB_VI+UI_24张全套.zip ! UI/08_08_网站结构_Website_Structure.png,sha256:1ad817503a1a5ab9c152af5475cfbcaf2ad85f627d68bf14040f8ad73679bc37,385829,1ad817503a1a5ab9c152af5475cfbcaf2ad85f627d68bf14040f8ad73679bc37,e959dc80,PRESERVED_IN_COMPLETE_ARCHIVE
WL-REC-0038,WL-REC-0038,docs/history/archive/recovered-originals/RECORD-20261008/WORK-LAB_UI开发资料总包_按批次.zip,01_B01_基础视觉拆图_L1/WORK-LAB_VI+UI_24张全套.zip ! UI/09_09_关键页面拆解_Key_Screens.png,sha256:e333c938efb0cf6e79b43da3d64e389dacc4c87c7935bcd3d488a0d66d102b84,504981,e333c938efb0cf6e79b43da3d64e389dacc4c87c7935bcd3d488a0d66d102b84,8ce1a5a4,PRESERVED_IN_COMPLETE_ARCHIVE
WL-REC-0038,WL-REC-0038,docs/history/archive/recovered-originals/RECORD-20261008/WORK-LAB_UI开发资料总包_按批次.zip,01_B01_基础视觉拆图_L1/WORK-LAB_VI+UI_24张全套.zip ! UI/10_10_登录页_Login_Screen.png,sha256:6a0d3d8248573cea1a17b2632c94710ef964f2844e876d676596907e85a4387e,84954,6a0d3d8248573cea1a17b2632c94710ef964f2844e876d676596907e85a4387e,9c3fe610,PRESERVED_IN_COMPLETE_ARCHIVE
WL-REC-0038,WL-REC-0038,docs/history/archive/recovered-originals/RECORD-20261008/WORK-LAB_UI开发资料总包_按批次.zip,01_B01_基础视觉拆图_L1/WORK-LAB_VI+UI_24张全套.zip ! UI/11_11_工作流编辑与任务详情_Workflow_Task_Detail.png,sha256:e50137a6d06dad0db37f1b00e85996c6b30d77b2706b13f2afc845fffeac1317,269494,e50137a6d06dad0db37f1b00e85996c6b30d77b2706b13f2afc845fffeac1317,78ce4119,PRESERVED_IN_COMPLETE_ARCHIVE
WL-REC-0038,WL-REC-0038,docs/history/archive/recovered-originals/RECORD-20261008/WORK-LAB_UI开发资料总包_按批次.zip,01_B01_基础视觉拆图_L1/WORK-LAB_VI+UI_24张全套.zip ! UI/12_12_上线实施计划_Rollout_Plan.png,sha256:bb77092c7d64ed4e22d089a0ac1bb333b0fd21faf2cd572e0c77491172460c64,746584,bb77092c7d64ed4e22d089a0ac1bb333b0fd21faf2cd572e0c77491172460c64,4abf503b,PRESERVED_IN_COMPLETE_ARCHIVE
WL-REC-0038,WL-REC-0038,docs/history/archive/recovered-originals/RECORD-20261008/WORK-LAB_UI开发资料总包_按批次.zip,01_B01_基础视觉拆图_L1/WORK-LAB_VI+UI_24张全套.zip ! README_拆图说明.txt,sha256:e2d306c1640ae632e8a1d001ba8bea0790d5b2400eb9de961caffd1d80dcd5a6,557,e2d306c1640ae632e8a1d001ba8bea0790d5b2400eb9de961caffd1d80dcd5a6,a34503d1,PRESERVED_IN_COMPLETE_ARCHIVE
WL-REC-0038,WL-REC-0038,docs/history/archive/recovered-originals/RECORD-20261008/WORK-LAB_UI开发资料总包_按批次.zip,01_B01_基础视觉拆图_L1/WORK-LAB_VI_12张独立图.zip,sha256:b0017399469bc48f2f5c5beed826f4b4a81f03064fd31629da03add95681761b,3296212,b0017399469bc48f2f5c5beed826f4b4a81f03064fd31629da03add95681761b,9389a1e7,PRESERVED_IN_COMPLETE_ARCHIVE
WL-REC-0038,WL-REC-0038,docs/history/archive/recovered-originals/RECORD-20261008/WORK-LAB_UI开发资料总包_按批次.zip,01_B01_基础视觉拆图_L1/WORK-LAB_VI_12张独立图.zip ! 01_01_品牌定位_Brand_Positioning.png,sha256:705f397aeb0a903379acb186127255ce02ef90d91b6f089d6d893cb4806420eb,256964,705f397aeb0a903379acb186127255ce02ef90d91b6f089d6d893cb4806420eb,5c0bee2a,PRESERVED_IN_COMPLETE_ARCHIVE
WL-REC-0038,WL-REC-0038,docs/history/archive/recovered-originals/RECORD-20261008/WORK-LAB_UI开发资料总包_按批次.zip,01_B01_基础视觉拆图_L1/WORK-LAB_VI_12张独立图.zip ! 02_02_主标志_Primary_Logo.png,sha256:d3057cc9b9d476ba1f0b2161e3d30d01e038d012c808cbbfb8c11a5d0e93d517,224740,d3057cc9b9d476ba1f0b2161e3d30d01e038d012c808cbbfb8c11a5d0e93d517,d339f57f,PRESERVED_IN_COMPLETE_ARCHIVE
WL-REC-0038,WL-REC-0038,docs/history/archive/recovered-originals/RECORD-20261008/WORK-LAB_UI开发资料总包_按批次.zip,01_B01_基础视觉拆图_L1/WORK-LAB_VI_12张独立图.zip ! 03_03_标志变体_Logo_Variations.png,sha256:29032d592c8d58c656e5a9c60cc9459b962dca0008e73e7fdccedbc01155174f,222376,29032d592c8d58c656e5a9c60cc9459b962dca0008e73e7fdccedbc01155174f,58760b87,PRESERVED_IN_COMPLETE_ARCHIVE
WL-REC-0038,WL-REC-0038,docs/history/archive/recovered-originals/RECORD-20261008/WORK-LAB_UI开发资料总包_按批次.zip,01_B01_基础视觉拆图_L1/WORK-LAB_VI_12张独立图.zip ! 04_04_标志构造_Logo_Construction.png,sha256:7dbdd3b6c9c5b144c46c3bf7849c19e54557bb1c4c49d8a813de655c646c5ec8,178490,7dbdd3b6c9c5b144c46c3bf7849c19e54557bb1c4c49d8a813de655c646c5ec8,fcb8417b,PRESERVED_IN_COMPLETE_ARCHIVE
WL-REC-0038,WL-REC-0038,docs/history/archive/recovered-originals/RECORD-20261008/WORK-LAB_UI开发资料总包_按批次.zip,01_B01_基础视觉拆图_L1/WORK-LAB_VI_12张独立图.zip ! 05_05_安全空间_Clear_Space.png,sha256:1848366d349a3d93b32dba5ec1101eb8504d5bcf70735dea4b2261eabc30f8ee,143221,1848366d349a3d93b32dba5ec1101eb8504d5bcf70735dea4b2261eabc30f8ee,ec16ee8f,PRESERVED_IN_COMPLETE_ARCHIVE
WL-REC-0038,WL-REC-0038,docs/history/archive/recovered-originals/RECORD-20261008/WORK-LAB_UI开发资料总包_按批次.zip,01_B01_基础视觉拆图_L1/WORK-LAB_VI_12张独立图.zip ! 06_06_最小尺寸与错误用法_MinSize_Incorrect.png,sha256:c5194af7e54e628b71a2696f902296e410e7c4b7c5b5e629eacae8aa0e4d7a22,256010,c5194af7e54e628b71a2696f902296e410e7c4b7c5b5e629eacae8aa0e4d7a22,87fdb0a8,PRESERVED_IN_COMPLETE_ARCHIVE
WL-REC-0038,WL-REC-0038,docs/history/archive/recovered-originals/RECORD-20261008/WORK-LAB_UI开发资料总包_按批次.zip,01_B01_基础视觉拆图_L1/WORK-LAB_VI_12张独立图.zip ! 07_07_色彩与渐变_Color_Gradient.png,sha256:0413c53d779c6746b1eeb345d28c9049798874ff54a3e1b003fa9f0df6409ea3,319377,0413c53d779c6746b1eeb345d28c9049798874ff54a3e1b003fa9f0df6409ea3,bf383d22,PRESERVED_IN_COMPLETE_ARCHIVE
WL-REC-0038,WL-REC-0038,docs/history/archive/recovered-originals/RECORD-20261008/WORK-LAB_UI开发资料总包_按批次.zip,01_B01_基础视觉拆图_L1/WORK-LAB_VI_12张独立图.zip ! 08_08_字体系统_Typography.png,sha256:f73937082dd3a6da6d84160a325fa9203f3f203160225bc50b4e02ccab62d69d,345651,f73937082dd3a6da6d84160a325fa9203f3f203160225bc50b4e02ccab62d69d,de44bc9f,PRESERVED_IN_COMPLETE_ARCHIVE
WL-REC-0038,WL-REC-0038,docs/history/archive/recovered-originals/RECORD-20261008/WORK-LAB_UI开发资料总包_按批次.zip,01_B01_基础视觉拆图_L1/WORK-LAB_VI_12张独立图.zip ! 09_09_图标系统_Icon_System.png,sha256:210663e53a769acea7d3a7b38db70ede0041ee89cae0fd8f6a4fb64734c1171a,225075,210663e53a769acea7d3a7b38db70ede0041ee89cae0fd8f6a4fb64734c1171a,53dde348,PRESERVED_IN_COMPLETE_ARCHIVE
WL-REC-0038,WL-REC-0038,docs/history/archive/recovered-originals/RECORD-20261008/WORK-LAB_UI开发资料总包_按批次.zip,01_B01_基础视觉拆图_L1/WORK-LAB_VI_12张独立图.zip ! 10_10_图形语言_Graphic_Language.png,sha256:f39ed85c04c3f5e0143f4788d713c684f5b8b46218401d8b6d13e52c51f9dee0,149093,f39ed85c04c3f5e0143f4788d713c684f5b8b46218401d8b6d13e52c51f9dee0,e5e74a9b,PRESERVED_IN_COMPLETE_ARCHIVE
WL-REC-0038,WL-REC-0038,docs/history/archive/recovered-originals/RECORD-20261008/WORK-LAB_UI开发资料总包_按批次.zip,01_B01_基础视觉拆图_L1/WORK-LAB_VI_12张独立图.zip ! 11_11_品牌应用_Brand_Applications.png,sha256:1370251d1063642fce0d3a55f6aefa739308970c451a8f7172c3fb7884566591,362836,1370251d1063642fce0d3a55f6aefa739308970c451a8f7172c3fb7884566591,f6a5ecef,PRESERVED_IN_COMPLETE_ARCHIVE
WL-REC-0038,WL-REC-0038,docs/history/archive/recovered-originals/RECORD-20261008/WORK-LAB_UI开发资料总包_按批次.zip,01_B01_基础视觉拆图_L1/WORK-LAB_VI_12张独立图.zip ! 12_12_官网与品牌延展_Web_Brand_Extension.png,sha256:13c2b9f7b7f664b2e8e10fc7fb267cdbe7f6ba762e73489dbcf6621f2ffd5bea,614447,13c2b9f7b7f664b2e8e10fc7fb267cdbe7f6ba762e73489dbcf6621f2ffd5bea,fb603a71,PRESERVED_IN_COMPLETE_ARCHIVE
WL-REC-0038,WL-REC-0038,docs/history/archive/recovered-originals/RECORD-20261008/WORK-LAB_UI开发资料总包_按批次.zip,02_B02_深度细节_L2/WORK-LAB_L2_VI+UI_36张细节图.zip,sha256:1c95ef809f6a5db923a0186b89a874f6e0dc9a56b6774b44c17989c00c28e8b6,8248287,1c95ef809f6a5db923a0186b89a874f6e0dc9a56b6774b44c17989c00c28e8b6,04f6f3fe,PRESERVED_IN_COMPLETE_ARCHIVE
WL-REC-0038,WL-REC-0038,docs/history/archive/recovered-originals/RECORD-20261008/WORK-LAB_UI开发资料总包_按批次.zip,02_B02_深度细节_L2/WORK-LAB_L2_VI+UI_36张细节图.zip ! VI/01_01_品牌定位标题与关键词.png,sha256:6941d3838ba27b6f83617ee753d445478c4b54132eca9a5371da832e5f149139,205518,6941d3838ba27b6f83617ee753d445478c4b54132eca9a5371da832e5f149139,ec7f4cd0,PRESERVED_IN_COMPLETE_ARCHIVE
WL-REC-0038,WL-REC-0038,docs/history/archive/recovered-originals/RECORD-20261008/WORK-LAB_UI开发资料总包_按批次.zip,02_B02_深度细节_L2/WORK-LAB_L2_VI+UI_36张细节图.zip ! VI/02_02_使命定位价值用户.png,sha256:66b6ed30681c64a811cc4610319cb981a185fac09f871336b32084ce5c5fcaf8,193809,66b6ed30681c64a811cc4610319cb981a185fac09f871336b32084ce5c5fcaf8,973be4cd,PRESERVED_IN_COMPLETE_ARCHIVE
WL-REC-0038,WL-REC-0038,docs/history/archive/recovered-originals/RECORD-20261008/WORK-LAB_UI开发资料总包_按批次.zip,02_B02_深度细节_L2/WORK-LAB_L2_VI+UI_36张细节图.zip ! VI/03_03_主标志_Primary_Logo.png,sha256:11d9128533016f9e32f26aaa2de9f6a38b163e705f3f96aac6f79addcbe2a370,201925,11d9128533016f9e32f26aaa2de9f6a38b163e705f3f96aac6f79addcbe2a370,8852ba3f,PRESERVED_IN_COMPLETE_ARCHIVE
WL-REC-0038,WL-REC-0038,docs/history/archive/recovered-originals/RECORD-20261008/WORK-LAB_UI开发资料总包_按批次.zip,02_B02_深度细节_L2/WORK-LAB_L2_VI+UI_36张细节图.zip ! VI/04_04_横版图标单色反白.png,sha256:f924d4b35b51688ffdc7d06e3f466d74018200af6a1b1e2918580cfc333d852a,202373,f924d4b35b51688ffdc7d06e3f466d74018200af6a1b1e2918580cfc333d852a,8beff117,PRESERVED_IN_COMPLETE_ARCHIVE
WL-REC-0038,WL-REC-0038,docs/history/archive/recovered-originals/RECORD-20261008/WORK-LAB_UI开发资料总包_按批次.zip,02_B02_深度细节_L2/WORK-LAB_L2_VI+UI_36张细节图.zip ! VI/05_05_Logo几何构造.png,sha256:32f0f2b25abd444c7393170b0bfb851466e881e6e9ea2faba74736444b9f298f,168950,32f0f2b25abd444c7393170b0bfb851466e881e6e9ea2faba74736444b9f298f,4db1a9d5,PRESERVED_IN_COMPLETE_ARCHIVE
WL-REC-0038,WL-REC-0038,docs/history/archive/recovered-originals/RECORD-20261008/WORK-LAB_UI开发资料总包_按批次.zip,02_B02_深度细节_L2/WORK-LAB_L2_VI+UI_36张细节图.zip ! VI/06_06_安全空间_Clear_Space.png,sha256:257e0b4571a9d4cde9c256c7d1b745e7bb184d11cf353a1db8d04dd0f137360a,134615,257e0b4571a9d4cde9c256c7d1b745e7bb184d11cf353a1db8d04dd0f137360a,a314d4be,PRESERVED_IN_COMPLETE_ARCHIVE
WL-REC-0038,WL-REC-0038,docs/history/archive/recovered-originals/RECORD-20261008/WORK-LAB_UI开发资料总包_按批次.zip,02_B02_深度细节_L2/WORK-LAB_L2_VI+UI_36张细节图.zip ! VI/07_07_最小尺寸_Minimum_Size.png,sha256:7bb6508b81add22051db763fb53c24e57095f4a44bb953d75dc540af531aaaa2,62823,7bb6508b81add22051db763fb53c24e57095f4a44bb953d75dc540af531aaaa2,b9f9802f,PRESERVED_IN_COMPLETE_ARCHIVE
WL-REC-0038,WL-REC-0038,docs/history/archive/recovered-originals/RECORD-20261008/WORK-LAB_UI开发资料总包_按批次.zip,02_B02_深度细节_L2/WORK-LAB_L2_VI+UI_36张细节图.zip ! VI/08_08_错误用法_Incorrect_Usage.png,sha256:efca90db528f37164203b48da5c2b3ede7c1cd73d8863b7e42d53c1c4d1e25c4,177342,efca90db528f37164203b48da5c2b3ede7c1cd73d8863b7e42d53c1c4d1e25c4,2bccb230,PRESERVED_IN_COMPLETE_ARCHIVE
WL-REC-0038,WL-REC-0038,docs/history/archive/recovered-originals/RECORD-20261008/WORK-LAB_UI开发资料总包_按批次.zip,02_B02_深度细节_L2/WORK-LAB_L2_VI+UI_36张细节图.zip ! VI/09_09_品牌主色与状态色.png,sha256:4fc6cd615fea0085856db977aff43849e4d113845bbf8deeef9f19876fc9f27a,201199,4fc6cd615fea0085856db977aff43849e4d113845bbf8deeef9f19876fc9f27a,77691e9f,PRESERVED_IN_COMPLETE_ARCHIVE
WL-REC-0038,WL-REC-0038,docs/history/archive/recovered-originals/RECORD-20261008/WORK-LAB_UI开发资料总包_按批次.zip,02_B02_深度细节_L2/WORK-LAB_L2_VI+UI_36张细节图.zip ! VI/10_10_渐变高光与背景层次.png,sha256:faaebc966e55cacd0e90109aef25dae3a0979cda7f42c1b340f0822d673b8b4a,99799,faaebc966e55cacd0e90109aef25dae3a0979cda7f42c1b340f0822d673b8b4a,d54c1301,PRESERVED_IN_COMPLETE_ARCHIVE
WL-REC-0038,WL-REC-0038,docs/history/archive/recovered-originals/RECORD-20261008/WORK-LAB_UI开发资料总包_按批次.zip,02_B02_深度细节_L2/WORK-LAB_L2_VI+UI_36张细节图.zip ! VI/11_11_英文字体与字母样张.png,sha256:f6a33545087c9f046f552df24430d6b3347069ab670c9042a3fac7e03d546c1a,152762,f6a33545087c9f046f552df24430d6b3347069ab670c9042a3fac7e03d546c1a,41a59308,PRESERVED_IN_COMPLETE_ARCHIVE
WL-REC-0038,WL-REC-0038,docs/history/archive/recovered-originals/RECORD-20261008/WORK-LAB_UI开发资料总包_按批次.zip,02_B02_深度细节_L2/WORK-LAB_L2_VI+UI_36张细节图.zip ! VI/12_12_字号层级与中文层级.png,sha256:4e7d6cd60f48eb621836312bd5fd19d5a2f504709ab4c0760b891073d1c113d3,169053,4e7d6cd60f48eb621836312bd5fd19d5a2f504709ab4c0760b891073d1c113d3,1ded76a7,PRESERVED_IN_COMPLETE_ARCHIVE
WL-REC-0038,WL-REC-0038,docs/history/archive/recovered-originals/RECORD-20261008/WORK-LAB_UI开发资料总包_按批次.zip,02_B02_深度细节_L2/WORK-LAB_L2_VI+UI_36张细节图.zip ! VI/13_13_图标系统_第一组.png,sha256:0cdfca5dc5db7b52f10fea9fcac838c1dfc7590d4b05eefddd6f8c624bf3cd9a,107497,0cdfca5dc5db7b52f10fea9fcac838c1dfc7590d4b05eefddd6f8c624bf3cd9a,ba06ae6d,PRESERVED_IN_COMPLETE_ARCHIVE
WL-REC-0038,WL-REC-0038,docs/history/archive/recovered-originals/RECORD-20261008/WORK-LAB_UI开发资料总包_按批次.zip,02_B02_深度细节_L2/WORK-LAB_L2_VI+UI_36张细节图.zip ! VI/14_14_图标系统_第二组.png,sha256:2a61ea1675248ad5a17a8bc11ab1b11c7c04b412a6692a8e459cd5ea44c7b2e5,109652,2a61ea1675248ad5a17a8bc11ab1b11c7c04b412a6692a8e459cd5ea44c7b2e5,3a05234f,PRESERVED_IN_COMPLETE_ARCHIVE
WL-REC-0038,WL-REC-0038,docs/history/archive/recovered-originals/RECORD-20261008/WORK-LAB_UI开发资料总包_按批次.zip,02_B02_深度细节_L2/WORK-LAB_L2_VI+UI_36张细节图.zip ! VI/15_15_工作流网格与路由线.png,sha256:da2c9c02834e9051c3705c2775d3ddb711e67e72c236caa98086f019b1254229,70166,da2c9c02834e9051c3705c2775d3ddb711e67e72c236caa98086f019b1254229,9791a9c1,PRESERVED_IN_COMPLETE_ARCHIVE
WL-REC-0038,WL-REC-0038,docs/history/archive/recovered-originals/RECORD-20261008/WORK-LAB_UI开发资料总包_按批次.zip,02_B02_深度细节_L2/WORK-LAB_L2_VI+UI_36张细节图.zip ! VI/16_16_模块节点与观测脉冲.png,sha256:2ea26c1bab16a5ee5a8c3d733e393b395d04ed58ba4bb875aa9e389edd3e5ea7,74235,2ea26c1bab16a5ee5a8c3d733e393b395d04ed58ba4bb875aa9e389edd3e5ea7,71dd2b31,PRESERVED_IN_COMPLETE_ARCHIVE
WL-REC-0038,WL-REC-0038,docs/history/archive/recovered-originals/RECORD-20261008/WORK-LAB_UI开发资料总包_按批次.zip,02_B02_深度细节_L2/WORK-LAB_L2_VI+UI_36张细节图.zip ! VI/17_17_品牌应用_办公物料.png,sha256:0246197b0c8e2de1474a5a41976e67b3c503e2cc1132af8f6db7d9cc00eddcb9,159245,0246197b0c8e2de1474a5a41976e67b3c503e2cc1132af8f6db7d9cc00eddcb9,72e0447d,PRESERVED_IN_COMPLETE_ARCHIVE
WL-REC-0038,WL-REC-0038,docs/history/archive/recovered-originals/RECORD-20261008/WORK-LAB_UI开发资料总包_按批次.zip,02_B02_深度细节_L2/WORK-LAB_L2_VI+UI_36张细节图.zip ! VI/18_18_品牌应用_UI纹理与壁纸.png,sha256:2cd20835ee35e2bb85faf85f2e5472840bd40cb216638d98b1d2f73b4c7f6e98,190776,2cd20835ee35e2bb85faf85f2e5472840bd40cb216638d98b1d2f73b4c7f6e98,6a184d34,PRESERVED_IN_COMPLETE_ARCHIVE
WL-REC-0038,WL-REC-0038,docs/history/archive/recovered-originals/RECORD-20261008/WORK-LAB_UI开发资料总包_按批次.zip,02_B02_深度细节_L2/WORK-LAB_L2_VI+UI_36张细节图.zip ! VI/WORK-LAB_VI_L2_18张总览.jpg,sha256:9f0e79cd4f88df99db48edf20fc036064cc620be91517ede18f97ee162001655,365934,9f0e79cd4f88df99db48edf20fc036064cc620be91517ede18f97ee162001655,c2f019a6,PRESERVED_IN_COMPLETE_ARCHIVE
WL-REC-0038,WL-REC-0038,docs/history/archive/recovered-originals/RECORD-20261008/WORK-LAB_UI开发资料总包_按批次.zip,02_B02_深度细节_L2/WORK-LAB_L2_VI+UI_36张细节图.zip ! UI/01_01_产品信息架构总图.png,sha256:d85baa090594ceb75528fcedb776bb8fb6192c79e6f8425a25e550c65201a1c3,588267,d85baa090594ceb75528fcedb776bb8fb6192c79e6f8425a25e550c65201a1c3,11d181b0,PRESERVED_IN_COMPLETE_ARCHIVE
WL-REC-0038,WL-REC-0038,docs/history/archive/recovered-originals/RECORD-20261008/WORK-LAB_UI开发资料总包_按批次.zip,02_B02_深度细节_L2/WORK-LAB_L2_VI+UI_36张细节图.zip ! UI/02_02_侧边导航结构.png,sha256:5445e1a93399fc7996673a072fc8403f9a5b3af2df1f899bb570671e1685d63e,563870,5445e1a93399fc7996673a072fc8403f9a5b3af2df1f899bb570671e1685d63e,96fb6fe2,PRESERVED_IN_COMPLETE_ARCHIVE
WL-REC-0038,WL-REC-0038,docs/history/archive/recovered-originals/RECORD-20261008/WORK-LAB_UI开发资料总包_按批次.zip,02_B02_深度细节_L2/WORK-LAB_L2_VI+UI_36张细节图.zip ! UI/03_03_顶栏与全局搜索.png,sha256:01025e67b970076d9a800cb6502200086baeddca7f8250db5c6643bc087768fc,265073,01025e67b970076d9a800cb6502200086baeddca7f8250db5c6643bc087768fc,8aab4379,PRESERVED_IN_COMPLETE_ARCHIVE
WL-REC-0038,WL-REC-0038,docs/history/archive/recovered-originals/RECORD-20261008/WORK-LAB_UI开发资料总包_按批次.zip,02_B02_深度细节_L2/WORK-LAB_L2_VI+UI_36张细节图.zip ! UI/04_04_Dashboard_左侧导航.png,sha256:637e3efc5b2ff3b715c670796b25df497f321ba63c2528a870e03ac85602a1d7,209313,637e3efc5b2ff3b715c670796b25df497f321ba63c2528a870e03ac85602a1d7,79d28f0f,PRESERVED_IN_COMPLETE_ARCHIVE
WL-REC-0038,WL-REC-0038,docs/history/archive/recovered-originals/RECORD-20261008/WORK-LAB_UI开发资料总包_按批次.zip,02_B02_深度细节_L2/WORK-LAB_L2_VI+UI_36张细节图.zip ! UI/05_05_Dashboard_KPI指标卡.png,sha256:b438b3f591430ac72ddfe831c61a093f989762c480c507754f039607982c79da,173099,b438b3f591430ac72ddfe831c61a093f989762c480c507754f039607982c79da,dd70d8d7,PRESERVED_IN_COMPLETE_ARCHIVE
WL-REC-0038,WL-REC-0038,docs/history/archive/recovered-originals/RECORD-20261008/WORK-LAB_UI开发资料总包_按批次.zip,02_B02_深度细节_L2/WORK-LAB_L2_VI+UI_36张细节图.zip ! UI/06_06_最近执行时间线.png,sha256:b28c33e53036d69135706771427b81870d71fb00d4d8da8cf8cc1fea6a13e58c,287548,b28c33e53036d69135706771427b81870d71fb00d4d8da8cf8cc1fea6a13e58c,25ecd3b5,PRESERVED_IN_COMPLETE_ARCHIVE
WL-REC-0038,WL-REC-0038,docs/history/archive/recovered-originals/RECORD-20261008/WORK-LAB_UI开发资料总包_按批次.zip,02_B02_深度细节_L2/WORK-LAB_L2_VI+UI_36张细节图.zip ! UI/07_07_Observer关系图.png,sha256:a4706b6e703618361effc091390218f0b951399d6acac832ac7be79f894484f7,165769,a4706b6e703618361effc091390218f0b951399d6acac832ac7be79f894484f7,907ea7c7,PRESERVED_IN_COMPLETE_ARCHIVE
WL-REC-0038,WL-REC-0038,docs/history/archive/recovered-originals/RECORD-20261008/WORK-LAB_UI开发资料总包_按批次.zip,02_B02_深度细节_L2/WORK-LAB_L2_VI+UI_36张细节图.zip ! UI/08_08_系统状态卡片.png,sha256:ac1de621d2cfea39292b6083faecfec20267e5b65f75f2962d33e924b947909b,138722,ac1de621d2cfea39292b6083faecfec20267e5b65f75f2962d33e924b947909b,e0824086,PRESERVED_IN_COMPLETE_ARCHIVE
WL-REC-0038,WL-REC-0038,docs/history/archive/recovered-originals/RECORD-20261008/WORK-LAB_UI开发资料总包_按批次.zip,02_B02_深度细节_L2/WORK-LAB_L2_VI+UI_36张细节图.zip ! UI/09_09_执行时间线模块.png,sha256:6fd989635338ca66f61b5b433806550767035a72622a754be41f55a005a9b68c,409352,6fd989635338ca66f61b5b433806550767035a72622a754be41f55a005a9b68c,899b8d9a,PRESERVED_IN_COMPLETE_ARCHIVE
WL-REC-0038,WL-REC-0038,docs/history/archive/recovered-originals/RECORD-20261008/WORK-LAB_UI开发资料总包_按批次.zip,02_B02_深度细节_L2/WORK-LAB_L2_VI+UI_36张细节图.zip ! UI/10_10_告警分类Tabs.png,sha256:4f52de5086444e94b07869a734edb9cafa2b73f56fd563119ef61a1cdee8f281,132645,4f52de5086444e94b07869a734edb9cafa2b73f56fd563119ef61a1cdee8f281,d231b5ce,PRESERVED_IN_COMPLETE_ARCHIVE
WL-REC-0038,WL-REC-0038,docs/history/archive/recovered-originals/RECORD-20261008/WORK-LAB_UI开发资料总包_按批次.zip,02_B02_深度细节_L2/WORK-LAB_L2_VI+UI_36张细节图.zip ! UI/11_11_告警消息列表.png,sha256:ee8404015b8e123af36a56b2f29077473408e6855022bf2e3a03d8cafa066397,204027,ee8404015b8e123af36a56b2f29077473408e6855022bf2e3a03d8cafa066397,321e54a1,PRESERVED_IN_COMPLETE_ARCHIVE
WL-REC-0038,WL-REC-0038,docs/history/archive/recovered-originals/RECORD-20261008/WORK-LAB_UI开发资料总包_按批次.zip,02_B02_深度细节_L2/WORK-LAB_L2_VI+UI_36张细节图.zip ! UI/12_12_任务包筛选与新建.png,sha256:7429350b20beb5c4dc6eba1890f3dbf7fcdcd99ee8380043def90a8b95b05a49,91213,7429350b20beb5c4dc6eba1890f3dbf7fcdcd99ee8380043def90a8b95b05a49,aae04beb,PRESERVED_IN_COMPLETE_ARCHIVE
WL-REC-0038,WL-REC-0038,docs/history/archive/recovered-originals/RECORD-20261008/WORK-LAB_UI开发资料总包_按批次.zip,02_B02_深度细节_L2/WORK-LAB_L2_VI+UI_36张细节图.zip ! UI/13_13_任务包列表详情.png,sha256:fd5434cc0e22f52be85c31137d8e036074ca0602a42082fdcc45c96f7ee4aa58,303838,fd5434cc0e22f52be85c31137d8e036074ca0602a42082fdcc45c96f7ee4aa58,483364a7,PRESERVED_IN_COMPLETE_ARCHIVE
WL-REC-0038,WL-REC-0038,docs/history/archive/recovered-originals/RECORD-20261008/WORK-LAB_UI开发资料总包_按批次.zip,02_B02_深度细节_L2/WORK-LAB_L2_VI+UI_36张细节图.zip ! UI/14_14_官网信息架构.png,sha256:679574cdec822bbd21f80eb834f6f565b8fd3cf35361200180d6640d91ed1b82,364218,679574cdec822bbd21f80eb834f6f565b8fd3cf35361200180d6640d91ed1b82,5d702fbf,PRESERVED_IN_COMPLETE_ARCHIVE
WL-REC-0038,WL-REC-0038,docs/history/archive/recovered-originals/RECORD-20261008/WORK-LAB_UI开发资料总包_按批次.zip,02_B02_深度细节_L2/WORK-LAB_L2_VI+UI_36张细节图.zip ! UI/15_15_关键页_登录.png,sha256:04cf0aa95086dfaa2a8bdc70611330d317a2277b16bd363b542c2a0f58c8ea9c,103209,04cf0aa95086dfaa2a8bdc70611330d317a2277b16bd363b542c2a0f58c8ea9c,75c4a460,PRESERVED_IN_COMPLETE_ARCHIVE
WL-REC-0038,WL-REC-0038,docs/history/archive/recovered-originals/RECORD-20261008/WORK-LAB_UI开发资料总包_按批次.zip,02_B02_深度细节_L2/WORK-LAB_L2_VI+UI_36张细节图.zip ! UI/16_16_关键页_Dashboard.png,sha256:bda9b52f1ac47277360758d70b6be3263e93f4dff62801e8252a6e67283f3fc5,139177,bda9b52f1ac47277360758d70b6be3263e93f4dff62801e8252a6e67283f3fc5,7ef4bd20,PRESERVED_IN_COMPLETE_ARCHIVE
WL-REC-0038,WL-REC-0038,docs/history/archive/recovered-originals/RECORD-20261008/WORK-LAB_UI开发资料总包_按批次.zip,02_B02_深度细节_L2/WORK-LAB_L2_VI+UI_36张细节图.zip ! UI/17_17_关键页_Workflow_Editor.png,sha256:aafee56faed53b22103cf02c048a43a62f6300fb2770efdbc959f90bd9826c02,127967,aafee56faed53b22103cf02c048a43a62f6300fb2770efdbc959f90bd9826c02,2bc3200b,PRESERVED_IN_COMPLETE_ARCHIVE
WL-REC-0038,WL-REC-0038,docs/history/archive/recovered-originals/RECORD-20261008/WORK-LAB_UI开发资料总包_按批次.zip,02_B02_深度细节_L2/WORK-LAB_L2_VI+UI_36张细节图.zip ! UI/18_18_关键页_TaskPack_Detail.png,sha256:a59aabce2ec7311ab7f00d1471eeb4e6c8450480db245f0125f0c4816305fcb4,123006,a59aabce2ec7311ab7f00d1471eeb4e6c8450480db245f0125f0c4816305fcb4,05e605b1,PRESERVED_IN_COMPLETE_ARCHIVE
WL-REC-0038,WL-REC-0038,docs/history/archive/recovered-originals/RECORD-20261008/WORK-LAB_UI开发资料总包_按批次.zip,02_B02_深度细节_L2/WORK-LAB_L2_VI+UI_36张细节图.zip ! UI/WORK-LAB_UI_L2_18张总览.jpg,sha256:c88b45a1dcb9739eaf983870e7ac4d5abebea0bf9d2dd0641cebf4adc8705c7b,860920,c88b45a1dcb9739eaf983870e7ac4d5abebea0bf9d2dd0641cebf4adc8705c7b,299f4f4c,PRESERVED_IN_COMPLETE_ARCHIVE
WL-REC-0038,WL-REC-0038,docs/history/archive/recovered-originals/RECORD-20261008/WORK-LAB_UI开发资料总包_按批次.zip,02_B02_深度细节_L2/WORK-LAB_L2_VI+UI_36张细节图.zip ! README_L2.txt,sha256:8af23c22b7443a203466fbb52f0bb3b9c092308fb0b494aa012e331e7cf276be,327,8af23c22b7443a203466fbb52f0bb3b9c092308fb0b494aa012e331e7cf276be,940ccb30,PRESERVED_IN_COMPLETE_ARCHIVE
WL-REC-0038,WL-REC-0038,docs/history/archive/recovered-originals/RECORD-20261008/WORK-LAB_UI开发资料总包_按批次.zip,03_B03_页面级UI与AAOS配色纠正_L3/WORK-LAB_10张页面级UI_统一体系.zip,sha256:2df4b67734ce0cfcf78e6c5ae8f2917adff85e41f608aea0b50da542f4658edb,6936623,2df4b67734ce0cfcf78e6c5ae8f2917adff85e41f608aea0b50da542f4658edb,3f95d4a1,PRESERVED_IN_COMPLETE_ARCHIVE
WL-REC-0038,WL-REC-0038,docs/history/archive/recovered-originals/RECORD-20261008/WORK-LAB_UI开发资料总包_按批次.zip,03_B03_页面级UI与AAOS配色纠正_L3/WORK-LAB_10张页面级UI_统一体系.zip ! 01_01_信息架构_1920x1080.png,sha256:e75f29e02dd67842d2b03863f17c9036e5f65fcae3763f878dbd87f129335005,887962,e75f29e02dd67842d2b03863f17c9036e5f65fcae3763f878dbd87f129335005,54085600,PRESERVED_IN_COMPLETE_ARCHIVE
WL-REC-0038,WL-REC-0038,docs/history/archive/recovered-originals/RECORD-20261008/WORK-LAB_UI开发资料总包_按批次.zip,03_B03_页面级UI与AAOS配色纠正_L3/WORK-LAB_10张页面级UI_统一体系.zip ! 02_02_侧边导航_1920x1080.png,sha256:71aff7de00bd10157d65e501e69cc0d10e638a265f9f96d338d32ad7b4b37b85,721932,71aff7de00bd10157d65e501e69cc0d10e638a265f9f96d338d32ad7b4b37b85,0c86f3a6,PRESERVED_IN_COMPLETE_ARCHIVE
WL-REC-0038,WL-REC-0038,docs/history/archive/recovered-originals/RECORD-20261008/WORK-LAB_UI开发资料总包_按批次.zip,03_B03_页面级UI与AAOS配色纠正_L3/WORK-LAB_10张页面级UI_统一体系.zip ! 03_03_顶部导航_1920x1080.png,sha256:e6ed61f6105b17d5b17c9f804a406a6c1fd2db75ffe665c8ea7a7e3661e73874,440111,e6ed61f6105b17d5b17c9f804a406a6c1fd2db75ffe665c8ea7a7e3661e73874,d001f8c9,PRESERVED_IN_COMPLETE_ARCHIVE
WL-REC-0038,WL-REC-0038,docs/history/archive/recovered-originals/RECORD-20261008/WORK-LAB_UI开发资料总包_按批次.zip,03_B03_页面级UI与AAOS配色纠正_L3/WORK-LAB_10张页面级UI_统一体系.zip ! 04_04_总览仪表盘_1920x1080.png,sha256:c79fabd36da035e4bfd52f8751be9efe248e27103c4e26093cf0be05be8b9c22,859498,c79fabd36da035e4bfd52f8751be9efe248e27103c4e26093cf0be05be8b9c22,f496761b,PRESERVED_IN_COMPLETE_ARCHIVE
WL-REC-0038,WL-REC-0038,docs/history/archive/recovered-originals/RECORD-20261008/WORK-LAB_UI开发资料总包_按批次.zip,03_B03_页面级UI与AAOS配色纠正_L3/WORK-LAB_10张页面级UI_统一体系.zip ! 05_05_执行时间线_1920x1080.png,sha256:14da5f9b429b7fc32cb5cee809010d5494ea4fd8398dac4f870381506d6f0f10,629893,14da5f9b429b7fc32cb5cee809010d5494ea4fd8398dac4f870381506d6f0f10,702f3c12,PRESERVED_IN_COMPLETE_ARCHIVE
WL-REC-0038,WL-REC-0038,docs/history/archive/recovered-originals/RECORD-20261008/WORK-LAB_UI开发资料总包_按批次.zip,03_B03_页面级UI与AAOS配色纠正_L3/WORK-LAB_10张页面级UI_统一体系.zip ! 06_06_告警通知_1920x1080.png,sha256:ee02bb4374019dabefbb21d06aa1aa7823358da72f43299236af7c872c24b2ab,775023,ee02bb4374019dabefbb21d06aa1aa7823358da72f43299236af7c872c24b2ab,ee771baa,PRESERVED_IN_COMPLETE_ARCHIVE
WL-REC-0038,WL-REC-0038,docs/history/archive/recovered-originals/RECORD-20261008/WORK-LAB_UI开发资料总包_按批次.zip,03_B03_页面级UI与AAOS配色纠正_L3/WORK-LAB_10张页面级UI_统一体系.zip ! 07_07_任务包_1920x1080.png,sha256:e58431a3a8c645657eaf916263be1fe4284547261215b26c48b6ada5da3e9c6f,614655,e58431a3a8c645657eaf916263be1fe4284547261215b26c48b6ada5da3e9c6f,746e9e90,PRESERVED_IN_COMPLETE_ARCHIVE
WL-REC-0038,WL-REC-0038,docs/history/archive/recovered-originals/RECORD-20261008/WORK-LAB_UI开发资料总包_按批次.zip,03_B03_页面级UI与AAOS配色纠正_L3/WORK-LAB_10张页面级UI_统一体系.zip ! 08_08_网站结构_1920x1080.png,sha256:36308f70d72065f4b46607a63519941adb2df5444ffe791c2c040249a557b0e2,580649,36308f70d72065f4b46607a63519941adb2df5444ffe791c2c040249a557b0e2,ba351b21,PRESERVED_IN_COMPLETE_ARCHIVE
WL-REC-0038,WL-REC-0038,docs/history/archive/recovered-originals/RECORD-20261008/WORK-LAB_UI开发资料总包_按批次.zip,03_B03_页面级UI与AAOS配色纠正_L3/WORK-LAB_10张页面级UI_统一体系.zip ! 09_09_关键页面_1920x1080.png,sha256:d661b74e0c31da52efa301e0b53123ae3f034c11936978314bb525777aec4291,734441,d661b74e0c31da52efa301e0b53123ae3f034c11936978314bb525777aec4291,290191a6,PRESERVED_IN_COMPLETE_ARCHIVE
WL-REC-0038,WL-REC-0038,docs/history/archive/recovered-originals/RECORD-20261008/WORK-LAB_UI开发资料总包_按批次.zip,03_B03_页面级UI与AAOS配色纠正_L3/WORK-LAB_10张页面级UI_统一体系.zip ! 10_10_上线计划_1920x1080.png,sha256:100460862e434b81ade3cef684a641cd61c9f98a80b1a3b229e6dd977ed37d41,565535,100460862e434b81ade3cef684a641cd61c9f98a80b1a3b229e6dd977ed37d41,751b89cf,PRESERVED_IN_COMPLETE_ARCHIVE
WL-REC-0038,WL-REC-0038,docs/history/archive/recovered-originals/RECORD-20261008/WORK-LAB_UI开发资料总包_按批次.zip,03_B03_页面级UI与AAOS配色纠正_L3/WORK-LAB_10张页面级UI_统一体系.zip ! WORK-LAB_10张页面级UI总览.jpg,sha256:072bf3c2a72896914eaacc22cc8cccb7ba3841ab11c728f685955c99562dbff0,301717,072bf3c2a72896914eaacc22cc8cccb7ba3841ab11c728f685955c99562dbff0,a84b83a3,PRESERVED_IN_COMPLETE_ARCHIVE
WL-REC-0038,WL-REC-0038,docs/history/archive/recovered-originals/RECORD-20261008/WORK-LAB_UI开发资料总包_按批次.zip,04_B04_组件系统与DesignTokens_L4/WORK-LAB_L4_组件系统_16张+Tokens.zip,sha256:2c2683a6af48cfef43646d4f176e62bd2c8f28f1bf485876eae5c66570cbd012,1580968,2c2683a6af48cfef43646d4f176e62bd2c8f28f1bf485876eae5c66570cbd012,bee6d705,PRESERVED_IN_COMPLETE_ARCHIVE
WL-REC-0038,WL-REC-0038,docs/history/archive/recovered-originals/RECORD-20261008/WORK-LAB_UI开发资料总包_按批次.zip,04_B04_组件系统与DesignTokens_L4/WORK-LAB_L4_组件系统_16张+Tokens.zip ! 01_Design_Tokens_1920x1080.png,sha256:8c16ef192bb08893ba40ac30946c5b50986dedc77579770b4c52456df0b28e07,122000,8c16ef192bb08893ba40ac30946c5b50986dedc77579770b4c52456df0b28e07,a1315ac3,PRESERVED_IN_COMPLETE_ARCHIVE
WL-REC-0038,WL-REC-0038,docs/history/archive/recovered-originals/RECORD-20261008/WORK-LAB_UI开发资料总包_按批次.zip,04_B04_组件系统与DesignTokens_L4/WORK-LAB_L4_组件系统_16张+Tokens.zip ! 02_Buttons_1920x1080.png,sha256:f728bf27f72374b71669e0272d68133bd8f33bbacc54e25beb566081b99c7268,101600,f728bf27f72374b71669e0272d68133bd8f33bbacc54e25beb566081b99c7268,f71ec877,PRESERVED_IN_COMPLETE_ARCHIVE
WL-REC-0038,WL-REC-0038,docs/history/archive/recovered-originals/RECORD-20261008/WORK-LAB_UI开发资料总包_按批次.zip,04_B04_组件系统与DesignTokens_L4/WORK-LAB_L4_组件系统_16张+Tokens.zip ! 03_Inputs_Search_1920x1080.png,sha256:b99bca7cb18f33c744101618a55d300c7be06a5c6856a3223fef5736a1b74a16,112972,b99bca7cb18f33c744101618a55d300c7be06a5c6856a3223fef5736a1b74a16,044780f3,PRESERVED_IN_COMPLETE_ARCHIVE
WL-REC-0038,WL-REC-0038,docs/history/archive/recovered-originals/RECORD-20261008/WORK-LAB_UI开发资料总包_按批次.zip,04_B04_组件系统与DesignTokens_L4/WORK-LAB_L4_组件系统_16张+Tokens.zip ! 04_Navigation_1920x1080.png,sha256:d82fb1f9502083d2dea561786a795d004a23fc3a5595b4bbd87bd4fbaec4da50,109232,d82fb1f9502083d2dea561786a795d004a23fc3a5595b4bbd87bd4fbaec4da50,c624d0b7,PRESERVED_IN_COMPLETE_ARCHIVE
WL-REC-0038,WL-REC-0038,docs/history/archive/recovered-originals/RECORD-20261008/WORK-LAB_UI开发资料总包_按批次.zip,04_B04_组件系统与DesignTokens_L4/WORK-LAB_L4_组件系统_16张+Tokens.zip ! 05_Cards_Panels_1920x1080.png,sha256:35552f3719240797258d5ef21f21c525a867e7f6079ad8f0063042300a53519c,89612,35552f3719240797258d5ef21f21c525a867e7f6079ad8f0063042300a53519c,e6e3478a,PRESERVED_IN_COMPLETE_ARCHIVE
WL-REC-0038,WL-REC-0038,docs/history/archive/recovered-originals/RECORD-20261008/WORK-LAB_UI开发资料总包_按批次.zip,04_B04_组件系统与DesignTokens_L4/WORK-LAB_L4_组件系统_16张+Tokens.zip ! 06_Table_List_Tree_1920x1080.png,sha256:a43d5a10d0e0cd0a9d32067e5b0ffbe7577588c53c91356d05d09b2dd07896b4,124820,a43d5a10d0e0cd0a9d32067e5b0ffbe7577588c53c91356d05d09b2dd07896b4,a7002ce1,PRESERVED_IN_COMPLETE_ARCHIVE
WL-REC-0038,WL-REC-0038,docs/history/archive/recovered-originals/RECORD-20261008/WORK-LAB_UI开发资料总包_按批次.zip,04_B04_组件系统与DesignTokens_L4/WORK-LAB_L4_组件系统_16张+Tokens.zip ! 07_Graph_Relationship_1920x1080.png,sha256:3a2823682d31eee7dd8bcd738f86adf7a60e9782120c01a8b7ae85ff427cae29,90343,3a2823682d31eee7dd8bcd738f86adf7a60e9782120c01a8b7ae85ff427cae29,3905c993,PRESERVED_IN_COMPLETE_ARCHIVE
WL-REC-0038,WL-REC-0038,docs/history/archive/recovered-originals/RECORD-20261008/WORK-LAB_UI开发资料总包_按批次.zip,04_B04_组件系统与DesignTokens_L4/WORK-LAB_L4_组件系统_16张+Tokens.zip ! 08_Timeline_Activity_1920x1080.png,sha256:f9e7cecd31274525a7c4156f3d5de8b2b416a2b92a6ed634a7c411e29f400213,123368,f9e7cecd31274525a7c4156f3d5de8b2b416a2b92a6ed634a7c411e29f400213,d00d1526,PRESERVED_IN_COMPLETE_ARCHIVE
WL-REC-0038,WL-REC-0038,docs/history/archive/recovered-originals/RECORD-20261008/WORK-LAB_UI开发资料总包_按批次.zip,04_B04_组件系统与DesignTokens_L4/WORK-LAB_L4_组件系统_16张+Tokens.zip ! 09_Toast_Alert_Badge_1920x1080.png,sha256:439ea3db92a2f8ac154d85fedc5f4c9667964405b7d528a64ec268768e7558fb,118544,439ea3db92a2f8ac154d85fedc5f4c9667964405b7d528a64ec268768e7558fb,972d1d45,PRESERVED_IN_COMPLETE_ARCHIVE
WL-REC-0038,WL-REC-0038,docs/history/archive/recovered-originals/RECORD-20261008/WORK-LAB_UI开发资料总包_按批次.zip,04_B04_组件系统与DesignTokens_L4/WORK-LAB_L4_组件系统_16张+Tokens.zip ! 10_Modal_Drawer_Popover_1920x1080.png,sha256:f4124451b9c7426eb9b2ad5c5b096a47ac73b6c1638b1c67a13ab35da790c2dd,95503,f4124451b9c7426eb9b2ad5c5b096a47ac73b6c1638b1c67a13ab35da790c2dd,c9600d4d,PRESERVED_IN_COMPLETE_ARCHIVE
WL-REC-0038,WL-REC-0038,docs/history/archive/recovered-originals/RECORD-20261008/WORK-LAB_UI开发资料总包_按批次.zip,04_B04_组件系统与DesignTokens_L4/WORK-LAB_L4_组件系统_16张+Tokens.zip ! 11_Empty_Loading_Error_1920x1080.png,sha256:6332aa938689b0f4db99e2631f39c755a58e5a3b76764fa8fa7172a1791f88de,89634,6332aa938689b0f4db99e2631f39c755a58e5a3b76764fa8fa7172a1791f88de,62ce6095,PRESERVED_IN_COMPLETE_ARCHIVE
WL-REC-0038,WL-REC-0038,docs/history/archive/recovered-originals/RECORD-20261008/WORK-LAB_UI开发资料总包_按批次.zip,04_B04_组件系统与DesignTokens_L4/WORK-LAB_L4_组件系统_16张+Tokens.zip ! 12_Permission_Review_Version_1920x1080.png,sha256:5e1841b469c9b3830ef66f7e005af290e55ad644c107961712f807a59f1e3e28,116506,5e1841b469c9b3830ef66f7e005af290e55ad644c107961712f807a59f1e3e28,84743099,PRESERVED_IN_COMPLETE_ARCHIVE
WL-REC-0038,WL-REC-0038,docs/history/archive/recovered-originals/RECORD-20261008/WORK-LAB_UI开发资料总包_按批次.zip,04_B04_组件系统与DesignTokens_L4/WORK-LAB_L4_组件系统_16张+Tokens.zip ! 13_Responsive_1920x1080.png,sha256:a81462ee8421ba58f191241372846727210a4b3f9994ae31e6d3e0574e1c594b,86317,a81462ee8421ba58f191241372846727210a4b3f9994ae31e6d3e0574e1c594b,4941665b,PRESERVED_IN_COMPLETE_ARCHIVE
WL-REC-0038,WL-REC-0038,docs/history/archive/recovered-originals/RECORD-20261008/WORK-LAB_UI开发资料总包_按批次.zip,04_B04_组件系统与DesignTokens_L4/WORK-LAB_L4_组件系统_16张+Tokens.zip ! 14_Motion_Microinteraction_1920x1080.png,sha256:a0d015582644ef9719518c410aa709821f144f4553afd1dc392008e6b9b855fc,97127,a0d015582644ef9719518c410aa709821f144f4553afd1dc392008e6b9b855fc,34a3218b,PRESERVED_IN_COMPLETE_ARCHIVE
WL-REC-0038,WL-REC-0038,docs/history/archive/recovered-originals/RECORD-20261008/WORK-LAB_UI开发资料总包_按批次.zip,04_B04_组件系统与DesignTokens_L4/WORK-LAB_L4_组件系统_16张+Tokens.zip ! 15_Accessibility_Density_1920x1080.png,sha256:5d5282d850c507badbe4b44e9bd1d5243295ce30a92a099c70b037f18da5ca31,99392,5d5282d850c507badbe4b44e9bd1d5243295ce30a92a099c70b037f18da5ca31,450b0286,PRESERVED_IN_COMPLETE_ARCHIVE
WL-REC-0038,WL-REC-0038,docs/history/archive/recovered-originals/RECORD-20261008/WORK-LAB_UI开发资料总包_按批次.zip,04_B04_组件系统与DesignTokens_L4/WORK-LAB_L4_组件系统_16张+Tokens.zip ! 16_Dev_Handoff_1920x1080.png,sha256:f61f19abe206546f77af2a9dc7b4441c7dc51dc34ed593367cd6429d6287b62d,120405,f61f19abe206546f77af2a9dc7b4441c7dc51dc34ed593367cd6429d6287b62d,efdd5848,PRESERVED_IN_COMPLETE_ARCHIVE
WL-REC-0038,WL-REC-0038,docs/history/archive/recovered-originals/RECORD-20261008/WORK-LAB_UI开发资料总包_按批次.zip,04_B04_组件系统与DesignTokens_L4/WORK-LAB_L4_组件系统_16张+Tokens.zip ! WORK-LAB_L4_16张组件系统总览.jpg,sha256:27cebc88daed185983b4c451ccb148618aeac437b8190f90939daefcd78400b0,304388,27cebc88daed185983b4c451ccb148618aeac437b8190f90939daefcd78400b0,67824f3d,PRESERVED_IN_COMPLETE_ARCHIVE
WL-REC-0038,WL-REC-0038,docs/history/archive/recovered-originals/RECORD-20261008/WORK-LAB_UI开发资料总包_按批次.zip,04_B04_组件系统与DesignTokens_L4/WORK-LAB_L4_组件系统_16张+Tokens.zip ! WORK-LAB_design_tokens.json,sha256:b139475c7f16ed53aaf060a932491637b3e8fb1da36d994456d4db8499a8a240,844,b139475c7f16ed53aaf060a932491637b3e8fb1da36d994456d4db8499a8a240,43813c26,PRESERVED_IN_COMPLETE_ARCHIVE
WL-REC-0038,WL-REC-0038,docs/history/archive/recovered-originals/RECORD-20261008/WORK-LAB_UI开发资料总包_按批次.zip,04_B04_组件系统与DesignTokens_L4/WORK-LAB_L4_组件系统_16张+Tokens.zip ! README_L4.txt,sha256:9420e16226b9746f603c0302d5d3b1488ec8cbb5ea726dd5f4e0cbd8dc8bc19b,544,9420e16226b9746f603c0302d5d3b1488ec8cbb5ea726dd5f4e0cbd8dc8bc19b,c0452fc0,PRESERVED_IN_COMPLETE_ARCHIVE
WL-REC-0038,WL-REC-0038,docs/history/archive/recovered-originals/RECORD-20261008/WORK-LAB_UI开发资料总包_按批次.zip,05_B05_高保真产品页面_L5/WORK-LAB_L5_12张高保真产品页面.zip,sha256:86d4bf67d5ccb8e07291a75843204275955097bf4b2785897578efc38bcc6605,1093134,86d4bf67d5ccb8e07291a75843204275955097bf4b2785897578efc38bcc6605,ab4ab36c,PRESERVED_IN_COMPLETE_ARCHIVE
WL-REC-0038,WL-REC-0038,docs/history/archive/recovered-originals/RECORD-20261008/WORK-LAB_UI开发资料总包_按批次.zip,05_B05_高保真产品页面_L5/WORK-LAB_L5_12张高保真产品页面.zip ! 01_总览_Dashboard_1920x1080.png,sha256:43cf981cde11b9000f9acfbd215fbb8942a5c99942b858a101792fa502382daf,117920,43cf981cde11b9000f9acfbd215fbb8942a5c99942b858a101792fa502382daf,a54fb5e7,PRESERVED_IN_COMPLETE_ARCHIVE
WL-REC-0038,WL-REC-0038,docs/history/archive/recovered-originals/RECORD-20261008/WORK-LAB_UI开发资料总包_按批次.zip,05_B05_高保真产品页面_L5/WORK-LAB_L5_12张高保真产品页面.zip ! 02_工作流_Workflows_1920x1080.png,sha256:b2e166cd907095a3dc412cfb6805f467d4f8e7c4cf8666890ff002a91d9f213f,108542,b2e166cd907095a3dc412cfb6805f467d4f8e7c4cf8666890ff002a91d9f213f,a6e84aa0,PRESERVED_IN_COMPLETE_ARCHIVE
WL-REC-0038,WL-REC-0038,docs/history/archive/recovered-originals/RECORD-20261008/WORK-LAB_UI开发资料总包_按批次.zip,05_B05_高保真产品页面_L5/WORK-LAB_L5_12张高保真产品页面.zip ! 03_工作流编辑器_Workflow_Editor_1920x1080.png,sha256:0256ba775846a0de7cc55e641172d40a77c310cfd8bb1c2269df8fa31b33211b,95632,0256ba775846a0de7cc55e641172d40a77c310cfd8bb1c2269df8fa31b33211b,2fbcf41c,PRESERVED_IN_COMPLETE_ARCHIVE
WL-REC-0038,WL-REC-0038,docs/history/archive/recovered-originals/RECORD-20261008/WORK-LAB_UI开发资料总包_按批次.zip,05_B05_高保真产品页面_L5/WORK-LAB_L5_12张高保真产品页面.zip ! 04_任务包_Task_Packs_1920x1080.png,sha256:1df5eb7d46e3b5a2243830148177d694d5951251f34c834cf044e3010dd3a6b4,106220,1df5eb7d46e3b5a2243830148177d694d5951251f34c834cf044e3010dd3a6b4,df87b521,PRESERVED_IN_COMPLETE_ARCHIVE
WL-REC-0038,WL-REC-0038,docs/history/archive/recovered-originals/RECORD-20261008/WORK-LAB_UI开发资料总包_按批次.zip,05_B05_高保真产品页面_L5/WORK-LAB_L5_12张高保真产品页面.zip ! 05_观察者_Observer_1920x1080.png,sha256:dd9304664685366914db103fe9166b71fe4d6f87cfcff229781bd91127755fc3,97058,dd9304664685366914db103fe9166b71fe4d6f87cfcff229781bd91127755fc3,8c5a1988,PRESERVED_IN_COMPLETE_ARCHIVE
WL-REC-0038,WL-REC-0038,docs/history/archive/recovered-originals/RECORD-20261008/WORK-LAB_UI开发资料总包_按批次.zip,05_B05_高保真产品页面_L5/WORK-LAB_L5_12张高保真产品页面.zip ! 06_规则与策略_Rules_Policy_1920x1080.png,sha256:358ecbf51be40fe7fe26b62985908db43098fc30fe36c4016b48637aae6d2591,108378,358ecbf51be40fe7fe26b62985908db43098fc30fe36c4016b48637aae6d2591,be487b87,PRESERVED_IN_COMPLETE_ARCHIVE
WL-REC-0038,WL-REC-0038,docs/history/archive/recovered-originals/RECORD-20261008/WORK-LAB_UI开发资料总包_按批次.zip,05_B05_高保真产品页面_L5/WORK-LAB_L5_12张高保真产品页面.zip ! 07_集成中心_Integrations_MCP_1920x1080.png,sha256:5e43d84896e959df7e54245b276ad88d824fa0474b07884d3bfdf4b252e19064,100680,5e43d84896e959df7e54245b276ad88d824fa0474b07884d3bfdf4b252e19064,fd667530,PRESERVED_IN_COMPLETE_ARCHIVE
WL-REC-0038,WL-REC-0038,docs/history/archive/recovered-originals/RECORD-20261008/WORK-LAB_UI开发资料总包_按批次.zip,05_B05_高保真产品页面_L5/WORK-LAB_L5_12张高保真产品页面.zip ! 08_记忆管理_Memory_Registry_1920x1080.png,sha256:728b99a189c5860d7cc3bfbc6a54fa4114e1dda89e3e138d9141a3f4f4de9add,97135,728b99a189c5860d7cc3bfbc6a54fa4114e1dda89e3e138d9141a3f4f4de9add,8732ced4,PRESERVED_IN_COMPLETE_ARCHIVE
WL-REC-0038,WL-REC-0038,docs/history/archive/recovered-originals/RECORD-20261008/WORK-LAB_UI开发资料总包_按批次.zip,05_B05_高保真产品页面_L5/WORK-LAB_L5_12张高保真产品页面.zip ! 09_审计追踪_Audit_Trail_1920x1080.png,sha256:154561d278231d548a2a43932b6507a0744f325fe3c76f100b5e6d206b984aff,93749,154561d278231d548a2a43932b6507a0744f325fe3c76f100b5e6d206b984aff,4ea76940,PRESERVED_IN_COMPLETE_ARCHIVE
WL-REC-0038,WL-REC-0038,docs/history/archive/recovered-originals/RECORD-20261008/WORK-LAB_UI开发资料总包_按批次.zip,05_B05_高保真产品页面_L5/WORK-LAB_L5_12张高保真产品页面.zip ! 10_审批中心_Approvals_1920x1080.png,sha256:b551613de7d110b5ef9ff2cf1abf37dcce762678d865c62c430e4d6dd97a14dd,106681,b551613de7d110b5ef9ff2cf1abf37dcce762678d865c62c430e4d6dd97a14dd,f59ec896,PRESERVED_IN_COMPLETE_ARCHIVE
WL-REC-0038,WL-REC-0038,docs/history/archive/recovered-originals/RECORD-20261008/WORK-LAB_UI开发资料总包_按批次.zip,05_B05_高保真产品页面_L5/WORK-LAB_L5_12张高保真产品页面.zip ! 11_系统设置_Settings_1920x1080.png,sha256:98ee0e43c8c955133020a85f36c515187dcad331cd4bd6bbc3d03da7557fa794,109640,98ee0e43c8c955133020a85f36c515187dcad331cd4bd6bbc3d03da7557fa794,fa7ae8ee,PRESERVED_IN_COMPLETE_ARCHIVE
WL-REC-0038,WL-REC-0038,docs/history/archive/recovered-originals/RECORD-20261008/WORK-LAB_UI开发资料总包_按批次.zip,05_B05_高保真产品页面_L5/WORK-LAB_L5_12张高保真产品页面.zip ! 12_执行详情_Execution_Detail_1920x1080.png,sha256:a7e339e42db500293311999471c708b714dc27e83381c4f4dc091414f3580c33,99444,a7e339e42db500293311999471c708b714dc27e83381c4f4dc091414f3580c33,9ff86c95,PRESERVED_IN_COMPLETE_ARCHIVE
WL-REC-0038,WL-REC-0038,docs/history/archive/recovered-originals/RECORD-20261008/WORK-LAB_UI开发资料总包_按批次.zip,05_B05_高保真产品页面_L5/WORK-LAB_L5_12张高保真产品页面.zip ! WORK-LAB_L5_12张页面总览.jpg,sha256:0834a6268193470d4466970d385c248f19a0706f3aaa3220ae34641028c53998,162290,0834a6268193470d4466970d385c248f19a0706f3aaa3220ae34641028c53998,b04ad2c3,PRESERVED_IN_COMPLETE_ARCHIVE
WL-REC-0038,WL-REC-0038,docs/history/archive/recovered-originals/RECORD-20261008/WORK-LAB_UI开发资料总包_按批次.zip,05_B05_高保真产品页面_L5/WORK-LAB_L5_12张高保真产品页面.zip ! README_L5.txt,sha256:8e9e60938242dc33a994828e1b7e9d5a4bd0f1be2ba421add793a46d9ee05b76,540,8e9e60938242dc33a994828e1b7e9d5a4bd0f1be2ba421add793a46d9ee05b76,e96ff7f6,PRESERVED_IN_COMPLETE_ARCHIVE
WL-REC-0038,WL-REC-0038,docs/history/archive/recovered-originals/RECORD-20261008/WORK-LAB_UI开发资料总包_按批次.zip,06_B06_交互状态系统_L6/WORK-LAB_L6_18张交互状态+Tokens.zip,sha256:097f0422a23a9d51b0c94756307a672105184bc607eaa054bcd26d600f77982e,1115473,097f0422a23a9d51b0c94756307a672105184bc607eaa054bcd26d600f77982e,c31c5fbe,PRESERVED_IN_COMPLETE_ARCHIVE
WL-REC-0038,WL-REC-0038,docs/history/archive/recovered-originals/RECORD-20261008/WORK-LAB_UI开发资料总包_按批次.zip,06_B06_交互状态系统_L6/WORK-LAB_L6_18张交互状态+Tokens.zip ! 01_基础交互状态_1920x1080.png,sha256:c9f41c9c6fd124ba43a34f75d9a170aa4766d7275c090a3313924791ed2367b4,94707,c9f41c9c6fd124ba43a34f75d9a170aa4766d7275c090a3313924791ed2367b4,be22dfd7,PRESERVED_IN_COMPLETE_ARCHIVE
WL-REC-0038,WL-REC-0038,docs/history/archive/recovered-originals/RECORD-20261008/WORK-LAB_UI开发资料总包_按批次.zip,06_B06_交互状态系统_L6/WORK-LAB_L6_18张交互状态+Tokens.zip ! 02_Hover_Tooltip_1920x1080.png,sha256:c33f5c42b35b40a063c8bb3a4cab3672065f1c0b3065b28ab9ec1cd037079b36,84747,c33f5c42b35b40a063c8bb3a4cab3672065f1c0b3065b28ab9ec1cd037079b36,9ba1e15d,PRESERVED_IN_COMPLETE_ARCHIVE
WL-REC-0038,WL-REC-0038,docs/history/archive/recovered-originals/RECORD-20261008/WORK-LAB_UI开发资料总包_按批次.zip,06_B06_交互状态系统_L6/WORK-LAB_L6_18张交互状态+Tokens.zip ! 03_Focus_Keyboard_1920x1080.png,sha256:b79b72ed58dfcc450944fbc12db1f57d062c37255dd00bafbc9190e003fea0a6,81333,b79b72ed58dfcc450944fbc12db1f57d062c37255dd00bafbc9190e003fea0a6,35b18090,PRESERVED_IN_COMPLETE_ARCHIVE
WL-REC-0038,WL-REC-0038,docs/history/archive/recovered-originals/RECORD-20261008/WORK-LAB_UI开发资料总包_按批次.zip,06_B06_交互状态系统_L6/WORK-LAB_L6_18张交互状态+Tokens.zip ! 04_Expanded_Accordion_Tree_1920x1080.png,sha256:3053d7273faf0e76e6426dacfef4481190ae5112d745a29f4ddf9f153d6c79c0,86770,3053d7273faf0e76e6426dacfef4481190ae5112d745a29f4ddf9f153d6c79c0,5a438045,PRESERVED_IN_COMPLETE_ARCHIVE
WL-REC-0038,WL-REC-0038,docs/history/archive/recovered-originals/RECORD-20261008/WORK-LAB_UI开发资料总包_按批次.zip,06_B06_交互状态系统_L6/WORK-LAB_L6_18张交互状态+Tokens.zip ! 05_Modal_1920x1080.png,sha256:d82842c2858cd844c067202e4a77074d39647d245af0a0861124ecef359b33d2,59469,d82842c2858cd844c067202e4a77074d39647d245af0a0861124ecef359b33d2,5253bef0,PRESERVED_IN_COMPLETE_ARCHIVE
WL-REC-0038,WL-REC-0038,docs/history/archive/recovered-originals/RECORD-20261008/WORK-LAB_UI开发资料总包_按批次.zip,06_B06_交互状态系统_L6/WORK-LAB_L6_18张交互状态+Tokens.zip ! 06_Drawer_1920x1080.png,sha256:7fc604f1aadf235479ff9e694c281020ad0d5ad9c9eabd8219e94d206c0da06f,71668,7fc604f1aadf235479ff9e694c281020ad0d5ad9c9eabd8219e94d206c0da06f,87d83e0c,PRESERVED_IN_COMPLETE_ARCHIVE
WL-REC-0038,WL-REC-0038,docs/history/archive/recovered-originals/RECORD-20261008/WORK-LAB_UI开发资料总包_按批次.zip,06_B06_交互状态系统_L6/WORK-LAB_L6_18张交互状态+Tokens.zip ! 07_Context_Menu_1920x1080.png,sha256:d59615341b6ac8981156b25cbee2618f00b7c975b051aef2d88eaf5117693fed,68774,d59615341b6ac8981156b25cbee2618f00b7c975b051aef2d88eaf5117693fed,b1c8185e,PRESERVED_IN_COMPLETE_ARCHIVE
WL-REC-0038,WL-REC-0038,docs/history/archive/recovered-originals/RECORD-20261008/WORK-LAB_UI开发资料总包_按批次.zip,06_B06_交互状态系统_L6/WORK-LAB_L6_18张交互状态+Tokens.zip ! 08_Command_Palette_1920x1080.png,sha256:345cc3700d5de23fcdeab2b190d44a73ba7f088c2b5a9293574270f1301580c4,86513,345cc3700d5de23fcdeab2b190d44a73ba7f088c2b5a9293574270f1301580c4,c4f1bb16,PRESERVED_IN_COMPLETE_ARCHIVE
WL-REC-0038,WL-REC-0038,docs/history/archive/recovered-originals/RECORD-20261008/WORK-LAB_UI开发资料总包_按批次.zip,06_B06_交互状态系统_L6/WORK-LAB_L6_18张交互状态+Tokens.zip ! 09_Empty_States_1920x1080.png,sha256:24f343bd0caac6aea4fa87212dc2a2020301f5407f334a3f22b10a23c6c2996b,88167,24f343bd0caac6aea4fa87212dc2a2020301f5407f334a3f22b10a23c6c2996b,0f7bbe84,PRESERVED_IN_COMPLETE_ARCHIVE
WL-REC-0038,WL-REC-0038,docs/history/archive/recovered-originals/RECORD-20261008/WORK-LAB_UI开发资料总包_按批次.zip,06_B06_交互状态系统_L6/WORK-LAB_L6_18张交互状态+Tokens.zip ! 10_Loading_Skeleton_1920x1080.png,sha256:2c0b72d6b545879d08acac3cac4661b3c282b3153b5cb7665fa5bb4ce3b17460,75368,2c0b72d6b545879d08acac3cac4661b3c282b3153b5cb7665fa5bb4ce3b17460,df684a53,PRESERVED_IN_COMPLETE_ARCHIVE
WL-REC-0038,WL-REC-0038,docs/history/archive/recovered-originals/RECORD-20261008/WORK-LAB_UI开发资料总包_按批次.zip,06_B06_交互状态系统_L6/WORK-LAB_L6_18张交互状态+Tokens.zip ! 11_Error_Offline_Retry_1920x1080.png,sha256:590ce7a5361b91c06d68097ebcf80badf7325e199629543e65e5b45604717f3c,82253,590ce7a5361b91c06d68097ebcf80badf7325e199629543e65e5b45604717f3c,bcb7ab3d,PRESERVED_IN_COMPLETE_ARCHIVE
WL-REC-0038,WL-REC-0038,docs/history/archive/recovered-originals/RECORD-20261008/WORK-LAB_UI开发资料总包_按批次.zip,06_B06_交互状态系统_L6/WORK-LAB_L6_18张交互状态+Tokens.zip ! 12_Permission_1920x1080.png,sha256:1e0a3d6387742f01d84cfb6602ad4a0d627de9159fbfe83287d0adcbd54eb95f,84054,1e0a3d6387742f01d84cfb6602ad4a0d627de9159fbfe83287d0adcbd54eb95f,45e5c8cf,PRESERVED_IN_COMPLETE_ARCHIVE
WL-REC-0038,WL-REC-0038,docs/history/archive/recovered-originals/RECORD-20261008/WORK-LAB_UI开发资料总包_按批次.zip,06_B06_交互状态系统_L6/WORK-LAB_L6_18张交互状态+Tokens.zip ! 13_Approval_Flow_1920x1080.png,sha256:766ff5efcf7c7a004c89abfe68b410857ceee1d7ea4e48f2a3fb620fdc8bc592,77245,766ff5efcf7c7a004c89abfe68b410857ceee1d7ea4e48f2a3fb620fdc8bc592,6fcaa8c4,PRESERVED_IN_COMPLETE_ARCHIVE
WL-REC-0038,WL-REC-0038,docs/history/archive/recovered-originals/RECORD-20261008/WORK-LAB_UI开发资料总包_按批次.zip,06_B06_交互状态系统_L6/WORK-LAB_L6_18张交互状态+Tokens.zip ! 14_Version_Compare_1920x1080.png,sha256:5f31256d53b5bc5f1608cc680854c13ca524eab0a57cbb0a5bf8607832623784,63280,5f31256d53b5bc5f1608cc680854c13ca524eab0a57cbb0a5bf8607832623784,2b6c1d06,PRESERVED_IN_COMPLETE_ARCHIVE
WL-REC-0038,WL-REC-0038,docs/history/archive/recovered-originals/RECORD-20261008/WORK-LAB_UI开发资料总包_按批次.zip,06_B06_交互状态系统_L6/WORK-LAB_L6_18张交互状态+Tokens.zip ! 15_Conflict_Resolution_1920x1080.png,sha256:1687b527566f0dc88712a021bc0542a9dc2434804d64659d3502e04905b93acf,78275,1687b527566f0dc88712a021bc0542a9dc2434804d64659d3502e04905b93acf,d8b42c0c,PRESERVED_IN_COMPLETE_ARCHIVE
WL-REC-0038,WL-REC-0038,docs/history/archive/recovered-originals/RECORD-20261008/WORK-LAB_UI开发资料总包_按批次.zip,06_B06_交互状态系统_L6/WORK-LAB_L6_18张交互状态+Tokens.zip ! 16_Notification_Center_1920x1080.png,sha256:3ea4505d28edb5c8cf18c9ec711aa21476f530c7345fd93ea23641915b32f6ce,81093,3ea4505d28edb5c8cf18c9ec711aa21476f530c7345fd93ea23641915b32f6ce,0103c6e0,PRESERVED_IN_COMPLETE_ARCHIVE
WL-REC-0038,WL-REC-0038,docs/history/archive/recovered-originals/RECORD-20261008/WORK-LAB_UI开发资料总包_按批次.zip,06_B06_交互状态系统_L6/WORK-LAB_L6_18张交互状态+Tokens.zip ! 17_Responsive_Tablet_1920x1080.png,sha256:ab9a38af08cad33f8763c8c7f7c5e66e616fbd06b6dbd614adf47a721effc930,63844,ab9a38af08cad33f8763c8c7f7c5e66e616fbd06b6dbd614adf47a721effc930,e578b3b2,PRESERVED_IN_COMPLETE_ARCHIVE
WL-REC-0038,WL-REC-0038,docs/history/archive/recovered-originals/RECORD-20261008/WORK-LAB_UI开发资料总包_按批次.zip,06_B06_交互状态系统_L6/WORK-LAB_L6_18张交互状态+Tokens.zip ! 18_Responsive_Mobile_1920x1080.png,sha256:514b9f72da15742a8ab601cf1db3c58098059dcbf3493b0412df13afb49a8907,67537,514b9f72da15742a8ab601cf1db3c58098059dcbf3493b0412df13afb49a8907,1dd637f4,PRESERVED_IN_COMPLETE_ARCHIVE
WL-REC-0038,WL-REC-0038,docs/history/archive/recovered-originals/RECORD-20261008/WORK-LAB_UI开发资料总包_按批次.zip,06_B06_交互状态系统_L6/WORK-LAB_L6_18张交互状态+Tokens.zip ! WORK-LAB_L6_18张交互状态总览.jpg,sha256:353b5612a195b2136a280b9b7879884bfe29ab1ead48fc5c7a4ffcec73151a68,232003,353b5612a195b2136a280b9b7879884bfe29ab1ead48fc5c7a4ffcec73151a68,4816179e,PRESERVED_IN_COMPLETE_ARCHIVE
WL-REC-0038,WL-REC-0038,docs/history/archive/recovered-originals/RECORD-20261008/WORK-LAB_UI开发资料总包_按批次.zip,06_B06_交互状态系统_L6/WORK-LAB_L6_18张交互状态+Tokens.zip ! WORK-LAB_interaction_tokens.json,sha256:89d8e63cbab36e1774d765eca820b746e987e83b9b0b4fd79d816cc0f4263cd2,621,89d8e63cbab36e1774d765eca820b746e987e83b9b0b4fd79d816cc0f4263cd2,98383bd1,PRESERVED_IN_COMPLETE_ARCHIVE
WL-REC-0038,WL-REC-0038,docs/history/archive/recovered-originals/RECORD-20261008/WORK-LAB_UI开发资料总包_按批次.zip,06_B06_交互状态系统_L6/WORK-LAB_L6_18张交互状态+Tokens.zip ! README_L6.txt,sha256:bb7bdc093131a3e0bb42df152556c6b67ea0d5a7bf0549f317a3598677102c77,543,bb7bdc093131a3e0bb42df152556c6b67ea0d5a7bf0549f317a3598677102c77,cc4cfb80,PRESERVED_IN_COMPLETE_ARCHIVE
WL-REC-0038,WL-REC-0038,docs/history/archive/recovered-originals/RECORD-20261008/WORK-LAB_UI开发资料总包_按批次.zip,07_B07_前端开发规范_L7/WORK-LAB_L7_前端开发规范工程包.zip,sha256:5900d954785263edb60d1d2a6f827d7ae4529cc41f59ce54da97aef3f77b475f,10638,5900d954785263edb60d1d2a6f827d7ae4529cc41f59ce54da97aef3f77b475f,a590892d,PRESERVED_IN_COMPLETE_ARCHIVE
WL-REC-0038,WL-REC-0038,docs/history/archive/recovered-originals/RECORD-20261008/WORK-LAB_UI开发资料总包_按批次.zip,07_B07_前端开发规范_L7/WORK-LAB_L7_前端开发规范工程包.zip ! README.md,sha256:041d935b94a746bf21dc9c394f004dfb3d1115a8c1e4ac27720301f82f5cf76f,544,041d935b94a746bf21dc9c394f004dfb3d1115a8c1e4ac27720301f82f5cf76f,e7a7a917,PRESERVED_IN_COMPLETE_ARCHIVE
WL-REC-0038,WL-REC-0038,docs/history/archive/recovered-originals/RECORD-20261008/WORK-LAB_UI开发资料总包_按批次.zip,07_B07_前端开发规范_L7/WORK-LAB_L7_前端开发规范工程包.zip ! pages/page-map.json,sha256:61f2616140ff8e3afb1849f1cf1ad00cc7113ea4016d287875973ee35e387d27,3270,61f2616140ff8e3afb1849f1cf1ad00cc7113ea4016d287875973ee35e387d27,3365dea8,PRESERVED_IN_COMPLETE_ARCHIVE
WL-REC-0038,WL-REC-0038,docs/history/archive/recovered-originals/RECORD-20261008/WORK-LAB_UI开发资料总包_按批次.zip,07_B07_前端开发规范_L7/WORK-LAB_L7_前端开发规范工程包.zip ! state/domain-state-machine.json,sha256:97e3ed9804e48f61c95952a68735902fbce1be8c4450923bd02dd9f9b35560ab,966,97e3ed9804e48f61c95952a68735902fbce1be8c4450923bd02dd9f9b35560ab,3dc66168,PRESERVED_IN_COMPLETE_ARCHIVE
WL-REC-0038,WL-REC-0038,docs/history/archive/recovered-originals/RECORD-20261008/WORK-LAB_UI开发资料总包_按批次.zip,07_B07_前端开发规范_L7/WORK-LAB_L7_前端开发规范工程包.zip ! docs/frontend-architecture.md,sha256:db8853f7a560795a323c068a851917c6809a11335a3ae6e099b3f165606d60b6,1466,db8853f7a560795a323c068a851917c6809a11335a3ae6e099b3f165606d60b6,891d0ac4,PRESERVED_IN_COMPLETE_ARCHIVE
WL-REC-0038,WL-REC-0038,docs/history/archive/recovered-originals/RECORD-20261008/WORK-LAB_UI开发资料总包_按批次.zip,07_B07_前端开发规范_L7/WORK-LAB_L7_前端开发规范工程包.zip ! docs/route-matrix.md,sha256:04a2c35d234e031adbb091da362e082430c6797c9f4ad5c2ac9036cddbfd9708,608,04a2c35d234e031adbb091da362e082430c6797c9f4ad5c2ac9036cddbfd9708,c7842d1e,PRESERVED_IN_COMPLETE_ARCHIVE
WL-REC-0038,WL-REC-0038,docs/history/archive/recovered-originals/RECORD-20261008/WORK-LAB_UI开发资料总包_按批次.zip,07_B07_前端开发规范_L7/WORK-LAB_L7_前端开发规范工程包.zip ! docs/acceptance-checklist.md,sha256:1ada17c102319f374a6c3fbffaf9670bae1fc48c421a2e0ddc2a17f137dbde73,935,1ada17c102319f374a6c3fbffaf9670bae1fc48c421a2e0ddc2a17f137dbde73,c9568f93,PRESERVED_IN_COMPLETE_ARCHIVE
WL-REC-0038,WL-REC-0038,docs/history/archive/recovered-originals/RECORD-20261008/WORK-LAB_UI开发资料总包_按批次.zip,07_B07_前端开发规范_L7/WORK-LAB_L7_前端开发规范工程包.zip ! examples/AppShell.tsx,sha256:8cab8905f0da1627857a745c21e8bfa21b4a41e536b2eccdcd8057063d6f757b,456,8cab8905f0da1627857a745c21e8bfa21b4a41e536b2eccdcd8057063d6f757b,a1b3b8ee,PRESERVED_IN_COMPLETE_ARCHIVE
WL-REC-0038,WL-REC-0038,docs/history/archive/recovered-originals/RECORD-20261008/WORK-LAB_UI开发资料总包_按批次.zip,07_B07_前端开发规范_L7/WORK-LAB_L7_前端开发规范工程包.zip ! examples/PageTemplate.tsx,sha256:4e4e96d4b555267d251c6037a5d12ef78b6ff5de845817b0ec2051f1a37dfd67,517,4e4e96d4b555267d251c6037a5d12ef78b6ff5de845817b0ec2051f1a37dfd67,77a5e937,PRESERVED_IN_COMPLETE_ARCHIVE
WL-REC-0038,WL-REC-0038,docs/history/archive/recovered-originals/RECORD-20261008/WORK-LAB_UI开发资料总包_按批次.zip,07_B07_前端开发规范_L7/WORK-LAB_L7_前端开发规范工程包.zip ! theme/tokens.json,sha256:abcb8fc8cfd05992f47980dc6ab26df340ae133da8477a9094bfc19c38a6d95d,293,abcb8fc8cfd05992f47980dc6ab26df340ae133da8477a9094bfc19c38a6d95d,a89aeb47,PRESERVED_IN_COMPLETE_ARCHIVE
WL-REC-0038,WL-REC-0038,docs/history/archive/recovered-originals/RECORD-20261008/WORK-LAB_UI开发资料总包_按批次.zip,07_B07_前端开发规范_L7/WORK-LAB_L7_前端开发规范工程包.zip ! theme/tokens.css,sha256:d15132601593b0736330f062941f726f4efdc268d15e71bf2036dffe1e7c345f,399,d15132601593b0736330f062941f726f4efdc268d15e71bf2036dffe1e7c345f,af150955,PRESERVED_IN_COMPLETE_ARCHIVE
WL-REC-0038,WL-REC-0038,docs/history/archive/recovered-originals/RECORD-20261008/WORK-LAB_UI开发资料总包_按批次.zip,07_B07_前端开发规范_L7/WORK-LAB_L7_前端开发规范工程包.zip ! routes/routes.json,sha256:d85d90af48a11e78fc84823df9835a4b9df5be282dbb8146c66b0aff5d6fac3d,1038,d85d90af48a11e78fc84823df9835a4b9df5be282dbb8146c66b0aff5d6fac3d,a8de8d05,PRESERVED_IN_COMPLETE_ARCHIVE
WL-REC-0038,WL-REC-0038,docs/history/archive/recovered-originals/RECORD-20261008/WORK-LAB_UI开发资料总包_按批次.zip,07_B07_前端开发规范_L7/WORK-LAB_L7_前端开发规范工程包.zip ! routes/routes.ts,sha256:5ee5380701233f4af8aaaa5f30373495f8d64fee8cd580671f8249067ecc154d,831,5ee5380701233f4af8aaaa5f30373495f8d64fee8cd580671f8249067ecc154d,da4d99c4,PRESERVED_IN_COMPLETE_ARCHIVE
WL-REC-0038,WL-REC-0038,docs/history/archive/recovered-originals/RECORD-20261008/WORK-LAB_UI开发资料总包_按批次.zip,07_B07_前端开发规范_L7/WORK-LAB_L7_前端开发规范工程包.zip ! routes/navigation.ts,sha256:8d690757e89a79ac0f27ffc6fbf5fb1f1ae659a39c24a3771c168b95463e1630,108,8d690757e89a79ac0f27ffc6fbf5fb1f1ae659a39c24a3771c168b95463e1630,16e71287,PRESERVED_IN_COMPLETE_ARCHIVE
WL-REC-0038,WL-REC-0038,docs/history/archive/recovered-originals/RECORD-20261008/WORK-LAB_UI开发资料总包_按批次.zip,07_B07_前端开发规范_L7/WORK-LAB_L7_前端开发规范工程包.zip ! permissions/permissions.json,sha256:83a7891ea1093bd16d38840affabd62c994987965e6c0eabaa52dd273c7d2c54,3425,83a7891ea1093bd16d38840affabd62c994987965e6c0eabaa52dd273c7d2c54,dbb42b29,PRESERVED_IN_COMPLETE_ARCHIVE
WL-REC-0038,WL-REC-0038,docs/history/archive/recovered-originals/RECORD-20261008/WORK-LAB_UI开发资料总包_按批次.zip,07_B07_前端开发规范_L7/WORK-LAB_L7_前端开发规范工程包.zip ! components/component-overrides.json,sha256:2eb9375c50111ec8fa1e4671a2089aff0e475b368ffbb9be279b22520de31aeb,448,2eb9375c50111ec8fa1e4671a2089aff0e475b368ffbb9be279b22520de31aeb,f744b16a,PRESERVED_IN_COMPLETE_ARCHIVE
WL-REC-0038,WL-REC-0038,docs/history/archive/recovered-originals/RECORD-20261008/WORK-LAB_UI开发资料总包_按批次.zip,07_B07_前端开发规范_L7/WORK-LAB_L7_前端开发规范工程包.zip ! components/types.ts,sha256:4f4155f26518245626af74c47d4f691c650b26e7fbdc558bda4e4a8b2b3f089e,530,4f4155f26518245626af74c47d4f691c650b26e7fbdc558bda4e4a8b2b3f089e,a9a05e8b,PRESERVED_IN_COMPLETE_ARCHIVE
WL-REC-0038,WL-REC-0038,docs/history/archive/recovered-originals/RECORD-20261008/WORK-LAB_UI开发资料总包_按批次.zip,07_B07_前端开发规范_L7/WORK-LAB_L7_前端开发规范工程包.zip ! shared-ui-core/base-tokens.css,sha256:d6ada3eb1688447db977cf56b58967e69394360a4714387c6911764a5e5c086b,461,d6ada3eb1688447db977cf56b58967e69394360a4714387c6911764a5e5c086b,2e1d300a,PRESERVED_IN_COMPLETE_ARCHIVE
WL-REC-0038,WL-REC-0038,docs/history/archive/recovered-originals/RECORD-20261008/WORK-LAB_UI开发资料总包_按批次.zip,07_B07_前端开发规范_L7/WORK-LAB_L7_前端开发规范工程包.zip ! shared-ui-core/breakpoints.css,sha256:1c49246f09a08e2b45512c6ce55fa5dbc61719c6636c384f9ac839f71431fc2c,390,1c49246f09a08e2b45512c6ce55fa5dbc61719c6636c384f9ac839f71431fc2c,1b57b356,PRESERVED_IN_COMPLETE_ARCHIVE
WL-REC-0038,WL-REC-0038,docs/history/archive/recovered-originals/RECORD-20261008/WORK-LAB_UI开发资料总包_按批次.zip,07_B07_前端开发规范_L7/WORK-LAB_L7_前端开发规范工程包.zip ! shared-ui-core/folder-structure.md,sha256:a83618a079d87b753763c6f67857cf3bc44620ef2650e865ea02f98bb2dce7ff,735,a83618a079d87b753763c6f67857cf3bc44620ef2650e865ea02f98bb2dce7ff,2b4c8c07,PRESERVED_IN_COMPLETE_ARCHIVE
WL-REC-0038,WL-REC-0038,docs/history/archive/recovered-originals/RECORD-20261008/WORK-LAB_UI开发资料总包_按批次.zip,07_B07_前端开发规范_L7/WORK-LAB_L7_前端开发规范工程包.zip ! shared-ui-core/component-contracts.md,sha256:4ac08562fadc92b908492863ae7e2831aa5d375c2a0566ad70109e7249df3b76,1002,4ac08562fadc92b908492863ae7e2831aa5d375c2a0566ad70109e7249df3b76,48beb028,PRESERVED_IN_COMPLETE_ARCHIVE
WL-REC-0038,WL-REC-0038,docs/history/archive/recovered-originals/RECORD-20261008/WORK-LAB_UI开发资料总包_按批次.zip,07_B07_前端开发规范_L7/WORK-LAB_L7_前端开发规范工程包.zip ! shared-ui-core/component-registry.json,sha256:1f8e2e3073048755e0e465e5b9cd7be56f4526fbe4666a5d818422fbfe5fd602,9035,1f8e2e3073048755e0e465e5b9cd7be56f4526fbe4666a5d818422fbfe5fd602,10a28bde,PRESERVED_IN_COMPLETE_ARCHIVE
WL-REC-0038,WL-REC-0038,docs/history/archive/recovered-originals/RECORD-20261008/WORK-LAB_UI开发资料总包_按批次.zip,07_B07_前端开发规范_L7/WORK-LAB_L7_前端开发规范工程包.zip ! shared-ui-core/motion.css,sha256:9ced91a10a8a73eb6247dc13975f65b1a98ed386f093509a71d0aaf3755bbb66,375,9ced91a10a8a73eb6247dc13975f65b1a98ed386f093509a71d0aaf3755bbb66,0c6ac20c,PRESERVED_IN_COMPLETE_ARCHIVE
WL-REC-0038,WL-REC-0038,docs/history/archive/recovered-originals/RECORD-20261008/WORK-LAB_UI开发资料总包_按批次.zip,07_B07_前端开发规范_L7/WORK-LAB_L7_前端开发规范工程包.zip ! FRONTEND_GOVERNANCE.md,sha256:c21b526fef0fb17559ece1dbb57e6b37afb545588547320c0885b0b76042050e,964,c21b526fef0fb17559ece1dbb57e6b37afb545588547320c0885b0b76042050e,fdb5198e,PRESERVED_IN_COMPLETE_ARCHIVE
WL-REC-0038,WL-REC-0038,docs/history/archive/recovered-originals/RECORD-20261008/WORK-LAB_UI开发资料总包_按批次.zip,08_B08_ReactTypeScript可运行原型_L8/work-lab_L8_React_TypeScript_可运行原型.zip,sha256:4ca000e0c4bf371acc9d89fbcace5bc163304e76812fc509edd018e8ac555fec,9963,4ca000e0c4bf371acc9d89fbcace5bc163304e76812fc509edd018e8ac555fec,8f06d2da,PRESERVED_IN_COMPLETE_ARCHIVE
WL-REC-0038,WL-REC-0038,docs/history/archive/recovered-originals/RECORD-20261008/WORK-LAB_UI开发资料总包_按批次.zip,08_B08_ReactTypeScript可运行原型_L8/work-lab_L8_React_TypeScript_可运行原型.zip ! app/package.json,sha256:457debdbfaf05c15dd29499f2d5e59083c757e5af741fa75d171b02ff916fb83,479,457debdbfaf05c15dd29499f2d5e59083c757e5af741fa75d171b02ff916fb83,3c08d53d,PRESERVED_IN_COMPLETE_ARCHIVE
WL-REC-0038,WL-REC-0038,docs/history/archive/recovered-originals/RECORD-20261008/WORK-LAB_UI开发资料总包_按批次.zip,08_B08_ReactTypeScript可运行原型_L8/work-lab_L8_React_TypeScript_可运行原型.zip ! app/README.md,sha256:5f200820be7cdadf0a36df1e44d364fa1972bbb7a76a15050f6f224c969d8a83,223,5f200820be7cdadf0a36df1e44d364fa1972bbb7a76a15050f6f224c969d8a83,fba181d2,PRESERVED_IN_COMPLETE_ARCHIVE
WL-REC-0038,WL-REC-0038,docs/history/archive/recovered-originals/RECORD-20261008/WORK-LAB_UI开发资料总包_按批次.zip,08_B08_ReactTypeScript可运行原型_L8/work-lab_L8_React_TypeScript_可运行原型.zip ! app/vite.config.ts,sha256:3a8c7b7acf511961c0cda555c2eb6a3d63e18f493fe2bc6d4bd44a2a56b8d53c,129,3a8c7b7acf511961c0cda555c2eb6a3d63e18f493fe2bc6d4bd44a2a56b8d53c,9af5d420,PRESERVED_IN_COMPLETE_ARCHIVE
WL-REC-0038,WL-REC-0038,docs/history/archive/recovered-originals/RECORD-20261008/WORK-LAB_UI开发资料总包_按批次.zip,08_B08_ReactTypeScript可运行原型_L8/work-lab_L8_React_TypeScript_可运行原型.zip ! app/tsconfig.json,sha256:f7bc931f6bcc67723247a6a8524471e33c7bb1ac826083d9617ca582a4da0d39,467,f7bc931f6bcc67723247a6a8524471e33c7bb1ac826083d9617ca582a4da0d39,b870da3f,PRESERVED_IN_COMPLETE_ARCHIVE
WL-REC-0038,WL-REC-0038,docs/history/archive/recovered-originals/RECORD-20261008/WORK-LAB_UI开发资料总包_按批次.zip,08_B08_ReactTypeScript可运行原型_L8/work-lab_L8_React_TypeScript_可运行原型.zip ! app/index.html,sha256:0f32579c166d224982791277149acd16c5d0941c169f6cc8025ee4c1f5881260,259,0f32579c166d224982791277149acd16c5d0941c169f6cc8025ee4c1f5881260,9259663d,PRESERVED_IN_COMPLETE_ARCHIVE
WL-REC-0038,WL-REC-0038,docs/history/archive/recovered-originals/RECORD-20261008/WORK-LAB_UI开发资料总包_按批次.zip,08_B08_ReactTypeScript可运行原型_L8/work-lab_L8_React_TypeScript_可运行原型.zip ! app/static-preview.html,sha256:2cf657c2086da595361158d84aaa5ab58e07c5ecfd364af3e8ed0dc4df26a8fd,2152,2cf657c2086da595361158d84aaa5ab58e07c5ecfd364af3e8ed0dc4df26a8fd,cc49887f,PRESERVED_IN_COMPLETE_ARCHIVE
WL-REC-0038,WL-REC-0038,docs/history/archive/recovered-originals/RECORD-20261008/WORK-LAB_UI开发资料总包_按批次.zip,08_B08_ReactTypeScript可运行原型_L8/work-lab_L8_React_TypeScript_可运行原型.zip ! app/src/main.tsx,sha256:799bbff94dba2aa3742c232c3b3a4081b052f839c7f19039f8941cd2acbaa702,218,799bbff94dba2aa3742c232c3b3a4081b052f839c7f19039f8941cd2acbaa702,d38cba75,PRESERVED_IN_COMPLETE_ARCHIVE
WL-REC-0038,WL-REC-0038,docs/history/archive/recovered-originals/RECORD-20261008/WORK-LAB_UI开发资料总包_按批次.zip,08_B08_ReactTypeScript可运行原型_L8/work-lab_L8_React_TypeScript_可运行原型.zip ! app/src/config.ts,sha256:a0e09d3934393cccd884d91421ba16d0c1c509f76bb82a380ffd09f18e6a793a,1065,a0e09d3934393cccd884d91421ba16d0c1c509f76bb82a380ffd09f18e6a793a,85d97c3d,PRESERVED_IN_COMPLETE_ARCHIVE
WL-REC-0038,WL-REC-0038,docs/history/archive/recovered-originals/RECORD-20261008/WORK-LAB_UI开发资料总包_按批次.zip,08_B08_ReactTypeScript可运行原型_L8/work-lab_L8_React_TypeScript_可运行原型.zip ! app/src/styles.css,sha256:5a644058347478685bf1837f59bf3d51081c5d4f57e99762c68cc65e2d693ad1,4878,5a644058347478685bf1837f59bf3d51081c5d4f57e99762c68cc65e2d693ad1,dfaa2525,PRESERVED_IN_COMPLETE_ARCHIVE
WL-REC-0038,WL-REC-0038,docs/history/archive/recovered-originals/RECORD-20261008/WORK-LAB_UI开发资料总包_按批次.zip,08_B08_ReactTypeScript可运行原型_L8/work-lab_L8_React_TypeScript_可运行原型.zip ! app/src/App.tsx,sha256:e380f26d143cb1310babc83961222f590470658d8234caca45c0028c4425fc24,4547,e380f26d143cb1310babc83961222f590470658d8234caca45c0028c4425fc24,e7543dd1,PRESERVED_IN_COMPLETE_ARCHIVE
WL-REC-0038,WL-REC-0038,docs/history/archive/recovered-originals/RECORD-20261008/WORK-LAB_UI开发资料总包_按批次.zip,08_B08_ReactTypeScript可运行原型_L8/work-lab_L8_React_TypeScript_可运行原型.zip ! packages/ui-core/package.json,sha256:b6d39f5ff36c3af9b30136eeea8a541065092fc62648b9ddcb51a2315577d0bb,117,b6d39f5ff36c3af9b30136eeea8a541065092fc62648b9ddcb51a2315577d0bb,ab125f82,PRESERVED_IN_COMPLETE_ARCHIVE
WL-REC-0038,WL-REC-0038,docs/history/archive/recovered-originals/RECORD-20261008/WORK-LAB_UI开发资料总包_按批次.zip,08_B08_ReactTypeScript可运行原型_L8/work-lab_L8_React_TypeScript_可运行原型.zip ! packages/ui-core/src/types.ts,sha256:e1dd2f3bbceb3a44cf4a95e0b6ee198cb98242ca5005b97918c398672efc18b1,279,e1dd2f3bbceb3a44cf4a95e0b6ee198cb98242ca5005b97918c398672efc18b1,7020754d,PRESERVED_IN_COMPLETE_ARCHIVE
WL-REC-0038,WL-REC-0038,docs/history/archive/recovered-originals/RECORD-20261008/WORK-LAB_UI开发资料总包_按批次.zip,08_B08_ReactTypeScript可运行原型_L8/work-lab_L8_React_TypeScript_可运行原型.zip ! packages/ui-core/src/components.tsx,sha256:216cb24c201eaaf794bd1681c649e869009f5c4179b11182355f4333a88f9792,4360,216cb24c201eaaf794bd1681c649e869009f5c4179b11182355f4333a88f9792,e42929fe,PRESERVED_IN_COMPLETE_ARCHIVE
WL-REC-0038,WL-REC-0038,docs/history/archive/recovered-originals/RECORD-20261008/WORK-LAB_UI开发资料总包_按批次.zip,08_B08_ReactTypeScript可运行原型_L8/work-lab_L8_React_TypeScript_可运行原型.zip ! packages/ui-core/src/index.ts,sha256:613c3ed3884afc674f1caa097f700b76169d2741ee82bf64733851dec9c373e8,55,613c3ed3884afc674f1caa097f700b76169d2741ee82bf64733851dec9c373e8,0e808cc8,PRESERVED_IN_COMPLETE_ARCHIVE
WL-REC-0038,WL-REC-0038,docs/history/archive/recovered-originals/RECORD-20261008/WORK-LAB_UI开发资料总包_按批次.zip,08_B08_ReactTypeScript可运行原型_L8/work-lab_L8_React_TypeScript_可运行原型.zip ! VISUAL_GOVERNANCE.md,sha256:04a3397dc11dff798a01c8f7246de15f973694616fe66c30ec7216b4e0d478db,274,04a3397dc11dff798a01c8f7246de15f973694616fe66c30ec7216b4e0d478db,762b0bfc,PRESERVED_IN_COMPLETE_ARCHIVE
WL-REC-0038,WL-REC-0038,docs/history/archive/recovered-originals/RECORD-20261008/WORK-LAB_UI开发资料总包_按批次.zip,09_B09_交互式真实Demo_L9/work-lab_L9_交互式真实Demo.zip,sha256:407e669861a1e164d83ce33bae85f8defbc78b40f067ccebdabc09993a916481,7070,407e669861a1e164d83ce33bae85f8defbc78b40f067ccebdabc09993a916481,1aaa89ad,PRESERVED_IN_COMPLETE_ARCHIVE
WL-REC-0038,WL-REC-0038,docs/history/archive/recovered-originals/RECORD-20261008/WORK-LAB_UI开发资料总包_按批次.zip,09_B09_交互式真实Demo_L9/work-lab_L9_交互式真实Demo.zip ! 打开交互演示_Windows.bat,sha256:b9a9f5681b92f96c67c46a2bbd88fc779b3e81bfc5ffae6c2b945dc5cebd8489,50,b9a9f5681b92f96c67c46a2bbd88fc779b3e81bfc5ffae6c2b945dc5cebd8489,3c5855ff,PRESERVED_IN_COMPLETE_ARCHIVE
WL-REC-0038,WL-REC-0038,docs/history/archive/recovered-originals/RECORD-20261008/WORK-LAB_UI开发资料总包_按批次.zip,09_B09_交互式真实Demo_L9/work-lab_L9_交互式真实Demo.zip ! README.md,sha256:8794287d89ebc2905e5566f48e60c71a6258b9de9063c440a5f638143a8551ee,405,8794287d89ebc2905e5566f48e60c71a6258b9de9063c440a5f638143a8551ee,c2c11683,PRESERVED_IN_COMPLETE_ARCHIVE
WL-REC-0038,WL-REC-0038,docs/history/archive/recovered-originals/RECORD-20261008/WORK-LAB_UI开发资料总包_按批次.zip,09_B09_交互式真实Demo_L9/work-lab_L9_交互式真实Demo.zip ! interactive-demo.html,sha256:c7cfded2397eedf1177aacf2796d21e554fbfd6f73f78b5eace693b67b2cc7b8,19428,c7cfded2397eedf1177aacf2796d21e554fbfd6f73f78b5eace693b67b2cc7b8,01890d35,PRESERVED_IN_COMPLETE_ARCHIVE
WL-REC-0038,WL-REC-0038,docs/history/archive/recovered-originals/RECORD-20261008/WORK-LAB_UI开发资料总包_按批次.zip,10_B10_最终版高保真可部署UI/work-lab_最终版_高保真可部署UI.zip,sha256:97b7f31bfafde4770d3b2a7abc6f76feba17d8ca41d6988210692ad8213ddbd3,12415,97b7f31bfafde4770d3b2a7abc6f76feba17d8ca41d6988210692ad8213ddbd3,7310296e,PRESERVED_IN_COMPLETE_ARCHIVE
WL-REC-0038,WL-REC-0038,docs/history/archive/recovered-originals/RECORD-20261008/WORK-LAB_UI开发资料总包_按批次.zip,10_B10_最终版高保真可部署UI/work-lab_最终版_高保真可部署UI.zip ! README.md,sha256:bd8fa89cbee4d927d93d24a4372519feecf917cc8428398979196ec18f2283d3,395,bd8fa89cbee4d927d93d24a4372519feecf917cc8428398979196ec18f2283d3,23332837,PRESERVED_IN_COMPLETE_ARCHIVE
WL-REC-0038,WL-REC-0038,docs/history/archive/recovered-originals/RECORD-20261008/WORK-LAB_UI开发资料总包_按批次.zip,10_B10_最终版高保真可部署UI/work-lab_最终版_高保真可部署UI.zip ! index.html,sha256:87104de9858c04bc9c742ea3e4b255b4d167f91fa7b1d72dd46e3ba07358859d,43685,87104de9858c04bc9c742ea3e4b255b4d167f91fa7b1d72dd46e3ba07358859d,498113db,PRESERVED_IN_COMPLETE_ARCHIVE
WL-REC-0038,WL-REC-0038,docs/history/archive/recovered-originals/RECORD-20261008/WORK-LAB_UI开发资料总包_按批次.zip,10_B10_最终版高保真可部署UI/work-lab_最终版_高保真可部署UI.zip ! 打开页面_Windows.bat,sha256:0edbd8f5b22789c3f11971244871f1b36e23f9e710fdc8b25ca6429165ec81be,39,0edbd8f5b22789c3f11971244871f1b36e23f9e710fdc8b25ca6429165ec81be,f23811e0,PRESERVED_IN_COMPLETE_ARCHIVE
WL-REC-0038,WL-REC-0038,docs/history/archive/recovered-originals/RECORD-20261008/WORK-LAB_UI开发资料总包_按批次.zip,00_先读_PROMPT/01_WORK-LAB_UI开发提示词_CODEX.md,sha256:bb2d878acced290db3540e452d3d42652235f5bfb29a75cd92dc7ac9f12f7360,8085,bb2d878acced290db3540e452d3d42652235f5bfb29a75cd92dc7ac9f12f7360,c96b0058,PRESERVED_IN_COMPLETE_ARCHIVE
WL-REC-0038,WL-REC-0038,docs/history/archive/recovered-originals/RECORD-20261008/WORK-LAB_UI开发资料总包_按批次.zip,00_先读_PROMPT/04_CODEX_UI统一验收清单.md,sha256:5176c9037a6bde991f21cafea68704d566b58ab14624f228ee4d6d003566ac63,1297,5176c9037a6bde991f21cafea68704d566b58ab14624f228ee4d6d003566ac63,376472d0,PRESERVED_IN_COMPLETE_ARCHIVE
WL-REC-0038,WL-REC-0038,docs/history/archive/recovered-originals/RECORD-20261008/WORK-LAB_UI开发资料总包_按批次.zip,00_先读_PROMPT/00_批次顺序_文件映射_权威规则.md,sha256:2dec26965495614e9401d70c371b2f4636af824237a761a4c28fe192d0e1e990,6023,2dec26965495614e9401d70c371b2f4636af824237a761a4c28fe192d0e1e990,01ab46be,PRESERVED_IN_COMPLETE_ARCHIVE
WL-REC-0041,WL-REC-0041,docs/history/owner-inputs/20261009/WORK-LAB_本对话最终任务包_20261009.zip,WORK-LAB_final_20261009/00_先读我.md,sha256:2a2766274139bb7943af434ecb5e547d96bc62de26f48f46ed15dc2c88f0fcf8,3943,2a2766274139bb7943af434ecb5e547d96bc62de26f48f46ed15dc2c88f0fcf8,9c332674,PRESERVED_IN_COMPLETE_ARCHIVE
WL-REC-0041,WL-REC-0041,docs/history/owner-inputs/20261009/WORK-LAB_本对话最终任务包_20261009.zip,WORK-LAB_final_20261009/01_WORK-LAB_最终任务书.md,sha256:07870bdf245633213580c415dc32c9b8dc77c4ff1341969f38af99744d3b0fb7,32277,07870bdf245633213580c415dc32c9b8dc77c4ff1341969f38af99744d3b0fb7,67dea133,PRESERVED_IN_COMPLETE_ARCHIVE
WL-REC-0041,WL-REC-0041,docs/history/owner-inputs/20261009/WORK-LAB_本对话最终任务包_20261009.zip,WORK-LAB_final_20261009/02_交给CODEX或HERMES的执行提示词.md,sha256:1157e08f07db2581c26d1de1f9f180b6cd94bbc4795a1aab660e4ba3646be99a,8332,1157e08f07db2581c26d1de1f9f180b6cd94bbc4795a1aab660e4ba3646be99a,65066c10,PRESERVED_IN_COMPLETE_ARCHIVE
WL-REC-0041,WL-REC-0041,docs/history/owner-inputs/20261009/WORK-LAB_本对话最终任务包_20261009.zip,WORK-LAB_final_20261009/03_内容覆盖与来源.csv,sha256:bff4b8e6ee5cf0254a2030e3ae227fd97a98cb94058ce27b61afe74cca6f2b80,5792,bff4b8e6ee5cf0254a2030e3ae227fd97a98cb94058ce27b61afe74cca6f2b80,18def1dd,PRESERVED_IN_COMPLETE_ARCHIVE
WL-REC-0041,WL-REC-0041,docs/history/owner-inputs/20261009/WORK-LAB_本对话最终任务包_20261009.zip,WORK-LAB_final_20261009/04_验收与冷启动清单.md,sha256:fab76e347a80b2067816dc9e64fd1fedaa5e199c9dcf5f839b9dc04da8455370,8286,fab76e347a80b2067816dc9e64fd1fedaa5e199c9dcf5f839b9dc04da8455370,fb35cb10,PRESERVED_IN_COMPLETE_ARCHIVE
WL-REC-0041,WL-REC-0041,docs/history/owner-inputs/20261009/WORK-LAB_本对话最终任务包_20261009.zip,WORK-LAB_final_20261009/05_另两个项目的协作对账提示词.md,sha256:d4aad84596ada6b7d0e02d8946fd80d9fefb219e6c2b9dc0133255976f10dd27,4023,d4aad84596ada6b7d0e02d8946fd80d9fefb219e6c2b9dc0133255976f10dd27,146701b0,PRESERVED_IN_COMPLETE_ARCHIVE
WL-REC-0041,WL-REC-0041,docs/history/owner-inputs/20261009/WORK-LAB_本对话最终任务包_20261009.zip,WORK-LAB_final_20261009/MANIFEST.json,sha256:4f768cfadc67c104c2c171849fcb101fd1991025846015d18e3886b42be00b26,12725,4f768cfadc67c104c2c171849fcb101fd1991025846015d18e3886b42be00b26,415f03dc,PRESERVED_IN_COMPLETE_ARCHIVE
WL-REC-0041,WL-REC-0041,docs/history/owner-inputs/20261009/WORK-LAB_本对话最终任务包_20261009.zip,WORK-LAB_final_20261009/SOURCE_MANIFEST.json,sha256:c5e4104a2b86bf8f78cdab1feb20bbc379c387fe1c9fe9fcc1e33e2a643db8cb,1782,c5e4104a2b86bf8f78cdab1feb20bbc379c387fe1c9fe9fcc1e33e2a643db8cb,10fe796b,PRESERVED_IN_COMPLETE_ARCHIVE
WL-REC-0041,WL-REC-0041,docs/history/owner-inputs/20261009/WORK-LAB_本对话最终任务包_20261009.zip,WORK-LAB_final_20261009/inputs/conversation_decisions.json,sha256:ad0873bfa0fc669c5a1208fbd2d7786a50245d35b9ebfb52219fbfbc0dabf0d2,1788,ad0873bfa0fc669c5a1208fbd2d7786a50245d35b9ebfb52219fbfbc0dabf0d2,a67e5c07,PRESERVED_IN_COMPLETE_ARCHIVE
WL-REC-0041,WL-REC-0041,docs/history/owner-inputs/20261009/WORK-LAB_本对话最终任务包_20261009.zip,WORK-LAB_final_20261009/inputs/execution_state.json,sha256:5ea4d1b69b01a79a77a9f022f0610c268b8f25f33f2049da52bee5774cafbe79,4854,5ea4d1b69b01a79a77a9f022f0610c268b8f25f33f2049da52bee5774cafbe79,121aedf6,PRESERVED_IN_COMPLETE_ARCHIVE
WL-REC-0041,WL-REC-0041,docs/history/owner-inputs/20261009/WORK-LAB_本对话最终任务包_20261009.zip,WORK-LAB_final_20261009/inputs/file_disposition_seed.csv,sha256:238cac2386c2d477991591309b0a2546823ca1b0d1c0eaf2a1e96b24a4277f71,8621,238cac2386c2d477991591309b0a2546823ca1b0d1c0eaf2a1e96b24a4277f71,10b719a1,PRESERVED_IN_COMPLETE_ARCHIVE
WL-REC-0041,WL-REC-0041,docs/history/owner-inputs/20261009/WORK-LAB_本对话最终任务包_20261009.zip,WORK-LAB_final_20261009/inputs/frontend_route_mapping.proposed.csv,sha256:8c6f92995ec324d89769b577d4ceb6ab9535cb665aae292b8331c97539f18658,2245,8c6f92995ec324d89769b577d4ceb6ab9535cb665aae292b8331c97539f18658,8719866e,PRESERVED_IN_COMPLETE_ARCHIVE
WL-REC-0041,WL-REC-0041,docs/history/owner-inputs/20261009/WORK-LAB_本对话最终任务包_20261009.zip,WORK-LAB_final_20261009/inputs/prior_artifact_corrections.json,sha256:eb2ba41af8ad9c49514733073201c67abd8090b4ba0b7fbd2409414b48fde4af,1295,eb2ba41af8ad9c49514733073201c67abd8090b4ba0b7fbd2409414b48fde4af,0565ef58,PRESERVED_IN_COMPLETE_ARCHIVE
WL-REC-0041,WL-REC-0041,docs/history/owner-inputs/20261009/WORK-LAB_本对话最终任务包_20261009.zip,WORK-LAB_final_20261009/inputs/source_section_inventory.json,sha256:00e076184ab59ad02db3fb2a7c8c85b4e9c4abdd1a43af59a22091a8516d4340,35017,00e076184ab59ad02db3fb2a7c8c85b4e9c4abdd1a43af59a22091a8516d4340,0dd6150b,PRESERVED_IN_COMPLETE_ARCHIVE
WL-REC-0041,WL-REC-0041,docs/history/owner-inputs/20261009/WORK-LAB_本对话最终任务包_20261009.zip,WORK-LAB_final_20261009/inputs/sources.json,sha256:9a21de421e3756c1b6ddda3e8f31a527b5c3e23089a1d39de22d52de7d418241,4757,9a21de421e3756c1b6ddda3e8f31a527b5c3e23089a1d39de22d52de7d418241,d6b13929,PRESERVED_IN_COMPLETE_ARCHIVE
WL-REC-0041,WL-REC-0041,docs/history/owner-inputs/20261009/WORK-LAB_本对话最终任务包_20261009.zip,WORK-LAB_final_20261009/inputs/task_execution_map.csv,sha256:003cf59d5306466c4b7089bcbc51dde9c7a447de05aef488011b4c7bf576f30f,3356,003cf59d5306466c4b7089bcbc51dde9c7a447de05aef488011b4c7bf576f30f,47e8603c,PRESERVED_IN_COMPLETE_ARCHIVE
WL-REC-0041,WL-REC-0041,docs/history/owner-inputs/20261009/WORK-LAB_本对话最终任务包_20261009.zip,WORK-LAB_final_20261009/original_packets/WORK-LAB_三方协作对账与技术案例_20261009.zip,sha256:fdf4d08cfb96aa3b91de359c9dd5d4a6313e6d4b260124662814adc4bc7ddd98,42769,fdf4d08cfb96aa3b91de359c9dd5d4a6313e6d4b260124662814adc4bc7ddd98,95d59c88,PRESERVED_IN_COMPLETE_ARCHIVE
WL-REC-0041,WL-REC-0041,docs/history/owner-inputs/20261009/WORK-LAB_本对话最终任务包_20261009.zip,WORK-LAB_final_20261009/original_packets/WORK-LAB_三方协作对账与技术案例_20261009.zip ! MANIFEST.json,sha256:292d12092085444b15b77ec4134af5b24c4c9726302f91777228d18177219a25,3368,292d12092085444b15b77ec4134af5b24c4c9726302f91777228d18177219a25,83f2a15c,PRESERVED_IN_COMPLETE_ARCHIVE
WL-REC-0041,WL-REC-0041,docs/history/owner-inputs/20261009/WORK-LAB_本对话最终任务包_20261009.zip,WORK-LAB_final_20261009/original_packets/WORK-LAB_三方协作对账与技术案例_20261009.zip ! README.md,sha256:33684a1b07ab4dea47103cce059d4d7cca0386706d43aef77c915e00f3b2c8cd,2265,33684a1b07ab4dea47103cce059d4d7cca0386706d43aef77c915e00f3b2c8cd,f917b270,PRESERVED_IN_COMPLETE_ARCHIVE
WL-REC-0041,WL-REC-0041,docs/history/owner-inputs/20261009/WORK-LAB_本对话最终任务包_20261009.zip,WORK-LAB_final_20261009/original_packets/WORK-LAB_三方协作对账与技术案例_20261009.zip ! WORK-LAB_三方协作对账报告.md,sha256:78c4f77c7dfbc61cebd1a2a1e428e75228d3bf6df5740e2795866cd619193d97,11027,78c4f77c7dfbc61cebd1a2a1e428e75228d3bf6df5740e2795866cd619193d97,4d06f072,PRESERVED_IN_COMPLETE_ARCHIVE
WL-REC-0041,WL-REC-0041,docs/history/owner-inputs/20261009/WORK-LAB_本对话最终任务包_20261009.zip,WORK-LAB_final_20261009/original_packets/WORK-LAB_三方协作对账与技术案例_20261009.zip ! build_packet.py,sha256:544f220a33f95c2d272189c7569260204b94c0308d6bd9d8244543b8ab0cd893,18776,544f220a33f95c2d272189c7569260204b94c0308d6bd9d8244543b8ab0cd893,aa2ab11d,PRESERVED_IN_COMPLETE_ARCHIVE
WL-REC-0041,WL-REC-0041,docs/history/owner-inputs/20261009/WORK-LAB_本对话最终任务包_20261009.zip,WORK-LAB_final_20261009/original_packets/WORK-LAB_三方协作对账与技术案例_20261009.zip ! frozen_source/promotion_contract.py,sha256:97fb3567ebaa55bdf5eadd42b2231b96f80dcef3e87829cc536ea5114bea496e,3877,97fb3567ebaa55bdf5eadd42b2231b96f80dcef3e87829cc536ea5114bea496e,fefd1735,PRESERVED_IN_COMPLETE_ARCHIVE
WL-REC-0041,WL-REC-0041,docs/history/owner-inputs/20261009/WORK-LAB_本对话最终任务包_20261009.zip,WORK-LAB_final_20261009/original_packets/WORK-LAB_三方协作对账与技术案例_20261009.zip ! frozen_source/promotion_gate.py,sha256:75b6e3c2d95376bbcc13cf1743f67c3f9e6b55cfee3575ddee41643267eef423,8085,75b6e3c2d95376bbcc13cf1743f67c3f9e6b55cfee3575ddee41643267eef423,334314d3,PRESERVED_IN_COMPLETE_ARCHIVE
WL-REC-0041,WL-REC-0041,docs/history/owner-inputs/20261009/WORK-LAB_本对话最终任务包_20261009.zip,WORK-LAB_final_20261009/original_packets/WORK-LAB_三方协作对账与技术案例_20261009.zip ! frozen_source/result_return.py,sha256:6fafc6179bbf85cd60c773e1835dcf9903fc97844eed5d6130508c805634d7db,13881,6fafc6179bbf85cd60c773e1835dcf9903fc97844eed5d6130508c805634d7db,f040c49c,PRESERVED_IN_COMPLETE_ARCHIVE
WL-REC-0041,WL-REC-0041,docs/history/owner-inputs/20261009/WORK-LAB_本对话最终任务包_20261009.zip,WORK-LAB_final_20261009/original_packets/WORK-LAB_三方协作对账与技术案例_20261009.zip ! handoff-envelope.local.json,sha256:eacb0077ed3c653c75f2851db5112e6feb4de5a7f22ab988036ed70ea0ff822b,901,eacb0077ed3c653c75f2851db5112e6feb4de5a7f22ab988036ed70ea0ff822b,4e9b7a9c,PRESERVED_IN_COMPLETE_ARCHIVE
WL-REC-0041,WL-REC-0041,docs/history/owner-inputs/20261009/WORK-LAB_本对话最终任务包_20261009.zip,WORK-LAB_final_20261009/original_packets/WORK-LAB_三方协作对账与技术案例_20261009.zip ! knowledge-candidate.local.json,sha256:a5473099c2e94dee94b8a1bd877c51709a0249e8ba434e5d78c7a89c36638625,2581,a5473099c2e94dee94b8a1bd877c51709a0249e8ba434e5d78c7a89c36638625,710d3c28,PRESERVED_IN_COMPLETE_ARCHIVE
WL-REC-0041,WL-REC-0041,docs/history/owner-inputs/20261009/WORK-LAB_本对话最终任务包_20261009.zip,WORK-LAB_final_20261009/original_packets/WORK-LAB_三方协作对账与技术案例_20261009.zip ! proposed-result-serialization.patch,sha256:55a54fda572e52af98df54e8d99e6be16c41ce20eb34a6d10d50715d9e8f583a,466,55a54fda572e52af98df54e8d99e6be16c41ce20eb34a6d10d50715d9e8f583a,2e3ef412,PRESERVED_IN_COMPLETE_ARCHIVE
WL-REC-0041,WL-REC-0041,docs/history/owner-inputs/20261009/WORK-LAB_本对话最终任务包_20261009.zip,WORK-LAB_final_20261009/original_packets/WORK-LAB_三方协作对账与技术案例_20261009.zip ! run_local_audit.py,sha256:5d84c85bc76922cd3ac5aa1add41cb678bae767296ce2dfe0989086595cf5ac6,12247,5d84c85bc76922cd3ac5aa1add41cb678bae767296ce2dfe0989086595cf5ac6,e25604a5,PRESERVED_IN_COMPLETE_ARCHIVE
WL-REC-0041,WL-REC-0041,docs/history/owner-inputs/20261009/WORK-LAB_本对话最终任务包_20261009.zip,WORK-LAB_final_20261009/original_packets/WORK-LAB_三方协作对账与技术案例_20261009.zip ! runs/20261009T090500Z-e015ff95/S1-empty-artifact.json,sha256:e3b0c44298fc1c149afbf4c8996fb92427ae41e4649b934ca495991b7852b855,0,e3b0c44298fc1c149afbf4c8996fb92427ae41e4649b934ca495991b7852b855,00000000,PRESERVED_IN_COMPLETE_ARCHIVE
WL-REC-0041,WL-REC-0041,docs/history/owner-inputs/20261009/WORK-LAB_本对话最终任务包_20261009.zip,WORK-LAB_final_20261009/original_packets/WORK-LAB_三方协作对账与技术案例_20261009.zip ! runs/20261009T090500Z-e015ff95/S2-wrong-content.json,sha256:0b6a1afa611dcee62fd01d02da64c6bc21492a7b8698232025d07552294effcd,23,0b6a1afa611dcee62fd01d02da64c6bc21492a7b8698232025d07552294effcd,0e98c74c,PRESERVED_IN_COMPLETE_ARCHIVE
WL-REC-0041,WL-REC-0041,docs/history/owner-inputs/20261009/WORK-LAB_本对话最终任务包_20261009.zip,WORK-LAB_final_20261009/original_packets/WORK-LAB_三方协作对账与技术案例_20261009.zip ! runs/20261009T090500Z-e015ff95/S3-correct-content.json,sha256:0bea498d7162fc211d4a6466fd13aba4ed83e287df7f5f785b441fe73b050a05,23,0bea498d7162fc211d4a6466fd13aba4ed83e287df7f5f785b441fe73b050a05,25b5948f,PRESERVED_IN_COMPLETE_ARCHIVE
WL-REC-0041,WL-REC-0041,docs/history/owner-inputs/20261009/WORK-LAB_本对话最终任务包_20261009.zip,WORK-LAB_final_20261009/original_packets/WORK-LAB_三方协作对账与技术案例_20261009.zip ! runs/20261009T090500Z-e015ff95/audit-results.json,sha256:8f2f3bda79d63dc35ba3f10d287918ec97dd4ace30aca1aa0a79beff9968bd9f,9955,8f2f3bda79d63dc35ba3f10d287918ec97dd4ace30aca1aa0a79beff9968bd9f,bbdcf5de,PRESERVED_IN_COMPLETE_ARCHIVE
WL-REC-0041,WL-REC-0041,docs/history/owner-inputs/20261009/WORK-LAB_本对话最终任务包_20261009.zip,WORK-LAB_final_20261009/original_packets/WORK-LAB_三方协作对账与技术案例_20261009.zip ! runs/20261009T090618Z-63c5b8fe/S1-empty-artifact.json,sha256:e3b0c44298fc1c149afbf4c8996fb92427ae41e4649b934ca495991b7852b855,0,e3b0c44298fc1c149afbf4c8996fb92427ae41e4649b934ca495991b7852b855,00000000,PRESERVED_IN_COMPLETE_ARCHIVE
WL-REC-0041,WL-REC-0041,docs/history/owner-inputs/20261009/WORK-LAB_本对话最终任务包_20261009.zip,WORK-LAB_final_20261009/original_packets/WORK-LAB_三方协作对账与技术案例_20261009.zip ! runs/20261009T090618Z-63c5b8fe/S2-wrong-content.json,sha256:0b6a1afa611dcee62fd01d02da64c6bc21492a7b8698232025d07552294effcd,23,0b6a1afa611dcee62fd01d02da64c6bc21492a7b8698232025d07552294effcd,0e98c74c,PRESERVED_IN_COMPLETE_ARCHIVE
WL-REC-0041,WL-REC-0041,docs/history/owner-inputs/20261009/WORK-LAB_本对话最终任务包_20261009.zip,WORK-LAB_final_20261009/original_packets/WORK-LAB_三方协作对账与技术案例_20261009.zip ! runs/20261009T090618Z-63c5b8fe/S3-correct-content.json,sha256:0bea498d7162fc211d4a6466fd13aba4ed83e287df7f5f785b441fe73b050a05,23,0bea498d7162fc211d4a6466fd13aba4ed83e287df7f5f785b441fe73b050a05,25b5948f,PRESERVED_IN_COMPLETE_ARCHIVE
WL-REC-0041,WL-REC-0041,docs/history/owner-inputs/20261009/WORK-LAB_本对话最终任务包_20261009.zip,WORK-LAB_final_20261009/original_packets/WORK-LAB_三方协作对账与技术案例_20261009.zip ! runs/20261009T090618Z-63c5b8fe/audit-results.json,sha256:14a178270b9dfeacf592e52a2af9f238d5c4520a0e671146e96366fa60e3a330,10466,14a178270b9dfeacf592e52a2af9f238d5c4520a0e671146e96366fa60e3a330,2a8988a4,PRESERVED_IN_COMPLETE_ARCHIVE
WL-REC-0041,WL-REC-0041,docs/history/owner-inputs/20261009/WORK-LAB_本对话最终任务包_20261009.zip,WORK-LAB_final_20261009/original_packets/WORK-LAB_三方协作对账与技术案例_20261009.zip ! sources.json,sha256:0aad6716ed5adfcd2905efd46b66dc85bc305760259f55ddfcaedc71aaa19d03,3159,0aad6716ed5adfcd2905efd46b66dc85bc305760259f55ddfcaedc71aaa19d03,e8c6f6f4,PRESERVED_IN_COMPLETE_ARCHIVE
WL-REC-0041,WL-REC-0041,docs/history/owner-inputs/20261009/WORK-LAB_本对话最终任务包_20261009.zip,WORK-LAB_final_20261009/original_packets/WORK-LAB_前端权威与历史入口整理任务包_20261009.zip,sha256:d65ba550d7ad4f783ef6f82909d656526b1a3bc7849aa036fd46220df93cd615,24432,d65ba550d7ad4f783ef6f82909d656526b1a3bc7849aa036fd46220df93cd615,eebdbb3d,PRESERVED_IN_COMPLETE_ARCHIVE
WL-REC-0041,WL-REC-0041,docs/history/owner-inputs/20261009/WORK-LAB_本对话最终任务包_20261009.zip,WORK-LAB_final_20261009/original_packets/WORK-LAB_前端权威与历史入口整理任务包_20261009.zip ! MANIFEST.json,sha256:967845f8727bf2c8e56ce104337942599499b0275554afb9f917cf6dbb9debf4,1706,967845f8727bf2c8e56ce104337942599499b0275554afb9f917cf6dbb9debf4,405657b3,PRESERVED_IN_COMPLETE_ARCHIVE
WL-REC-0041,WL-REC-0041,docs/history/owner-inputs/20261009/WORK-LAB_本对话最终任务包_20261009.zip,WORK-LAB_final_20261009/original_packets/WORK-LAB_前端权威与历史入口整理任务包_20261009.zip ! README.md,sha256:5ff40cbeb0604178a5481ccb306b4f6bd3dfa9aa1d848a4b8adbac50c69ce548,2140,5ff40cbeb0604178a5481ccb306b4f6bd3dfa9aa1d848a4b8adbac50c69ce548,118c19a3,PRESERVED_IN_COMPLETE_ARCHIVE
WL-REC-0041,WL-REC-0041,docs/history/owner-inputs/20261009/WORK-LAB_本对话最终任务包_20261009.zip,WORK-LAB_final_20261009/original_packets/WORK-LAB_前端权威与历史入口整理任务包_20261009.zip ! WORK-LAB_前端与权威一致性整理方案.md,sha256:8f8e7fcd10dff2e9058804694a1f52d217e8d03317dbcee3fdd798bee5775b63,14084,8f8e7fcd10dff2e9058804694a1f52d217e8d03317dbcee3fdd798bee5775b63,69650e56,PRESERVED_IN_COMPLETE_ARCHIVE
WL-REC-0041,WL-REC-0041,docs/history/owner-inputs/20261009/WORK-LAB_本对话最终任务包_20261009.zip,WORK-LAB_final_20261009/original_packets/WORK-LAB_前端权威与历史入口整理任务包_20261009.zip ! conversation_decisions.json,sha256:ad0873bfa0fc669c5a1208fbd2d7786a50245d35b9ebfb52219fbfbc0dabf0d2,1788,ad0873bfa0fc669c5a1208fbd2d7786a50245d35b9ebfb52219fbfbc0dabf0d2,a67e5c07,PRESERVED_IN_COMPLETE_ARCHIVE
WL-REC-0041,WL-REC-0041,docs/history/owner-inputs/20261009/WORK-LAB_本对话最终任务包_20261009.zip,WORK-LAB_final_20261009/original_packets/WORK-LAB_前端权威与历史入口整理任务包_20261009.zip ! file_disposition_seed.csv,sha256:238cac2386c2d477991591309b0a2546823ca1b0d1c0eaf2a1e96b24a4277f71,8621,238cac2386c2d477991591309b0a2546823ca1b0d1c0eaf2a1e96b24a4277f71,10b719a1,PRESERVED_IN_COMPLETE_ARCHIVE
WL-REC-0041,WL-REC-0041,docs/history/owner-inputs/20261009/WORK-LAB_本对话最终任务包_20261009.zip,WORK-LAB_final_20261009/original_packets/WORK-LAB_前端权威与历史入口整理任务包_20261009.zip ! frontend_route_mapping.proposed.csv,sha256:8c6f92995ec324d89769b577d4ceb6ab9535cb665aae292b8331c97539f18658,2245,8c6f92995ec324d89769b577d4ceb6ab9535cb665aae292b8331c97539f18658,8719866e,PRESERVED_IN_COMPLETE_ARCHIVE
WL-REC-0041,WL-REC-0041,docs/history/owner-inputs/20261009/WORK-LAB_本对话最终任务包_20261009.zip,WORK-LAB_final_20261009/original_packets/WORK-LAB_前端权威与历史入口整理任务包_20261009.zip ! package_check.json,sha256:4c370f6c100f66962fc95105f0a83f0646c2c2a116eb307b563db55e1d40e299,359,4c370f6c100f66962fc95105f0a83f0646c2c2a116eb307b563db55e1d40e299,19c4a2ff,PRESERVED_IN_COMPLETE_ARCHIVE
WL-REC-0041,WL-REC-0041,docs/history/owner-inputs/20261009/WORK-LAB_本对话最终任务包_20261009.zip,WORK-LAB_final_20261009/original_packets/WORK-LAB_前端权威与历史入口整理任务包_20261009.zip ! prior_artifact_corrections.json,sha256:eb2ba41af8ad9c49514733073201c67abd8090b4ba0b7fbd2409414b48fde4af,1295,eb2ba41af8ad9c49514733073201c67abd8090b4ba0b7fbd2409414b48fde4af,0565ef58,PRESERVED_IN_COMPLETE_ARCHIVE
WL-REC-0041,WL-REC-0041,docs/history/owner-inputs/20261009/WORK-LAB_本对话最终任务包_20261009.zip,WORK-LAB_final_20261009/original_packets/WORK-LAB_前端权威与历史入口整理任务包_20261009.zip ! sources.json,sha256:9a21de421e3756c1b6ddda3e8f31a527b5c3e23089a1d39de22d52de7d418241,4757,9a21de421e3756c1b6ddda3e8f31a527b5c3e23089a1d39de22d52de7d418241,d6b13929,PRESERVED_IN_COMPLETE_ARCHIVE
WL-REC-0041,WL-REC-0041,docs/history/owner-inputs/20261009/WORK-LAB_本对话最终任务包_20261009.zip,WORK-LAB_final_20261009/original_packets/WORK-LAB_前端权威与历史入口整理任务包_20261009.zip ! 本地执行任务书.md,sha256:b1a1dd076f00b9459b6d9b1dfac70e1680ce58bc5718cb504bb73cf9aefa62b0,8489,b1a1dd076f00b9459b6d9b1dfac70e1680ce58bc5718cb504bb73cf9aefa62b0,eb33cde0,PRESERVED_IN_COMPLETE_ARCHIVE
WL-REC-0041,WL-REC-0041,docs/history/owner-inputs/20261009/WORK-LAB_本对话最终任务包_20261009.zip,WORK-LAB_final_20261009/original_packets/WORK-LAB_深度调研与收敛资料包_20261009.zip,sha256:2f6c4eb84643916a03838e89438738f2e76138558dab99d9f1b76fd3ef2c4964,24921,2f6c4eb84643916a03838e89438738f2e76138558dab99d9f1b76fd3ef2c4964,c4b46e52,PRESERVED_IN_COMPLETE_ARCHIVE
WL-REC-0041,WL-REC-0041,docs/history/owner-inputs/20261009/WORK-LAB_本对话最终任务包_20261009.zip,WORK-LAB_final_20261009/original_packets/WORK-LAB_深度调研与收敛资料包_20261009.zip ! MANIFEST.json,sha256:4f09aa4ea29ea8e5fe36d36797d98f33455b3ed62504bcf8efe9e3cba70367e2,1008,4f09aa4ea29ea8e5fe36d36797d98f33455b3ed62504bcf8efe9e3cba70367e2,cf9847e9,PRESERVED_IN_COMPLETE_ARCHIVE
WL-REC-0041,WL-REC-0041,docs/history/owner-inputs/20261009/WORK-LAB_本对话最终任务包_20261009.zip,WORK-LAB_final_20261009/original_packets/WORK-LAB_深度调研与收敛资料包_20261009.zip ! README.md,sha256:daf3e6a689080d2447e551c32b6ca32480b1f25679ad4d0c31a3b88fd7ff2cb9,613,daf3e6a689080d2447e551c32b6ca32480b1f25679ad4d0c31a3b88fd7ff2cb9,5d09c077,PRESERVED_IN_COMPLETE_ARCHIVE
WL-REC-0041,WL-REC-0041,docs/history/owner-inputs/20261009/WORK-LAB_本对话最终任务包_20261009.zip,WORK-LAB_final_20261009/original_packets/WORK-LAB_深度调研与收敛资料包_20261009.zip ! WORK-LAB_深度调研与收敛报告_20261009.md,sha256:19307cbaeaba84ac1dbce2e3c1eee2993d602c128f155ae7cb3ea202962e617d,32128,19307cbaeaba84ac1dbce2e3c1eee2993d602c128f155ae7cb3ea202962e617d,52b792dd,PRESERVED_IN_COMPLETE_ARCHIVE
WL-REC-0041,WL-REC-0041,docs/history/owner-inputs/20261009/WORK-LAB_本对话最终任务包_20261009.zip,WORK-LAB_final_20261009/original_packets/WORK-LAB_深度调研与收敛资料包_20261009.zip ! acceptance_cases.md,sha256:acd61b075a9ea272c0e443a961e8834b6d7151b1cb41325e6278c964485e4d4c,5090,acd61b075a9ea272c0e443a961e8834b6d7151b1cb41325e6278c964485e4d4c,6730f139,PRESERVED_IN_COMPLETE_ARCHIVE
WL-REC-0041,WL-REC-0041,docs/history/owner-inputs/20261009/WORK-LAB_本对话最终任务包_20261009.zip,WORK-LAB_final_20261009/original_packets/WORK-LAB_深度调研与收敛资料包_20261009.zip ! reproduce_usage_quality.py,sha256:efa37f3fbd09e26faf0b1abd1fbbb52cd4b19dcdb2759c11e33968cc0e4e664b,2982,efa37f3fbd09e26faf0b1abd1fbbb52cd4b19dcdb2759c11e33968cc0e4e664b,44828aaf,PRESERVED_IN_COMPLETE_ARCHIVE
WL-REC-0041,WL-REC-0041,docs/history/owner-inputs/20261009/WORK-LAB_本对话最终任务包_20261009.zip,WORK-LAB_final_20261009/original_packets/WORK-LAB_深度调研与收敛资料包_20261009.zip ! research_sources.json,sha256:bac87ac106d5cfa374569d11d7d381348786ac3c67385a5860fcf8dd2f437eea,9637,bac87ac106d5cfa374569d11d7d381348786ac3c67385a5860fcf8dd2f437eea,d621d706,PRESERVED_IN_COMPLETE_ARCHIVE
WL-REC-0041,WL-REC-0041,docs/history/owner-inputs/20261009/WORK-LAB_本对话最终任务包_20261009.zip,WORK-LAB_final_20261009/original_packets/WORK-LAB_深度调研与收敛资料包_20261009.zip ! usage_quality_reproduction.json,sha256:6f1230204d4eace7351e294839db2585c76b67aaf13f5ac655c9064f7e1629a8,1359,6f1230204d4eace7351e294839db2585c76b67aaf13f5ac655c9064f7e1629a8,ab0e622e,PRESERVED_IN_COMPLETE_ARCHIVE
WL-REC-0041,WL-REC-0041,docs/history/owner-inputs/20261009/WORK-LAB_本对话最终任务包_20261009.zip,WORK-LAB_final_20261009/source_packets/alignment/MANIFEST.json,sha256:967845f8727bf2c8e56ce104337942599499b0275554afb9f917cf6dbb9debf4,1706,967845f8727bf2c8e56ce104337942599499b0275554afb9f917cf6dbb9debf4,405657b3,PRESERVED_IN_COMPLETE_ARCHIVE
WL-REC-0041,WL-REC-0041,docs/history/owner-inputs/20261009/WORK-LAB_本对话最终任务包_20261009.zip,WORK-LAB_final_20261009/source_packets/alignment/README.md,sha256:5ff40cbeb0604178a5481ccb306b4f6bd3dfa9aa1d848a4b8adbac50c69ce548,2140,5ff40cbeb0604178a5481ccb306b4f6bd3dfa9aa1d848a4b8adbac50c69ce548,118c19a3,PRESERVED_IN_COMPLETE_ARCHIVE
WL-REC-0041,WL-REC-0041,docs/history/owner-inputs/20261009/WORK-LAB_本对话最终任务包_20261009.zip,WORK-LAB_final_20261009/source_packets/alignment/WORK-LAB_前端与权威一致性整理方案.md,sha256:8f8e7fcd10dff2e9058804694a1f52d217e8d03317dbcee3fdd798bee5775b63,14084,8f8e7fcd10dff2e9058804694a1f52d217e8d03317dbcee3fdd798bee5775b63,69650e56,PRESERVED_IN_COMPLETE_ARCHIVE
WL-REC-0041,WL-REC-0041,docs/history/owner-inputs/20261009/WORK-LAB_本对话最终任务包_20261009.zip,WORK-LAB_final_20261009/source_packets/alignment/conversation_decisions.json,sha256:ad0873bfa0fc669c5a1208fbd2d7786a50245d35b9ebfb52219fbfbc0dabf0d2,1788,ad0873bfa0fc669c5a1208fbd2d7786a50245d35b9ebfb52219fbfbc0dabf0d2,a67e5c07,PRESERVED_IN_COMPLETE_ARCHIVE
WL-REC-0041,WL-REC-0041,docs/history/owner-inputs/20261009/WORK-LAB_本对话最终任务包_20261009.zip,WORK-LAB_final_20261009/source_packets/alignment/file_disposition_seed.csv,sha256:238cac2386c2d477991591309b0a2546823ca1b0d1c0eaf2a1e96b24a4277f71,8621,238cac2386c2d477991591309b0a2546823ca1b0d1c0eaf2a1e96b24a4277f71,10b719a1,PRESERVED_IN_COMPLETE_ARCHIVE
WL-REC-0041,WL-REC-0041,docs/history/owner-inputs/20261009/WORK-LAB_本对话最终任务包_20261009.zip,WORK-LAB_final_20261009/source_packets/alignment/frontend_route_mapping.proposed.csv,sha256:8c6f92995ec324d89769b577d4ceb6ab9535cb665aae292b8331c97539f18658,2245,8c6f92995ec324d89769b577d4ceb6ab9535cb665aae292b8331c97539f18658,8719866e,PRESERVED_IN_COMPLETE_ARCHIVE
WL-REC-0041,WL-REC-0041,docs/history/owner-inputs/20261009/WORK-LAB_本对话最终任务包_20261009.zip,WORK-LAB_final_20261009/source_packets/alignment/package_check.json,sha256:4c370f6c100f66962fc95105f0a83f0646c2c2a116eb307b563db55e1d40e299,359,4c370f6c100f66962fc95105f0a83f0646c2c2a116eb307b563db55e1d40e299,19c4a2ff,PRESERVED_IN_COMPLETE_ARCHIVE
WL-REC-0041,WL-REC-0041,docs/history/owner-inputs/20261009/WORK-LAB_本对话最终任务包_20261009.zip,WORK-LAB_final_20261009/source_packets/alignment/prior_artifact_corrections.json,sha256:eb2ba41af8ad9c49514733073201c67abd8090b4ba0b7fbd2409414b48fde4af,1295,eb2ba41af8ad9c49514733073201c67abd8090b4ba0b7fbd2409414b48fde4af,0565ef58,PRESERVED_IN_COMPLETE_ARCHIVE
WL-REC-0041,WL-REC-0041,docs/history/owner-inputs/20261009/WORK-LAB_本对话最终任务包_20261009.zip,WORK-LAB_final_20261009/source_packets/alignment/sources.json,sha256:9a21de421e3756c1b6ddda3e8f31a527b5c3e23089a1d39de22d52de7d418241,4757,9a21de421e3756c1b6ddda3e8f31a527b5c3e23089a1d39de22d52de7d418241,d6b13929,PRESERVED_IN_COMPLETE_ARCHIVE
WL-REC-0041,WL-REC-0041,docs/history/owner-inputs/20261009/WORK-LAB_本对话最终任务包_20261009.zip,WORK-LAB_final_20261009/source_packets/alignment/本地执行任务书.md,sha256:b1a1dd076f00b9459b6d9b1dfac70e1680ce58bc5718cb504bb73cf9aefa62b0,8489,b1a1dd076f00b9459b6d9b1dfac70e1680ce58bc5718cb504bb73cf9aefa62b0,eb33cde0,PRESERVED_IN_COMPLETE_ARCHIVE
WL-REC-0041,WL-REC-0041,docs/history/owner-inputs/20261009/WORK-LAB_本对话最终任务包_20261009.zip,WORK-LAB_final_20261009/source_packets/collaboration/MANIFEST.json,sha256:292d12092085444b15b77ec4134af5b24c4c9726302f91777228d18177219a25,3368,292d12092085444b15b77ec4134af5b24c4c9726302f91777228d18177219a25,83f2a15c,PRESERVED_IN_COMPLETE_ARCHIVE
WL-REC-0041,WL-REC-0041,docs/history/owner-inputs/20261009/WORK-LAB_本对话最终任务包_20261009.zip,WORK-LAB_final_20261009/source_packets/collaboration/README.md,sha256:33684a1b07ab4dea47103cce059d4d7cca0386706d43aef77c915e00f3b2c8cd,2265,33684a1b07ab4dea47103cce059d4d7cca0386706d43aef77c915e00f3b2c8cd,f917b270,PRESERVED_IN_COMPLETE_ARCHIVE
WL-REC-0041,WL-REC-0041,docs/history/owner-inputs/20261009/WORK-LAB_本对话最终任务包_20261009.zip,WORK-LAB_final_20261009/source_packets/collaboration/WORK-LAB_三方协作对账报告.md,sha256:78c4f77c7dfbc61cebd1a2a1e428e75228d3bf6df5740e2795866cd619193d97,11027,78c4f77c7dfbc61cebd1a2a1e428e75228d3bf6df5740e2795866cd619193d97,4d06f072,PRESERVED_IN_COMPLETE_ARCHIVE
WL-REC-0041,WL-REC-0041,docs/history/owner-inputs/20261009/WORK-LAB_本对话最终任务包_20261009.zip,WORK-LAB_final_20261009/source_packets/collaboration/build_packet.py,sha256:544f220a33f95c2d272189c7569260204b94c0308d6bd9d8244543b8ab0cd893,18776,544f220a33f95c2d272189c7569260204b94c0308d6bd9d8244543b8ab0cd893,aa2ab11d,PRESERVED_IN_COMPLETE_ARCHIVE
WL-REC-0041,WL-REC-0041,docs/history/owner-inputs/20261009/WORK-LAB_本对话最终任务包_20261009.zip,WORK-LAB_final_20261009/source_packets/collaboration/frozen_source/promotion_contract.py,sha256:97fb3567ebaa55bdf5eadd42b2231b96f80dcef3e87829cc536ea5114bea496e,3877,97fb3567ebaa55bdf5eadd42b2231b96f80dcef3e87829cc536ea5114bea496e,fefd1735,PRESERVED_IN_COMPLETE_ARCHIVE
WL-REC-0041,WL-REC-0041,docs/history/owner-inputs/20261009/WORK-LAB_本对话最终任务包_20261009.zip,WORK-LAB_final_20261009/source_packets/collaboration/frozen_source/promotion_gate.py,sha256:75b6e3c2d95376bbcc13cf1743f67c3f9e6b55cfee3575ddee41643267eef423,8085,75b6e3c2d95376bbcc13cf1743f67c3f9e6b55cfee3575ddee41643267eef423,334314d3,PRESERVED_IN_COMPLETE_ARCHIVE
WL-REC-0041,WL-REC-0041,docs/history/owner-inputs/20261009/WORK-LAB_本对话最终任务包_20261009.zip,WORK-LAB_final_20261009/source_packets/collaboration/frozen_source/result_return.py,sha256:6fafc6179bbf85cd60c773e1835dcf9903fc97844eed5d6130508c805634d7db,13881,6fafc6179bbf85cd60c773e1835dcf9903fc97844eed5d6130508c805634d7db,f040c49c,PRESERVED_IN_COMPLETE_ARCHIVE
WL-REC-0041,WL-REC-0041,docs/history/owner-inputs/20261009/WORK-LAB_本对话最终任务包_20261009.zip,WORK-LAB_final_20261009/source_packets/collaboration/handoff-envelope.local.json,sha256:eacb0077ed3c653c75f2851db5112e6feb4de5a7f22ab988036ed70ea0ff822b,901,eacb0077ed3c653c75f2851db5112e6feb4de5a7f22ab988036ed70ea0ff822b,4e9b7a9c,PRESERVED_IN_COMPLETE_ARCHIVE
WL-REC-0041,WL-REC-0041,docs/history/owner-inputs/20261009/WORK-LAB_本对话最终任务包_20261009.zip,WORK-LAB_final_20261009/source_packets/collaboration/knowledge-candidate.local.json,sha256:a5473099c2e94dee94b8a1bd877c51709a0249e8ba434e5d78c7a89c36638625,2581,a5473099c2e94dee94b8a1bd877c51709a0249e8ba434e5d78c7a89c36638625,710d3c28,PRESERVED_IN_COMPLETE_ARCHIVE
WL-REC-0041,WL-REC-0041,docs/history/owner-inputs/20261009/WORK-LAB_本对话最终任务包_20261009.zip,WORK-LAB_final_20261009/source_packets/collaboration/proposed-result-serialization.patch,sha256:55a54fda572e52af98df54e8d99e6be16c41ce20eb34a6d10d50715d9e8f583a,466,55a54fda572e52af98df54e8d99e6be16c41ce20eb34a6d10d50715d9e8f583a,2e3ef412,PRESERVED_IN_COMPLETE_ARCHIVE
WL-REC-0041,WL-REC-0041,docs/history/owner-inputs/20261009/WORK-LAB_本对话最终任务包_20261009.zip,WORK-LAB_final_20261009/source_packets/collaboration/run_local_audit.py,sha256:5d84c85bc76922cd3ac5aa1add41cb678bae767296ce2dfe0989086595cf5ac6,12247,5d84c85bc76922cd3ac5aa1add41cb678bae767296ce2dfe0989086595cf5ac6,e25604a5,PRESERVED_IN_COMPLETE_ARCHIVE
WL-REC-0041,WL-REC-0041,docs/history/owner-inputs/20261009/WORK-LAB_本对话最终任务包_20261009.zip,WORK-LAB_final_20261009/source_packets/collaboration/runs/20261009T090500Z-e015ff95/S1-empty-artifact.json,sha256:e3b0c44298fc1c149afbf4c8996fb92427ae41e4649b934ca495991b7852b855,0,e3b0c44298fc1c149afbf4c8996fb92427ae41e4649b934ca495991b7852b855,00000000,PRESERVED_IN_COMPLETE_ARCHIVE
WL-REC-0041,WL-REC-0041,docs/history/owner-inputs/20261009/WORK-LAB_本对话最终任务包_20261009.zip,WORK-LAB_final_20261009/source_packets/collaboration/runs/20261009T090500Z-e015ff95/S2-wrong-content.json,sha256:0b6a1afa611dcee62fd01d02da64c6bc21492a7b8698232025d07552294effcd,23,0b6a1afa611dcee62fd01d02da64c6bc21492a7b8698232025d07552294effcd,0e98c74c,PRESERVED_IN_COMPLETE_ARCHIVE
WL-REC-0041,WL-REC-0041,docs/history/owner-inputs/20261009/WORK-LAB_本对话最终任务包_20261009.zip,WORK-LAB_final_20261009/source_packets/collaboration/runs/20261009T090500Z-e015ff95/S3-correct-content.json,sha256:0bea498d7162fc211d4a6466fd13aba4ed83e287df7f5f785b441fe73b050a05,23,0bea498d7162fc211d4a6466fd13aba4ed83e287df7f5f785b441fe73b050a05,25b5948f,PRESERVED_IN_COMPLETE_ARCHIVE
WL-REC-0041,WL-REC-0041,docs/history/owner-inputs/20261009/WORK-LAB_本对话最终任务包_20261009.zip,WORK-LAB_final_20261009/source_packets/collaboration/runs/20261009T090500Z-e015ff95/audit-results.json,sha256:8f2f3bda79d63dc35ba3f10d287918ec97dd4ace30aca1aa0a79beff9968bd9f,9955,8f2f3bda79d63dc35ba3f10d287918ec97dd4ace30aca1aa0a79beff9968bd9f,bbdcf5de,PRESERVED_IN_COMPLETE_ARCHIVE
WL-REC-0041,WL-REC-0041,docs/history/owner-inputs/20261009/WORK-LAB_本对话最终任务包_20261009.zip,WORK-LAB_final_20261009/source_packets/collaboration/runs/20261009T090618Z-63c5b8fe/S1-empty-artifact.json,sha256:e3b0c44298fc1c149afbf4c8996fb92427ae41e4649b934ca495991b7852b855,0,e3b0c44298fc1c149afbf4c8996fb92427ae41e4649b934ca495991b7852b855,00000000,PRESERVED_IN_COMPLETE_ARCHIVE
WL-REC-0041,WL-REC-0041,docs/history/owner-inputs/20261009/WORK-LAB_本对话最终任务包_20261009.zip,WORK-LAB_final_20261009/source_packets/collaboration/runs/20261009T090618Z-63c5b8fe/S2-wrong-content.json,sha256:0b6a1afa611dcee62fd01d02da64c6bc21492a7b8698232025d07552294effcd,23,0b6a1afa611dcee62fd01d02da64c6bc21492a7b8698232025d07552294effcd,0e98c74c,PRESERVED_IN_COMPLETE_ARCHIVE
WL-REC-0041,WL-REC-0041,docs/history/owner-inputs/20261009/WORK-LAB_本对话最终任务包_20261009.zip,WORK-LAB_final_20261009/source_packets/collaboration/runs/20261009T090618Z-63c5b8fe/S3-correct-content.json,sha256:0bea498d7162fc211d4a6466fd13aba4ed83e287df7f5f785b441fe73b050a05,23,0bea498d7162fc211d4a6466fd13aba4ed83e287df7f5f785b441fe73b050a05,25b5948f,PRESERVED_IN_COMPLETE_ARCHIVE
WL-REC-0041,WL-REC-0041,docs/history/owner-inputs/20261009/WORK-LAB_本对话最终任务包_20261009.zip,WORK-LAB_final_20261009/source_packets/collaboration/runs/20261009T090618Z-63c5b8fe/audit-results.json,sha256:14a178270b9dfeacf592e52a2af9f238d5c4520a0e671146e96366fa60e3a330,10466,14a178270b9dfeacf592e52a2af9f238d5c4520a0e671146e96366fa60e3a330,2a8988a4,PRESERVED_IN_COMPLETE_ARCHIVE
WL-REC-0041,WL-REC-0041,docs/history/owner-inputs/20261009/WORK-LAB_本对话最终任务包_20261009.zip,WORK-LAB_final_20261009/source_packets/collaboration/sources.json,sha256:0aad6716ed5adfcd2905efd46b66dc85bc305760259f55ddfcaedc71aaa19d03,3159,0aad6716ed5adfcd2905efd46b66dc85bc305760259f55ddfcaedc71aaa19d03,e8c6f6f4,PRESERVED_IN_COMPLETE_ARCHIVE
WL-REC-0041,WL-REC-0041,docs/history/owner-inputs/20261009/WORK-LAB_本对话最终任务包_20261009.zip,WORK-LAB_final_20261009/source_packets/research/MANIFEST.json,sha256:4f09aa4ea29ea8e5fe36d36797d98f33455b3ed62504bcf8efe9e3cba70367e2,1008,4f09aa4ea29ea8e5fe36d36797d98f33455b3ed62504bcf8efe9e3cba70367e2,cf9847e9,PRESERVED_IN_COMPLETE_ARCHIVE
WL-REC-0041,WL-REC-0041,docs/history/owner-inputs/20261009/WORK-LAB_本对话最终任务包_20261009.zip,WORK-LAB_final_20261009/source_packets/research/README.md,sha256:daf3e6a689080d2447e551c32b6ca32480b1f25679ad4d0c31a3b88fd7ff2cb9,613,daf3e6a689080d2447e551c32b6ca32480b1f25679ad4d0c31a3b88fd7ff2cb9,5d09c077,PRESERVED_IN_COMPLETE_ARCHIVE
WL-REC-0041,WL-REC-0041,docs/history/owner-inputs/20261009/WORK-LAB_本对话最终任务包_20261009.zip,WORK-LAB_final_20261009/source_packets/research/WORK-LAB_深度调研与收敛报告_20261009.md,sha256:19307cbaeaba84ac1dbce2e3c1eee2993d602c128f155ae7cb3ea202962e617d,32128,19307cbaeaba84ac1dbce2e3c1eee2993d602c128f155ae7cb3ea202962e617d,52b792dd,PRESERVED_IN_COMPLETE_ARCHIVE
WL-REC-0041,WL-REC-0041,docs/history/owner-inputs/20261009/WORK-LAB_本对话最终任务包_20261009.zip,WORK-LAB_final_20261009/source_packets/research/acceptance_cases.md,sha256:acd61b075a9ea272c0e443a961e8834b6d7151b1cb41325e6278c964485e4d4c,5090,acd61b075a9ea272c0e443a961e8834b6d7151b1cb41325e6278c964485e4d4c,6730f139,PRESERVED_IN_COMPLETE_ARCHIVE
WL-REC-0041,WL-REC-0041,docs/history/owner-inputs/20261009/WORK-LAB_本对话最终任务包_20261009.zip,WORK-LAB_final_20261009/source_packets/research/reproduce_usage_quality.py,sha256:efa37f3fbd09e26faf0b1abd1fbbb52cd4b19dcdb2759c11e33968cc0e4e664b,2982,efa37f3fbd09e26faf0b1abd1fbbb52cd4b19dcdb2759c11e33968cc0e4e664b,44828aaf,PRESERVED_IN_COMPLETE_ARCHIVE
WL-REC-0041,WL-REC-0041,docs/history/owner-inputs/20261009/WORK-LAB_本对话最终任务包_20261009.zip,WORK-LAB_final_20261009/source_packets/research/research_sources.json,sha256:bac87ac106d5cfa374569d11d7d381348786ac3c67385a5860fcf8dd2f437eea,9637,bac87ac106d5cfa374569d11d7d381348786ac3c67385a5860fcf8dd2f437eea,d621d706,PRESERVED_IN_COMPLETE_ARCHIVE
WL-REC-0041,WL-REC-0041,docs/history/owner-inputs/20261009/WORK-LAB_本对话最终任务包_20261009.zip,WORK-LAB_final_20261009/source_packets/research/usage_quality_reproduction.json,sha256:6f1230204d4eace7351e294839db2585c76b67aaf13f5ac655c9064f7e1629a8,1359,6f1230204d4eace7351e294839db2585c76b67aaf13f5ac655c9064f7e1629a8,ab0e622e,PRESERVED_IN_COMPLETE_ARCHIVE
WL-REC-0041,WL-REC-0041,docs/history/owner-inputs/20261009/WORK-LAB_本对话最终任务包_20261009.zip,WORK-LAB_final_20261009/verification/collaboration_replay_stdout.json,sha256:5fbf205d95addf4f2d3d46bebf648750e9d19e15f0a78ae2593a2f3a2edd7c8a,251,5fbf205d95addf4f2d3d46bebf648750e9d19e15f0a78ae2593a2f3a2edd7c8a,4f639bca,PRESERVED_IN_COMPLETE_ARCHIVE
WL-REC-0041,WL-REC-0041,docs/history/owner-inputs/20261009/WORK-LAB_本对话最终任务包_20261009.zip,WORK-LAB_final_20261009/verification/frozen_replay/frozen_source/promotion_contract.py,sha256:97fb3567ebaa55bdf5eadd42b2231b96f80dcef3e87829cc536ea5114bea496e,3877,97fb3567ebaa55bdf5eadd42b2231b96f80dcef3e87829cc536ea5114bea496e,fefd1735,PRESERVED_IN_COMPLETE_ARCHIVE
WL-REC-0041,WL-REC-0041,docs/history/owner-inputs/20261009/WORK-LAB_本对话最终任务包_20261009.zip,WORK-LAB_final_20261009/verification/frozen_replay/frozen_source/promotion_gate.py,sha256:75b6e3c2d95376bbcc13cf1743f67c3f9e6b55cfee3575ddee41643267eef423,8085,75b6e3c2d95376bbcc13cf1743f67c3f9e6b55cfee3575ddee41643267eef423,334314d3,PRESERVED_IN_COMPLETE_ARCHIVE
WL-REC-0041,WL-REC-0041,docs/history/owner-inputs/20261009/WORK-LAB_本对话最终任务包_20261009.zip,WORK-LAB_final_20261009/verification/frozen_replay/frozen_source/result_return.py,sha256:6fafc6179bbf85cd60c773e1835dcf9903fc97844eed5d6130508c805634d7db,13881,6fafc6179bbf85cd60c773e1835dcf9903fc97844eed5d6130508c805634d7db,f040c49c,PRESERVED_IN_COMPLETE_ARCHIVE
WL-REC-0041,WL-REC-0041,docs/history/owner-inputs/20261009/WORK-LAB_本对话最终任务包_20261009.zip,WORK-LAB_final_20261009/verification/frozen_replay/run_local_audit.py,sha256:5d84c85bc76922cd3ac5aa1add41cb678bae767296ce2dfe0989086595cf5ac6,12247,5d84c85bc76922cd3ac5aa1add41cb678bae767296ce2dfe0989086595cf5ac6,e25604a5,PRESERVED_IN_COMPLETE_ARCHIVE
WL-REC-0041,WL-REC-0041,docs/history/owner-inputs/20261009/WORK-LAB_本对话最终任务包_20261009.zip,WORK-LAB_final_20261009/verification/frozen_replay/runs/20261009T094413Z-29fe0030/S1-empty-artifact.json,sha256:e3b0c44298fc1c149afbf4c8996fb92427ae41e4649b934ca495991b7852b855,0,e3b0c44298fc1c149afbf4c8996fb92427ae41e4649b934ca495991b7852b855,00000000,PRESERVED_IN_COMPLETE_ARCHIVE
WL-REC-0041,WL-REC-0041,docs/history/owner-inputs/20261009/WORK-LAB_本对话最终任务包_20261009.zip,WORK-LAB_final_20261009/verification/frozen_replay/runs/20261009T094413Z-29fe0030/S2-wrong-content.json,sha256:0b6a1afa611dcee62fd01d02da64c6bc21492a7b8698232025d07552294effcd,23,0b6a1afa611dcee62fd01d02da64c6bc21492a7b8698232025d07552294effcd,0e98c74c,PRESERVED_IN_COMPLETE_ARCHIVE
WL-REC-0041,WL-REC-0041,docs/history/owner-inputs/20261009/WORK-LAB_本对话最终任务包_20261009.zip,WORK-LAB_final_20261009/verification/frozen_replay/runs/20261009T094413Z-29fe0030/S3-correct-content.json,sha256:0bea498d7162fc211d4a6466fd13aba4ed83e287df7f5f785b441fe73b050a05,23,0bea498d7162fc211d4a6466fd13aba4ed83e287df7f5f785b441fe73b050a05,25b5948f,PRESERVED_IN_COMPLETE_ARCHIVE
WL-REC-0041,WL-REC-0041,docs/history/owner-inputs/20261009/WORK-LAB_本对话最终任务包_20261009.zip,WORK-LAB_final_20261009/verification/frozen_replay/runs/20261009T094413Z-29fe0030/audit-results.json,sha256:aad5b0de8dfe9938e387cef0e7905904217e8bf03865eff27645bb4397af9afe,10467,aad5b0de8dfe9938e387cef0e7905904217e8bf03865eff27645bb4397af9afe,3063e152,PRESERVED_IN_COMPLETE_ARCHIVE
WL-REC-0041,WL-REC-0041,docs/history/owner-inputs/20261009/WORK-LAB_本对话最终任务包_20261009.zip,WORK-LAB_final_20261009/verification/package_validation.json,sha256:ebb75247c9ae5035abee1427068cd178912baa6e5e73cfe2bed685341064a416,1273,ebb75247c9ae5035abee1427068cd178912baa6e5e73cfe2bed685341064a416,53fb516d,PRESERVED_IN_COMPLETE_ARCHIVE
WL-REC-0041,WL-REC-0041,docs/history/owner-inputs/20261009/WORK-LAB_本对话最终任务包_20261009.zip,WORK-LAB_final_20261009/verification/replay_commands.json,sha256:2608b1ab8fca2fc76a8df3c8f88212a846eab4f8c80fc6c5619c923953beda36,1028,2608b1ab8fca2fc76a8df3c8f88212a846eab4f8c80fc6c5619c923953beda36,e4d614da,PRESERVED_IN_COMPLETE_ARCHIVE
WL-REC-0041,WL-REC-0041,docs/history/owner-inputs/20261009/WORK-LAB_本对话最终任务包_20261009.zip,WORK-LAB_final_20261009/verification/usage_quality_replay.json,sha256:6f1230204d4eace7351e294839db2585c76b67aaf13f5ac655c9064f7e1629a8,1359,6f1230204d4eace7351e294839db2585c76b67aaf13f5ac655c9064f7e1629a8,ab0e622e,PRESERVED_IN_COMPLETE_ARCHIVE
WL-REC-0002,WL-REC-0002,docs/history/owner-inputs/record-20261009/WORK-LAB-HISTORICAL-RECORDS-20261009.zip,originals/01_审计报告与三项目融入建议.md,sha256:d8249b7a4c90b549c3a5f79da7f46dcb2d9d0bbb464036ac1716cdceb41c4da3,18567,d8249b7a4c90b549c3a5f79da7f46dcb2d9d0bbb464036ac1716cdceb41c4da3,f2a86423,PRESERVED_IN_COMPLETE_ARCHIVE
WL-REC-0004,WL-REC-0004,docs/history/owner-inputs/record-20261009/WORK-LAB-HISTORICAL-RECORDS-20261009.zip,originals/01_汇总报告.html,sha256:b53830704a7f045d8e7e68fada28269a3c284cea4f378ef924876e38c13072d6,22181,b53830704a7f045d8e7e68fada28269a3c284cea4f378ef924876e38c13072d6,3a5ef3fa,PRESERVED_IN_COMPLETE_ARCHIVE
WL-REC-0007,WL-REC-0007,docs/history/owner-inputs/record-20261009/WORK-LAB-HISTORICAL-RECORDS-20261009.zip,originals/03_价格与额度工作簿.xlsx,sha256:42528b02714eab50a1f31a7e7f6ae4b03132fe560b885b1bd4da4f5f6b9c42c3,46283,42528b02714eab50a1f31a7e7f6ae4b03132fe560b885b1bd4da4f5f6b9c42c3,7c4f85cb,PRESERVED_IN_COMPLETE_ARCHIVE
WL-REC-0008,WL-REC-0008,docs/history/owner-inputs/record-20261009/WORK-LAB-HISTORICAL-RECORDS-20261009.zip,originals/05_附件完整性与工作簿审计.json,sha256:67dfe3fb9f5f1ecfd78bbb0d41aba784da1bbd32b547463b8fed186d8d46accd,4508,67dfe3fb9f5f1ecfd78bbb0d41aba784da1bbd32b547463b8fed186d8d46accd,828ea35d,PRESERVED_IN_COMPLETE_ARCHIVE
WL-REC-0016,WL-REC-0016,docs/history/owner-inputs/record-20261009/WORK-LAB-HISTORICAL-RECORDS-20261009.zip,originals/DT_ALEX_STUDIOS_10_CASE_PORTFOLIO_COMPLETE_20261007 (1)/README.md,sha256:5bf61c18f75178e524744fa2a45a8a879bcd66a67f03ad58c94a5fa1d19addbb,1678,5bf61c18f75178e524744fa2a45a8a879bcd66a67f03ad58c94a5fa1d19addbb,de6e2ae4,PRESERVED_IN_COMPLETE_ARCHIVE
WL-REC-0010,WL-REC-0010,docs/history/owner-inputs/record-20261009/WORK-LAB-HISTORICAL-RECORDS-20261009.zip,originals/DT_ALEX_STUDIOS_10_CASE_PORTFOLIO_COMPLETE_20261007 (1)/app.js,sha256:ca4ce978b30c2358c19871917eec3ae41b39961067f5bdb393f51b57acd17c8e,26281,ca4ce978b30c2358c19871917eec3ae41b39961067f5bdb393f51b57acd17c8e,e3e4de1b,PRESERVED_IN_COMPLETE_ARCHIVE
WL-REC-0011,WL-REC-0011,docs/history/owner-inputs/record-20261009/WORK-LAB-HISTORICAL-RECORDS-20261009.zip,originals/DT_ALEX_STUDIOS_10_CASE_PORTFOLIO_COMPLETE_20261007 (1)/index.html,sha256:94369b4bdc10db195af9a5b6f0c702fc9b72cf142be09fea1fbc1b08b3dd1409,822,94369b4bdc10db195af9a5b6f0c702fc9b72cf142be09fea1fbc1b08b3dd1409,77704557,PRESERVED_IN_COMPLETE_ARCHIVE
WL-REC-0017,WL-REC-0017,docs/history/owner-inputs/record-20261009/WORK-LAB-HISTORICAL-RECORDS-20261009.zip,originals/DT_ALEX_STUDIOS_10_CASE_PORTFOLIO_COMPLETE_20261007 (1)/reports/ASSET_PROMPTS.md,sha256:59780e306c9256be640f279a3ec8ff7e8f5fc47ecfb792c5d334b5054201c76e,2676,59780e306c9256be640f279a3ec8ff7e8f5fc47ecfb792c5d334b5054201c76e,82c2d999,PRESERVED_IN_COMPLETE_ARCHIVE
WL-REC-0018,WL-REC-0018,docs/history/owner-inputs/record-20261009/WORK-LAB-HISTORICAL-RECORDS-20261009.zip,originals/DT_ALEX_STUDIOS_10_CASE_PORTFOLIO_COMPLETE_20261007 (1)/reports/CASE_COPY.md,sha256:d5ea707b9c0185071a8bb013bac1caababe6f1fe79b790a4e1e2df7cefcf6eef,10388,d5ea707b9c0185071a8bb013bac1caababe6f1fe79b790a4e1e2df7cefcf6eef,11f999bb,PRESERVED_IN_COMPLETE_ARCHIVE
WL-REC-0019,WL-REC-0019,docs/history/owner-inputs/record-20261009/WORK-LAB-HISTORICAL-RECORDS-20261009.zip,originals/DT_ALEX_STUDIOS_10_CASE_PORTFOLIO_COMPLETE_20261007 (1)/reports/QA.md,sha256:5c17d2d6b35d975cdb19d6c2f75fef5fef580d660b0b3da536deadc348bdc79f,947,5c17d2d6b35d975cdb19d6c2f75fef5fef580d660b0b3da536deadc348bdc79f,e3a3977c,PRESERVED_IN_COMPLETE_ARCHIVE
WL-REC-0020,WL-REC-0020,docs/history/owner-inputs/record-20261009/WORK-LAB-HISTORICAL-RECORDS-20261009.zip,originals/DT_ALEX_STUDIOS_10_CASE_PORTFOLIO_COMPLETE_20261007 (1)/reports/REFERENCE_AUDIT.md,sha256:02e5a177fc904b1d46a5fa1a995debd731e2a4695c40fde116c2e67546112bc9,3331,02e5a177fc904b1d46a5fa1a995debd731e2a4695c40fde116c2e67546112bc9,8cd417c7,PRESERVED_IN_COMPLETE_ARCHIVE
WL-REC-0021,WL-REC-0021,docs/history/owner-inputs/record-20261009/WORK-LAB-HISTORICAL-RECORDS-20261009.zip,originals/DT_ALEX_STUDIOS_10_CASE_PORTFOLIO_COMPLETE_20261007 (1)/styles.css,sha256:57c0cf188eb816cf679e20e4304b6d3c4ae338520a770166a73577efb9b71e35,16698,57c0cf188eb816cf679e20e4304b6d3c4ae338520a770166a73577efb9b71e35,d72e5f0e,PRESERVED_IN_COMPLETE_ARCHIVE
WL-REC-0027,WL-REC-0027,docs/history/owner-inputs/record-20261009/WORK-LAB-HISTORICAL-RECORDS-20261009.zip,originals/UI_COMPONENT_ADOPTION_PLAN.md,sha256:5e6b472a0d0ca5d30baff11aa83b1b7da8e453b472d59db8775fa3bf7f4b04ae,6397,5e6b472a0d0ca5d30baff11aa83b1b7da8e453b472d59db8775fa3bf7f4b04ae,53fccb81,PRESERVED_IN_COMPLETE_ARCHIVE
WL-REC-0028,WL-REC-0028,docs/history/owner-inputs/record-20261009/WORK-LAB-HISTORICAL-RECORDS-20261009.zip,originals/UI_KIT_AUDIT.md,sha256:1eaf44826132b2f0e8b8cd62a67202b0982aa49fb603061347b5de569e7645de,10181,1eaf44826132b2f0e8b8cd62a67202b0982aa49fb603061347b5de569e7645de,479e7f69,PRESERVED_IN_COMPLETE_ARCHIVE
WL-REC-0035,WL-REC-0035,docs/history/owner-inputs/record-20261009/WORK-LAB-HISTORICAL-RECORDS-20261009.zip,originals/WORK-LAB_MASTER_ATLAS_2026-09-29.zip,sha256:92ebc5a3f1857f55525812122ec14e35b6d268cb4b153f9046edb9032412aa1c,6025824,92ebc5a3f1857f55525812122ec14e35b6d268cb4b153f9046edb9032412aa1c,f1d2b289,PRESERVED_IN_COMPLETE_ARCHIVE
WL-REC-0036,WL-REC-0036,docs/history/owner-inputs/record-20261009/WORK-LAB-HISTORICAL-RECORDS-20261009.zip,originals/WORK-LAB_UI_FRONTEND_TASKPACK_20260930.zip,sha256:1f517f8d602d5a950bc07ae7577b2e9b310cc3a2227335bfc36757817b619584,8487,1f517f8d602d5a950bc07ae7577b2e9b310cc3a2227335bfc36757817b619584,c8bdf530,PRESERVED_IN_COMPLETE_ARCHIVE
WL-REC-0056,WL-REC-0056,docs/history/owner-inputs/record-20261009/WORK-LAB-HISTORICAL-RECORDS-20261009.zip,originals/mixed-vi-ui-ux/三项目_产品案例/README.md,sha256:e106beb31bafaba2857cefe63a147aeadfb655e1ccc6d5d35a75fb38f2133786,6307,e106beb31bafaba2857cefe63a147aeadfb655e1ccc6d5d35a75fb38f2133786,c75983e2,PRESERVED_IN_COMPLETE_ARCHIVE
WL-REC-0100,WL-REC-0100,docs/history/owner-inputs/record-20261009/WORK-LAB-HISTORICAL-RECORDS-20261009.zip,originals/mixed-vi-ui-ux/三项目_产品案例/asset-manifest.json,sha256:0fafbd22bef27f88be339a61ee4760c0a39c4bcb071b04067c4ecdeafee89401,22521,0fafbd22bef27f88be339a61ee4760c0a39c4bcb071b04067c4ecdeafee89401,7f695076,PRESERVED_IN_COMPLETE_ARCHIVE
WL-REC-0067,WL-REC-0067,docs/history/owner-inputs/record-20261009/WORK-LAB-HISTORICAL-RECORDS-20261009.zip,originals/mixed-vi-ui-ux/三项目_产品案例/assets/fonts/Inter-OFL.txt,sha256:5b9321a4298cfeb6b34354164a1c3afc3db114569984c502b9b35d988fd58c57,4377,5b9321a4298cfeb6b34354164a1c3afc3db114569984c502b9b35d988fd58c57,7c76e6b5,PRESERVED_IN_COMPLETE_ARCHIVE
WL-REC-0066,WL-REC-0066,docs/history/owner-inputs/record-20261009/WORK-LAB-HISTORICAL-RECORDS-20261009.zip,originals/mixed-vi-ui-ux/三项目_产品案例/assets/fonts/Noto-OFL.txt,sha256:6a73f9541c2de74158c0e7cf6b0a58ef774f5a780bf191f2d7ec9cc53efe2bf2,4301,6a73f9541c2de74158c0e7cf6b0a58ef774f5a780bf191f2d7ec9cc53efe2bf2,898314c0,PRESERVED_IN_COMPLETE_ARCHIVE
WL-REC-0050,WL-REC-0050,docs/history/owner-inputs/record-20261009/WORK-LAB-HISTORICAL-RECORDS-20261009.zip,originals/mixed-vi-ui-ux/三项目_产品案例/brand-ui-kit.html,sha256:6e7361691956e53ee70d700e0596d936abb6c72d0655121821d65f917e741735,10017,6e7361691956e53ee70d700e0596d936abb6c72d0655121821d65f917e741735,aee77095,PRESERVED_IN_COMPLETE_ARCHIVE
WL-REC-0052,WL-REC-0052,docs/history/owner-inputs/record-20261009/WORK-LAB-HISTORICAL-RECORDS-20261009.zip,originals/mixed-vi-ui-ux/三项目_产品案例/case-content.json,sha256:52f7c55b00753c4284bb9d63178b26726e518c1995bea8e7a49640762f4cd77f,10554,52f7c55b00753c4284bb9d63178b26726e518c1995bea8e7a49640762f4cd77f,fae8ce8e,PRESERVED_IN_COMPLETE_ARCHIVE
WL-REC-0046,WL-REC-0046,docs/history/owner-inputs/record-20261009/WORK-LAB-HISTORICAL-RECORDS-20261009.zip,originals/mixed-vi-ui-ux/三项目_产品案例/index.html,sha256:899b19e49c3ecef51f48452d3bd1d26105284ef6d885dc2cf3ffb93a36ae6743,16674,899b19e49c3ecef51f48452d3bd1d26105284ef6d885dc2cf3ffb93a36ae6743,027bf8fb,PRESERVED_IN_COMPLETE_ARCHIVE
WL-REC-0047,WL-REC-0047,docs/history/owner-inputs/record-20261009/WORK-LAB-HISTORICAL-RECORDS-20261009.zip,originals/mixed-vi-ui-ux/三项目_产品案例/interaction-check.json,sha256:dd296ffa5bbde9beb3a67f31f16bdab2578bfc313d0aeea14f516471c871c217,487,dd296ffa5bbde9beb3a67f31f16bdab2578bfc313d0aeea14f516471c871c217,e0a7484a,PRESERVED_IN_COMPLETE_ARCHIVE
WL-REC-0054,WL-REC-0054,docs/history/owner-inputs/record-20261009/WORK-LAB-HISTORICAL-RECORDS-20261009.zip,originals/mixed-vi-ui-ux/三项目_产品案例/preview.html,sha256:f9d2e200ed864cdc024d5032bcee9c4fd8a3a521caf9d9388b665f4f59ef4abb,2878,f9d2e200ed864cdc024d5032bcee9c4fd8a3a521caf9d9388b665f4f59ef4abb,877d6e6b,PRESERVED_IN_COMPLETE_ARCHIVE
WL-REC-0057,WL-REC-0057,docs/history/owner-inputs/record-20261009/WORK-LAB-HISTORICAL-RECORDS-20261009.zip,originals/mixed-vi-ui-ux/三项目_产品案例/qa-report.json,sha256:13a326c6e0552c27f5779e8db89f05c1d27f43839edbad6cf8965e0a08d056b9,1001,13a326c6e0552c27f5779e8db89f05c1d27f43839edbad6cf8965e0a08d056b9,e81f2bb6,PRESERVED_IN_COMPLETE_ARCHIVE
WL-REC-0079,WL-REC-0079,docs/history/owner-inputs/record-20261009/WORK-LAB-HISTORICAL-RECORDS-20261009.zip,originals/mixed-vi-ui-ux/三项目_产品案例/source_ui/work-lab/index.html,sha256:2ca92db396ae80290b1484dff41b1e8a91578bd36749493a46f52c8982f0d406,46131,2ca92db396ae80290b1484dff41b1e8a91578bd36749493a46f52c8982f0d406,3c8cf082,PRESERVED_IN_COMPLETE_ARCHIVE
WL-REC-0049,WL-REC-0049,docs/history/owner-inputs/record-20261009/WORK-LAB-HISTORICAL-RECORDS-20261009.zip,originals/mixed-vi-ui-ux/三项目_产品案例/ui-assets.json,sha256:caac53af3b2206e24041f2fc5b187ec762253535a20403912e2623b165224530,4987,caac53af3b2206e24041f2fc5b187ec762253535a20403912e2623b165224530,e6ca0f39,PRESERVED_IN_COMPLETE_ARCHIVE
WL-REC-0053,WL-REC-0053,docs/history/owner-inputs/record-20261009/WORK-LAB-HISTORICAL-RECORDS-20261009.zip,originals/mixed-vi-ui-ux/三项目_产品案例/work-lab-banner.html,sha256:0f78bc5bf312214de8bfab1c5fd8ec20d3f0c86b0c1172cc0dfea957ae0e7eda,15775,0f78bc5bf312214de8bfab1c5fd8ec20d3f0c86b0c1172cc0dfea957ae0e7eda,6585e97e,PRESERVED_IN_COMPLETE_ARCHIVE
WL-REC-0055,WL-REC-0055,docs/history/owner-inputs/record-20261009/WORK-LAB-HISTORICAL-RECORDS-20261009.zip,originals/mixed-vi-ui-ux/三项目_产品案例/work-lab-copy.md,sha256:aa75fc568ae88c069c1177cd1fea96eef7b1ee53441f2652f5dfdc1375f8fa2e,3563,aa75fc568ae88c069c1177cd1fea96eef7b1ee53441f2652f5dfdc1375f8fa2e,353c33c1,PRESERVED_IN_COMPLETE_ARCHIVE
WL-REC-0058,WL-REC-0058,docs/history/owner-inputs/record-20261009/WORK-LAB-HISTORICAL-RECORDS-20261009.zip,originals/mixed-vi-ui-ux/三项目_产品案例/work-lab-design-tokens.json,sha256:5f0b94d4fc63465914e8e5943c009910473d536cf73031f9e0ba7d4af8d45c37,692,5f0b94d4fc63465914e8e5943c009910473d536cf73031f9e0ba7d4af8d45c37,659a59fe,PRESERVED_IN_COMPLETE_ARCHIVE
WL-REC-0048,WL-REC-0048,docs/history/owner-inputs/record-20261009/WORK-LAB-HISTORICAL-RECORDS-20261009.zip,originals/mixed-vi-ui-ux/三项目_产品案例/work-lab-square.html,sha256:18a5454469a9d44f039c678324aefcab1d73b973524e9e71dbdf199c377011be,15775,18a5454469a9d44f039c678324aefcab1d73b973524e9e71dbdf199c377011be,cd80f83f,PRESERVED_IN_COMPLETE_ARCHIVE
WL-REC-0045,WL-REC-0045,docs/history/owner-inputs/record-20261009/WORK-LAB-HISTORICAL-RECORDS-20261009.zip,originals/mixed-vi-ui-ux/三项目_产品案例/work-lab-vertical.html,sha256:f080ae1059417402cddc29f947d6abc32d36849748fe3a0e68dcbe901752f121,16016,f080ae1059417402cddc29f947d6abc32d36849748fe3a0e68dcbe901752f121,96eb21e1,PRESERVED_IN_COMPLETE_ARCHIVE
WL-REC-0051,WL-REC-0051,docs/history/owner-inputs/record-20261009/WORK-LAB-HISTORICAL-RECORDS-20261009.zip,originals/mixed-vi-ui-ux/三项目_产品案例/work-lab.html,sha256:54b41cd4796f4589f4504eb38be49f76eb119e1d62bcd200524dc3fd1c07ee9f,34100,54b41cd4796f4589f4504eb38be49f76eb119e1d62bcd200524dc3fd1c07ee9f,792329f9,PRESERVED_IN_COMPLETE_ARCHIVE
WL-REC-0043,WL-REC-0043,docs/history/owner-inputs/record-20261009/WORK-LAB-HISTORICAL-RECORDS-20261009.zip,originals/三项目_AI生态全生命周期收敛实施清单_2026-10-01.json,sha256:35ffbd5d437c0738e994fd2fe4b36254bbfc33389aa7e22f1fec49890363fc98,106090,35ffbd5d437c0738e994fd2fe4b36254bbfc33389aa7e22f1fec49890363fc98,6520ce91,PRESERVED_IN_COMPLETE_ARCHIVE
WL-REC-0044,WL-REC-0044,docs/history/owner-inputs/record-20261009/WORK-LAB-HISTORICAL-RECORDS-20261009.zip,originals/三项目_AI生态全生命周期收敛最终方案_2026-10-01.html,sha256:43066037d74c8c2995fd0a9aac1218ccec5fb731594b9f9109b897a382fec212,102843,43066037d74c8c2995fd0a9aac1218ccec5fb731594b9f9109b897a382fec212,2d4a073c,PRESERVED_IN_COMPLETE_ARCHIVE
WL-STORE-20261009,,docs/history/owner-inputs/record-20261009/WORK-LAB-HISTORICAL-RECORDS-20261009.zip,ARCHIVE-MANIFEST.json,sha256:7dac4cde43abd6601bcbbe370b9d75262a158839f9b7f2bd463be8af6402f23d,12495,7dac4cde43abd6601bcbbe370b9d75262a158839f9b7f2bd463be8af6402f23d,d95be0ea,DERIVED_STORAGE_MANIFEST
WL-REC-0103,WL-REC-0103,docs/history/owner-inputs/record-20261010/originals/WORK-LAB_UI前端深化任务包_v2.zip,WORK-LAB_UI_深化_v2/00_先读我.md,sha256:2d7d7bed6e685df33213595453ed1dd252e1f05bd393a43a6b1b0b2b31005c29,3444,2d7d7bed6e685df33213595453ed1dd252e1f05bd393a43a6b1b0b2b31005c29,bd1a588d,PRESERVED_IN_COMPLETE_ARCHIVE
WL-REC-0103,WL-REC-0103,docs/history/owner-inputs/record-20261010/originals/WORK-LAB_UI前端深化任务包_v2.zip,WORK-LAB_UI_深化_v2/01_深化实施任务书.md,sha256:391516060b9459a0696f85a58c7823f38238f047dc9052f0a1aa3a34719979bd,11331,391516060b9459a0696f85a58c7823f38238f047dc9052f0a1aa3a34719979bd,e3c5043a,PRESERVED_IN_COMPLETE_ARCHIVE
WL-REC-0103,WL-REC-0103,docs/history/owner-inputs/record-20261010/originals/WORK-LAB_UI前端深化任务包_v2.zip,WORK-LAB_UI_深化_v2/02_AGENT执行提示词.md,sha256:3c8b5887b7802ccf3c42bb9b2ee29f20c74499b46afe58f29c8c66c948fb646e,2530,3c8b5887b7802ccf3c42bb9b2ee29f20c74499b46afe58f29c8c66c948fb646e,ee8dc0e1,PRESERVED_IN_COMPLETE_ARCHIVE
WL-REC-0103,WL-REC-0103,docs/history/owner-inputs/record-20261010/originals/WORK-LAB_UI前端深化任务包_v2.zip,WORK-LAB_UI_深化_v2/SOURCE_BASELINE.json,sha256:9ef6065c43ed607b508e54f930683abecc2a388ce1082d050461b06a5eadd3ac,400,9ef6065c43ed607b508e54f930683abecc2a388ce1082d050461b06a5eadd3ac,fe1c713f,PRESERVED_IN_COMPLETE_ARCHIVE
WL-REC-0103,WL-REC-0103,docs/history/owner-inputs/record-20261010/originals/WORK-LAB_UI前端深化任务包_v2.zip,WORK-LAB_UI_深化_v2/assets/fonts/DejaVuSans-Bold.ttf,sha256:5c1247acef7f2b8522a31742c76d6adcb5569bacc0be7ceaa4dc39dd252ce895,708920,5c1247acef7f2b8522a31742c76d6adcb5569bacc0be7ceaa4dc39dd252ce895,7a9ea8e8,PRESERVED_IN_COMPLETE_ARCHIVE
WL-REC-0103,WL-REC-0103,docs/history/owner-inputs/record-20261010/originals/WORK-LAB_UI前端深化任务包_v2.zip,WORK-LAB_UI_深化_v2/assets/fonts/DejaVuSans.ttf,sha256:ae7b7855e115a5966d8b1b3f80f254ccc117ec86f9965e202ee2940453837280,759720,ae7b7855e115a5966d8b1b3f80f254ccc117ec86f9965e202ee2940453837280,611423b6,PRESERVED_IN_COMPLETE_ARCHIVE
WL-REC-0103,WL-REC-0103,docs/history/owner-inputs/record-20261010/originals/WORK-LAB_UI前端深化任务包_v2.zip,WORK-LAB_UI_深化_v2/assets/fonts/DejaVu_LICENSE.txt,sha256:63d3ba759d12804c5b31a9d5940d855c1820d1f5999e6b0872eb1c7ff045fbc9,3859,63d3ba759d12804c5b31a9d5940d855c1820d1f5999e6b0872eb1c7ff045fbc9,436bd13d,PRESERVED_IN_COMPLETE_ARCHIVE
WL-REC-0103,WL-REC-0103,docs/history/owner-inputs/record-20261010/originals/WORK-LAB_UI前端深化任务包_v2.zip,WORK-LAB_UI_深化_v2/assets/icons/alert.svg,sha256:1b12314761892e6a72d6f7fb31447c2505b2affc693745cd24233d35f456f0f7,232,1b12314761892e6a72d6f7fb31447c2505b2affc693745cd24233d35f456f0f7,f4b74e12,PRESERVED_IN_COMPLETE_ARCHIVE
WL-REC-0103,WL-REC-0103,docs/history/owner-inputs/record-20261010/originals/WORK-LAB_UI前端深化任务包_v2.zip,WORK-LAB_UI_深化_v2/assets/icons/arrow.svg,sha256:6fcd4993fd38a742871e6b0b681dae314ab740fbe2a4d40a0d4bfdc645847268,211,6fcd4993fd38a742871e6b0b681dae314ab740fbe2a4d40a0d4bfdc645847268,a1e79902,PRESERVED_IN_COMPLETE_ARCHIVE
WL-REC-0103,WL-REC-0103,docs/history/owner-inputs/record-20261010/originals/WORK-LAB_UI前端深化任务包_v2.zip,WORK-LAB_UI_深化_v2/assets/icons/assets.svg,sha256:37fbd302249520ebc149f840333ea2b91818f9c98043e5d05312f8b355fca27e,247,37fbd302249520ebc149f840333ea2b91818f9c98043e5d05312f8b355fca27e,6b77e033,PRESERVED_IN_COMPLETE_ARCHIVE
WL-REC-0103,WL-REC-0103,docs/history/owner-inputs/record-20261010/originals/WORK-LAB_UI前端深化任务包_v2.zip,WORK-LAB_UI_深化_v2/assets/icons/branch.svg,sha256:10b0644403af87d93aea75c89ef1c9cc632120b1d5287887e775ea599572ee68,234,10b0644403af87d93aea75c89ef1c9cc632120b1d5287887e775ea599572ee68,73487fca,PRESERVED_IN_COMPLETE_ARCHIVE
WL-REC-0103,WL-REC-0103,docs/history/owner-inputs/record-20261010/originals/WORK-LAB_UI前端深化任务包_v2.zip,WORK-LAB_UI_深化_v2/assets/icons/check.svg,sha256:8b43763eeefcc67f1b4acdd357a9ee3f8edac402caa6bf5563797223ef0da574,193,8b43763eeefcc67f1b4acdd357a9ee3f8edac402caa6bf5563797223ef0da574,d9df184b,PRESERVED_IN_COMPLETE_ARCHIVE
WL-REC-0103,WL-REC-0103,docs/history/owner-inputs/record-20261010/originals/WORK-LAB_UI前端深化任务包_v2.zip,WORK-LAB_UI_深化_v2/assets/icons/clock.svg,sha256:dd987b04083f278011e978fc39da845d3b5628c243f1453d8a4547f229728b21,241,dd987b04083f278011e978fc39da845d3b5628c243f1453d8a4547f229728b21,c90ac843,PRESERVED_IN_COMPLETE_ARCHIVE
WL-REC-0103,WL-REC-0103,docs/history/owner-inputs/record-20261010/originals/WORK-LAB_UI前端深化任务包_v2.zip,WORK-LAB_UI_深化_v2/assets/icons/copy.svg,sha256:a5d016496db2c6de5c71d0dcaca275cb28a3a849a8ebd1c45e590fa71ce3c8b5,217,a5d016496db2c6de5c71d0dcaca275cb28a3a849a8ebd1c45e590fa71ce3c8b5,e1333a25,PRESERVED_IN_COMPLETE_ARCHIVE
WL-REC-0103,WL-REC-0103,docs/history/owner-inputs/record-20261010/originals/WORK-LAB_UI前端深化任务包_v2.zip,WORK-LAB_UI_深化_v2/assets/icons/disconnect.svg,sha256:84dc1e849d8deb9a2222748a2c509d0534b5e71bd11011b8d9126915a539a133,240,84dc1e849d8deb9a2222748a2c509d0534b5e71bd11011b8d9126915a539a133,93b0a7f7,PRESERVED_IN_COMPLETE_ARCHIVE
WL-REC-0103,WL-REC-0103,docs/history/owner-inputs/record-20261010/originals/WORK-LAB_UI前端深化任务包_v2.zip,WORK-LAB_UI_深化_v2/assets/icons/download.svg,sha256:947a3be1a9913dc1a871b386e2ba166875d639165e3806d5207c93515cb84294,236,947a3be1a9913dc1a871b386e2ba166875d639165e3806d5207c93515cb84294,72b4d7b3,PRESERVED_IN_COMPLETE_ARCHIVE
WL-REC-0103,WL-REC-0103,docs/history/owner-inputs/record-20261010/originals/WORK-LAB_UI前端深化任务包_v2.zip,WORK-LAB_UI_深化_v2/assets/icons/expand.svg,sha256:2a09cdbd54c6dbaf20681a83d5f1a1630164fb9d8cb8303521eef1c4b03cc92a,252,2a09cdbd54c6dbaf20681a83d5f1a1630164fb9d8cb8303521eef1c4b03cc92a,60c0abd6,PRESERVED_IN_COMPLETE_ARCHIVE
WL-REC-0103,WL-REC-0103,docs/history/owner-inputs/record-20261010/originals/WORK-LAB_UI前端深化任务包_v2.zip,WORK-LAB_UI_深化_v2/assets/icons/eye.svg,sha256:39201f15dc911c297eda40679e9573b764a325218f8be533ccc17472a5fc1be0,268,39201f15dc911c297eda40679e9573b764a325218f8be533ccc17472a5fc1be0,6ddf0484,PRESERVED_IN_COMPLETE_ARCHIVE
WL-REC-0103,WL-REC-0103,docs/history/owner-inputs/record-20261010/originals/WORK-LAB_UI前端深化任务包_v2.zip,WORK-LAB_UI_深化_v2/assets/icons/filter.svg,sha256:5c862d28d119c2f11f7fea85cbbc337253e9009c8e11489e7eb9ec8c12a434c0,201,5c862d28d119c2f11f7fea85cbbc337253e9009c8e11489e7eb9ec8c12a434c0,c03c8f00,PRESERVED_IN_COMPLETE_ARCHIVE
WL-REC-0103,WL-REC-0103,docs/history/owner-inputs/record-20261010/originals/WORK-LAB_UI前端深化任务包_v2.zip,WORK-LAB_UI_深化_v2/assets/icons/info.svg,sha256:1e4fbb36c9c25adc2e7667443c44a5443f9526a9768a8be307bfff6bd1be68ed,258,1e4fbb36c9c25adc2e7667443c44a5443f9526a9768a8be307bfff6bd1be68ed,0294c05c,PRESERVED_IN_COMPLETE_ARCHIVE
WL-REC-0103,WL-REC-0103,docs/history/owner-inputs/record-20261010/originals/WORK-LAB_UI前端深化任务包_v2.zip,WORK-LAB_UI_深化_v2/assets/icons/link.svg,sha256:f76dfefcbf5c03f6fedddc03939fbd3b899e575e25c1e0aa809db63a33f9bf8a,268,f76dfefcbf5c03f6fedddc03939fbd3b899e575e25c1e0aa809db63a33f9bf8a,61c88dc3,PRESERVED_IN_COMPLETE_ARCHIVE
WL-REC-0103,WL-REC-0103,docs/history/owner-inputs/record-20261010/originals/WORK-LAB_UI前端深化任务包_v2.zip,WORK-LAB_UI_深化_v2/assets/icons/moon.svg,sha256:f6b58d704fcd8d0920a0b0dcb2f9e3cc73c787b7e5627d03ed5207bacb77c4c5,214,f6b58d704fcd8d0920a0b0dcb2f9e3cc73c787b7e5627d03ed5207bacb77c4c5,bb750607,PRESERVED_IN_COMPLETE_ARCHIVE
WL-REC-0103,WL-REC-0103,docs/history/owner-inputs/record-20261010/originals/WORK-LAB_UI前端深化任务包_v2.zip,WORK-LAB_UI_深化_v2/assets/icons/pause.svg,sha256:6a4989a73189b08381f6f94b8f77e754f184b2c4575c22f86ecc6b7776b38f99,205,6a4989a73189b08381f6f94b8f77e754f184b2c4575c22f86ecc6b7776b38f99,93d52626,PRESERVED_IN_COMPLETE_ARCHIVE
WL-REC-0103,WL-REC-0103,docs/history/owner-inputs/record-20261010/originals/WORK-LAB_UI前端深化任务包_v2.zip,WORK-LAB_UI_深化_v2/assets/icons/projects.svg,sha256:57415cd8767b4d9052825f20d907dcdfa25d7c1613a90907bd4d134848a22b56,215,57415cd8767b4d9052825f20d907dcdfa25d7c1613a90907bd4d134848a22b56,e3095d06,PRESERVED_IN_COMPLETE_ARCHIVE
WL-REC-0103,WL-REC-0103,docs/history/owner-inputs/record-20261010/originals/WORK-LAB_UI前端深化任务包_v2.zip,WORK-LAB_UI_深化_v2/assets/icons/refresh.svg,sha256:2727ad3f33bf40499be606cfba0dfb120dbd91986027f880e52107098697692f,283,2727ad3f33bf40499be606cfba0dfb120dbd91986027f880e52107098697692f,c392f7cb,PRESERVED_IN_COMPLETE_ARCHIVE
WL-REC-0103,WL-REC-0103,docs/history/owner-inputs/record-20261010/originals/WORK-LAB_UI前端深化任务包_v2.zip,WORK-LAB_UI_深化_v2/assets/icons/rules.svg,sha256:e0afc830a6e5f47bb3c54895bddf88ba276cc25bbc30f169edc098501263e153,247,e0afc830a6e5f47bb3c54895bddf88ba276cc25bbc30f169edc098501263e153,985e111c,PRESERVED_IN_COMPLETE_ARCHIVE
WL-REC-0103,WL-REC-0103,docs/history/owner-inputs/record-20261010/originals/WORK-LAB_UI前端深化任务包_v2.zip,WORK-LAB_UI_深化_v2/assets/icons/search.svg,sha256:8f42a85103f855663855c694041c689cee9f71f2af543cbe4c16e7dc8bcc932a,236,8f42a85103f855663855c694041c689cee9f71f2af543cbe4c16e7dc8bcc932a,543628b0,PRESERVED_IN_COMPLETE_ARCHIVE
WL-REC-0103,WL-REC-0103,docs/history/owner-inputs/record-20261010/originals/WORK-LAB_UI前端深化任务包_v2.zip,WORK-LAB_UI_深化_v2/assets/icons/settings.svg,sha256:834d9c2f6fadb628c3d2be0313874e324626cd4d43079aaab0b5ea4f5aaae947,282,834d9c2f6fadb628c3d2be0313874e324626cd4d43079aaab0b5ea4f5aaae947,0c564966,PRESERVED_IN_COMPLETE_ARCHIVE
WL-REC-0103,WL-REC-0103,docs/history/owner-inputs/record-20261010/originals/WORK-LAB_UI前端深化任务包_v2.zip,WORK-LAB_UI_深化_v2/assets/icons/shield.svg,sha256:e8a4948d7a975decc252a2b2b5839f4e10f0a14971c363f590bde817974664cd,241,e8a4948d7a975decc252a2b2b5839f4e10f0a14971c363f590bde817974664cd,e93a6dac,PRESERVED_IN_COMPLETE_ARCHIVE
WL-REC-0103,WL-REC-0103,docs/history/owner-inputs/record-20261010/originals/WORK-LAB_UI前端深化任务包_v2.zip,WORK-LAB_UI_深化_v2/assets/icons/software.svg,sha256:1ab4b51d126f24cbaa09ac7a5134087b9e4937eb3fa3c98d281326976d87703a,230,1ab4b51d126f24cbaa09ac7a5134087b9e4937eb3fa3c98d281326976d87703a,7f2b0229,PRESERVED_IN_COMPLETE_ARCHIVE
WL-REC-0103,WL-REC-0103,docs/history/owner-inputs/record-20261010/originals/WORK-LAB_UI前端深化任务包_v2.zip,WORK-LAB_UI_深化_v2/assets/icons/usage.svg,sha256:d3b70502f89cd328e91a3c4721d6f6988c3a6fc603d5e72ef2491899cd2b9672,265,d3b70502f89cd328e91a3c4721d6f6988c3a6fc603d5e72ef2491899cd2b9672,039ff026,PRESERVED_IN_COMPLETE_ARCHIVE
WL-REC-0103,WL-REC-0103,docs/history/owner-inputs/record-20261010/originals/WORK-LAB_UI前端深化任务包_v2.zip,WORK-LAB_UI_深化_v2/assets/slices/01_projects__actions.png,sha256:57b5e0620b86eca1837e9c8f831ba9816797d4fcc15a1ef2096b4250d2f0a728,43917,57b5e0620b86eca1837e9c8f831ba9816797d4fcc15a1ef2096b4250d2f0a728,03e23e87,PRESERVED_IN_COMPLETE_ARCHIVE
WL-REC-0103,WL-REC-0103,docs/history/owner-inputs/record-20261010/originals/WORK-LAB_UI前端深化任务包_v2.zip,WORK-LAB_UI_深化_v2/assets/slices/01_projects__attention.png,sha256:7a177c45f840ea079731d89714868a307e2cf9a82be1ad2d9f17a0d932565ece,41637,7a177c45f840ea079731d89714868a307e2cf9a82be1ad2d9f17a0d932565ece,44831cd6,PRESERVED_IN_COMPLETE_ARCHIVE
WL-REC-0103,WL-REC-0103,docs/history/owner-inputs/record-20261010/originals/WORK-LAB_UI前端深化任务包_v2.zip,WORK-LAB_UI_深化_v2/assets/slices/01_projects__metric_参与项目.png,sha256:6d484c152fde5f41c8e206d36a209a95446ae0886400d496934486d54b0de443,14891,6d484c152fde5f41c8e206d36a209a95446ae0886400d496934486d54b0de443,96665b6c,PRESERVED_IN_COMPLETE_ARCHIVE
WL-REC-0103,WL-REC-0103,docs/history/owner-inputs/record-20261010/originals/WORK-LAB_UI前端深化任务包_v2.zip,WORK-LAB_UI_深化_v2/assets/slices/01_projects__metric_已知 Token 子集.png,sha256:6ca87dfa31dde96b0442c0e61d725a691fc3d9e6555c2dac823239a517933f57,19917,6ca87dfa31dde96b0442c0e61d725a691fc3d9e6555c2dac823239a517933f57,b44cfe5b,PRESERVED_IN_COMPLETE_ARCHIVE
WL-REC-0103,WL-REC-0103,docs/history/owner-inputs/record-20261010/originals/WORK-LAB_UI前端深化任务包_v2.zip,WORK-LAB_UI_深化_v2/assets/slices/01_projects__metric_需要关注.png,sha256:d897a8991c1ce851944f98d760c08f1dec80e990b811a76b162aa0aef7b374de,13016,d897a8991c1ce851944f98d760c08f1dec80e990b811a76b162aa0aef7b374de,9afac099,PRESERVED_IN_COMPLETE_ARCHIVE
WL-REC-0103,WL-REC-0103,docs/history/owner-inputs/record-20261010/originals/WORK-LAB_UI前端深化任务包_v2.zip,WORK-LAB_UI_深化_v2/assets/slices/01_projects__project_table.png,sha256:64927126bfde0f4f30296f9736a8069d804dbfa8b955885ee5b2c236470882be,74351,64927126bfde0f4f30296f9736a8069d804dbfa8b955885ee5b2c236470882be,200f8844,PRESERVED_IN_COMPLETE_ARCHIVE
WL-REC-0103,WL-REC-0103,docs/history/owner-inputs/record-20261010/originals/WORK-LAB_UI前端深化任务包_v2.zip,WORK-LAB_UI_深化_v2/assets/slices/02_asset_import__import_form.png,sha256:8e59b343b533cc7263ad7c2109bfbe8b80c838abf8550718b16654c7191e6908,94168,8e59b343b533cc7263ad7c2109bfbe8b80c838abf8550718b16654c7191e6908,3c77adc2,PRESERVED_IN_COMPLETE_ARCHIVE
WL-REC-0103,WL-REC-0103,docs/history/owner-inputs/record-20261010/originals/WORK-LAB_UI前端深化任务包_v2.zip,WORK-LAB_UI_深化_v2/assets/slices/02_asset_import__import_preview.png,sha256:9c2bf49f54369214c3c46a1c744be342593b675167e8a0185279e738d24fa053,92163,9c2bf49f54369214c3c46a1c744be342593b675167e8a0185279e738d24fa053,6944bb8f,PRESERVED_IN_COMPLETE_ARCHIVE
WL-REC-0103,WL-REC-0103,docs/history/owner-inputs/record-20261010/originals/WORK-LAB_UI前端深化任务包_v2.zip,WORK-LAB_UI_深化_v2/assets/slices/03_asset_evaluation__evaluation_evidence.png,sha256:64091546a4796925bafad39fda4df3e18d86a80b3f372cca7d20900dd6d7ab99,87069,64091546a4796925bafad39fda4df3e18d86a80b3f372cca7d20900dd6d7ab99,dfb8b409,PRESERVED_IN_COMPLETE_ARCHIVE
WL-REC-0103,WL-REC-0103,docs/history/owner-inputs/record-20261010/originals/WORK-LAB_UI前端深化任务包_v2.zip,WORK-LAB_UI_深化_v2/assets/slices/03_asset_evaluation__evaluation_form.png,sha256:6eee34fcc55ab930e5d33f6f2bef1df7c0e30a31bd3c1262d4da243aa2f0bb90,114122,6eee34fcc55ab930e5d33f6f2bef1df7c0e30a31bd3c1262d4da243aa2f0bb90,f86443ca,PRESERVED_IN_COMPLETE_ARCHIVE
WL-REC-0103,WL-REC-0103,docs/history/owner-inputs/record-20261010/originals/WORK-LAB_UI前端深化任务包_v2.zip,WORK-LAB_UI_深化_v2/assets/slices/04_migration_plan__command_gate.png,sha256:f5fb8a0e5c38a478e4259c0177e8e26145960067c32c2b6619a0671ec7c9edf0,91196,f5fb8a0e5c38a478e4259c0177e8e26145960067c32c2b6619a0671ec7c9edf0,42d9d3fb,PRESERVED_IN_COMPLETE_ARCHIVE
WL-REC-0103,WL-REC-0103,docs/history/owner-inputs/record-20261010/originals/WORK-LAB_UI前端深化任务包_v2.zip,WORK-LAB_UI_深化_v2/assets/slices/04_migration_plan__target_picker.png,sha256:2baf83bb5a59545d798d8ee9d3a15d7a20d9af50150557c316b3da397f1469a8,118380,2baf83bb5a59545d798d8ee9d3a15d7a20d9af50150557c316b3da397f1469a8,aea80cfb,PRESERVED_IN_COMPLETE_ARCHIVE
WL-REC-0103,WL-REC-0103,docs/history/owner-inputs/record-20261010/originals/WORK-LAB_UI前端深化任务包_v2.zip,WORK-LAB_UI_深化_v2/assets/slices/05_migration_failure__blocked_deployment.png,sha256:7148776d9b92b1465a82aa74dd1d998044c0860a69d09380dd8cfd3397f85e0b,44619,7148776d9b92b1465a82aa74dd1d998044c0860a69d09380dd8cfd3397f85e0b,4c0f7827,PRESERVED_IN_COMPLETE_ARCHIVE
WL-REC-0103,WL-REC-0103,docs/history/owner-inputs/record-20261010/originals/WORK-LAB_UI前端深化任务包_v2.zip,WORK-LAB_UI_深化_v2/assets/slices/05_migration_failure__trial_failure.png,sha256:b5f46ea5a96835ff82bc2ae8249e95c04dd8c7b10ce8e5e4ea062c0d52904a81,61710,b5f46ea5a96835ff82bc2ae8249e95c04dd8c7b10ce8e5e4ea062c0d52904a81,fefbc358,PRESERVED_IN_COMPLETE_ARCHIVE
WL-REC-0103,WL-REC-0103,docs/history/owner-inputs/record-20261010/originals/WORK-LAB_UI前端深化任务包_v2.zip,WORK-LAB_UI_深化_v2/assets/slices/05_migration_failure__trial_log.png,sha256:6bbb8026f25be0cdf16d1d3348ca592144db76dc9f5a3a96e79c1d8942315c5e,59398,6bbb8026f25be0cdf16d1d3348ca592144db76dc9f5a3a96e79c1d8942315c5e,f86bd2d0,PRESERVED_IN_COMPLETE_ARCHIVE
WL-REC-0103,WL-REC-0103,docs/history/owner-inputs/record-20261010/originals/WORK-LAB_UI前端深化任务包_v2.zip,WORK-LAB_UI_深化_v2/assets/slices/06_migration_readback__readback_result.png,sha256:1e4cdbfdfde55f3e9f4935ce37d0a0ab3970913b46efb0b45ed1e2f2d2660b84,60340,1e4cdbfdfde55f3e9f4935ce37d0a0ab3970913b46efb0b45ed1e2f2d2660b84,6cad4d88,PRESERVED_IN_COMPLETE_ARCHIVE
WL-REC-0103,WL-REC-0103,docs/history/owner-inputs/record-20261010/originals/WORK-LAB_UI前端深化任务包_v2.zip,WORK-LAB_UI_深化_v2/assets/slices/06_migration_readback__recovery_conflict.png,sha256:bb09fb35ea729cebd2eaa5a55b6dbedcec5825eefbaf15e2e9219e8933579c95,68348,bb09fb35ea729cebd2eaa5a55b6dbedcec5825eefbaf15e2e9219e8933579c95,0003a58b,PRESERVED_IN_COMPLETE_ARCHIVE
WL-REC-0103,WL-REC-0103,docs/history/owner-inputs/record-20261010/originals/WORK-LAB_UI前端深化任务包_v2.zip,WORK-LAB_UI_深化_v2/assets/slices/06_migration_readback__recovery_controls.png,sha256:4ab49dbd5a61e2dc988545e0c5d88804479e1ac27553a60e63cef8115fb51dab,53737,4ab49dbd5a61e2dc988545e0c5d88804479e1ac27553a60e63cef8115fb51dab,45eb4c09,PRESERVED_IN_COMPLETE_ARCHIVE
WL-REC-0103,WL-REC-0103,docs/history/owner-inputs/record-20261010/originals/WORK-LAB_UI前端深化任务包_v2.zip,WORK-LAB_UI_深化_v2/assets/slices/07_onboarding__onboarding_checks.png,sha256:5fd5a920b541ddd0071c81bc98012460cff87ded477ae49c51bfdb065c133fa4,74716,5fd5a920b541ddd0071c81bc98012460cff87ded477ae49c51bfdb065c133fa4,226d4719,PRESERVED_IN_COMPLETE_ARCHIVE
WL-REC-0103,WL-REC-0103,docs/history/owner-inputs/record-20261010/originals/WORK-LAB_UI前端深化任务包_v2.zip,WORK-LAB_UI_深化_v2/assets/slices/07_onboarding__onboarding_fields.png,sha256:26fa69009995f3cf61d6826108ea56d44ea85efb69b1ef2b607aea1b6ab7e077,101671,26fa69009995f3cf61d6826108ea56d44ea85efb69b1ef2b607aea1b6ab7e077,4c979d69,PRESERVED_IN_COMPLETE_ARCHIVE
WL-REC-0103,WL-REC-0103,docs/history/owner-inputs/record-20261010/originals/WORK-LAB_UI前端深化任务包_v2.zip,WORK-LAB_UI_深化_v2/assets/slices/08_rule_merge__merge_choice.png,sha256:c0d758fa5dcd451f41ec28657245a497524ea4fccb0e8b0b267e8b74ad4327f1,59972,c0d758fa5dcd451f41ec28657245a497524ea4fccb0e8b0b267e8b74ad4327f1,2efe53ae,PRESERVED_IN_COMPLETE_ARCHIVE
WL-REC-0103,WL-REC-0103,docs/history/owner-inputs/record-20261010/originals/WORK-LAB_UI前端深化任务包_v2.zip,WORK-LAB_UI_深化_v2/assets/slices/08_rule_merge__merge_conflict.png,sha256:a50e8dfba7720f25a8d310422d2e4e815caeb9845e626fcaddcef47f6e5058b2,53465,a50e8dfba7720f25a8d310422d2e4e815caeb9845e626fcaddcef47f6e5058b2,872fca5b,PRESERVED_IN_COMPLETE_ARCHIVE
WL-REC-0103,WL-REC-0103,docs/history/owner-inputs/record-20261010/originals/WORK-LAB_UI前端深化任务包_v2.zip,WORK-LAB_UI_深化_v2/assets/slices/08_rule_merge__rule_baseline.png,sha256:fcbadcc02350c350934feaef003343c214fe276f46e3bb9312cd90b7cee83606,24872,fcbadcc02350c350934feaef003343c214fe276f46e3bb9312cd90b7cee83606,7082dbd5,PRESERVED_IN_COMPLETE_ARCHIVE
WL-REC-0103,WL-REC-0103,docs/history/owner-inputs/record-20261010/originals/WORK-LAB_UI前端深化任务包_v2.zip,WORK-LAB_UI_深化_v2/assets/slices/08_rule_merge__rule_current.png,sha256:050e3a6ef2978cf58b94080b7fa2231f022d2e349e1034f0156661ecca17e15d,26165,050e3a6ef2978cf58b94080b7fa2231f022d2e349e1034f0156661ecca17e15d,0ddc45c3,PRESERVED_IN_COMPLETE_ARCHIVE
WL-REC-0103,WL-REC-0103,docs/history/owner-inputs/record-20261010/originals/WORK-LAB_UI前端深化任务包_v2.zip,WORK-LAB_UI_深化_v2/assets/slices/08_rule_merge__rule_published.png,sha256:b5425580caad5a075e5e2c0395e41661c904fdf52ba0e690a37c9f35629db0e6,29620,b5425580caad5a075e5e2c0395e41661c904fdf52ba0e690a37c9f35629db0e6,6dbc7f8c,PRESERVED_IN_COMPLETE_ARCHIVE
WL-REC-0103,WL-REC-0103,docs/history/owner-inputs/record-20261010/originals/WORK-LAB_UI前端深化任务包_v2.zip,WORK-LAB_UI_深化_v2/assets/slices/09_mobile_projects__mobile_ArcheAxis_AAOS.png,sha256:9a1e3f1cb4208e85b44bb8906db18035a8fe607e51ad9a714b3d70a146cd8d15,38851,9a1e3f1cb4208e85b44bb8906db18035a8fe607e51ad9a714b3d70a146cd8d15,f331e114,PRESERVED_IN_COMPLETE_ARCHIVE
WL-REC-0103,WL-REC-0103,docs/history/owner-inputs/record-20261010/originals/WORK-LAB_UI前端深化任务包_v2.zip,WORK-LAB_UI_深化_v2/assets/slices/09_mobile_projects__mobile_DESIGN-LAB.png,sha256:ec3e281fc46e257dacab23633dcd06bfbda25d4bbeaa9885d16a28dfabbcd0dc,31862,ec3e281fc46e257dacab23633dcd06bfbda25d4bbeaa9885d16a28dfabbcd0dc,59d0b062,PRESERVED_IN_COMPLETE_ARCHIVE
WL-REC-0103,WL-REC-0103,docs/history/owner-inputs/record-20261010/originals/WORK-LAB_UI前端深化任务包_v2.zip,WORK-LAB_UI_深化_v2/assets/slices/09_mobile_projects__mobile_WORK-LAB.png,sha256:556a0a28f56f107e162562646dca4346e12f261ea6212614070672b5fcb7b5f1,39497,556a0a28f56f107e162562646dca4346e12f261ea6212614070672b5fcb7b5f1,899f0b1d,PRESERVED_IN_COMPLETE_ARCHIVE
WL-REC-0103,WL-REC-0103,docs/history/owner-inputs/record-20261010/originals/WORK-LAB_UI前端深化任务包_v2.zip,WORK-LAB_UI_深化_v2/assets/slices/09_mobile_projects__mobile_metric.png,sha256:c24eb2966295468fc302acfd6f30f5c42873b5b6178828b6e01d867d97dcf9bf,32918,c24eb2966295468fc302acfd6f30f5c42873b5b6178828b6e01d867d97dcf9bf,e4c31911,PRESERVED_IN_COMPLETE_ARCHIVE
WL-REC-0103,WL-REC-0103,docs/history/owner-inputs/record-20261010/originals/WORK-LAB_UI前端深化任务包_v2.zip,WORK-LAB_UI_深化_v2/assets/slices/10_mobile_migration__mobile_gate.png,sha256:fb434aa729f51dc489bdb2e9429c873fa12e99ffa93b3e3a2fe2c7d990bdd6f8,69459,fb434aa729f51dc489bdb2e9429c873fa12e99ffa93b3e3a2fe2c7d990bdd6f8,a78f44cd,PRESERVED_IN_COMPLETE_ARCHIVE
WL-REC-0103,WL-REC-0103,docs/history/owner-inputs/record-20261010/originals/WORK-LAB_UI前端深化任务包_v2.zip,WORK-LAB_UI_深化_v2/assets/slices/10_mobile_migration__mobile_target.png,sha256:242182a25003a7939e20725af224d9ed4211e0b340e912f9ef9a805f475a317c,94029,242182a25003a7939e20725af224d9ed4211e0b340e912f9ef9a805f475a317c,a877e74c,PRESERVED_IN_COMPLETE_ARCHIVE
WL-REC-0103,WL-REC-0103,docs/history/owner-inputs/record-20261010/originals/WORK-LAB_UI前端深化任务包_v2.zip,WORK-LAB_UI_深化_v2/contracts/baseline_ui_read_model.ts,sha256:13408a6c825ecd24f123b7b3798df76532228e6b1e7633e2727a606b02390c41,3769,13408a6c825ecd24f123b7b3798df76532228e6b1e7633e2727a606b02390c41,24c1f4c4,PRESERVED_IN_COMPLETE_ARCHIVE
WL-REC-0103,WL-REC-0103,docs/history/owner-inputs/record-20261010/originals/WORK-LAB_UI前端深化任务包_v2.zip,WORK-LAB_UI_深化_v2/contracts/component_contracts.ts,sha256:547d67cccca4bb0c9e8a07fdb580df4d5761bf1fc6fd107a4684e2e132dbfda4,2770,547d67cccca4bb0c9e8a07fdb580df4d5761bf1fc6fd107a4684e2e132dbfda4,71b2b315,PRESERVED_IN_COMPLETE_ARCHIVE
WL-REC-0103,WL-REC-0103,docs/history/owner-inputs/record-20261010/originals/WORK-LAB_UI前端深化任务包_v2.zip,WORK-LAB_UI_深化_v2/contracts/design_tokens.json,sha256:40738df96da6a6e1b43b9bbc863a374c51eac769872f5c1a4cf2fd58c4213817,1231,40738df96da6a6e1b43b9bbc863a374c51eac769872f5c1a4cf2fd58c4213817,638d9a0b,PRESERVED_IN_COMPLETE_ARCHIVE
WL-REC-0103,WL-REC-0103,docs/history/owner-inputs/record-20261010/originals/WORK-LAB_UI前端深化任务包_v2.zip,WORK-LAB_UI_深化_v2/contracts/page_manifest.json,sha256:2f9fb93683676729d45a38ae6d638ce486fd87e11dddc4c4afa35ce9a8e4e450,7270,2f9fb93683676729d45a38ae6d638ce486fd87e11dddc4c4afa35ce9a8e4e450,83eed721,PRESERVED_IN_COMPLETE_ARCHIVE
WL-REC-0103,WL-REC-0103,docs/history/owner-inputs/record-20261010/originals/WORK-LAB_UI前端深化任务包_v2.zip,WORK-LAB_UI_深化_v2/contracts/slice_manifest.json,sha256:e017343128a91c1ec70f0bb994cdd8186f7ff12301dbd56858e5b05ef6c3188c,11835,e017343128a91c1ec70f0bb994cdd8186f7ff12301dbd56858e5b05ef6c3188c,31425437,PRESERVED_IN_COMPLETE_ARCHIVE
WL-REC-0103,WL-REC-0103,docs/history/owner-inputs/record-20261010/originals/WORK-LAB_UI前端深化任务包_v2.zip,WORK-LAB_UI_深化_v2/design/00_深化界面总览.jpg,sha256:395b4e57be9977999fb8ebd4c55de872700409c9ed64c3d50a582df501a67c6a,355717,395b4e57be9977999fb8ebd4c55de872700409c9ed64c3d50a582df501a67c6a,e020dd65,PRESERVED_IN_COMPLETE_ARCHIVE
WL-REC-0103,WL-REC-0103,docs/history/owner-inputs/record-20261010/originals/WORK-LAB_UI前端深化任务包_v2.zip,WORK-LAB_UI_深化_v2/design/png/01_projects.png,sha256:8d0727eca2cfe02dcd5ce43eed99740c40615a4f5fc8cc31e5dd716b9b9830f6,348669,8d0727eca2cfe02dcd5ce43eed99740c40615a4f5fc8cc31e5dd716b9b9830f6,46708ad6,PRESERVED_IN_COMPLETE_ARCHIVE
WL-REC-0103,WL-REC-0103,docs/history/owner-inputs/record-20261010/originals/WORK-LAB_UI前端深化任务包_v2.zip,WORK-LAB_UI_深化_v2/design/png/01_projects_light.png,sha256:1f48461bc628b4947d1935f32e5d9d8650df031fc9894717257ee45f7630c321,347604,1f48461bc628b4947d1935f32e5d9d8650df031fc9894717257ee45f7630c321,a855643c,PRESERVED_IN_COMPLETE_ARCHIVE
WL-REC-0103,WL-REC-0103,docs/history/owner-inputs/record-20261010/originals/WORK-LAB_UI前端深化任务包_v2.zip,WORK-LAB_UI_深化_v2/design/png/02_asset_import.png,sha256:8c1d463dd6b24c663549c427dd21b52dfe3333d28cc0d0c490eb05fd3450f142,342296,8c1d463dd6b24c663549c427dd21b52dfe3333d28cc0d0c490eb05fd3450f142,9c16c043,PRESERVED_IN_COMPLETE_ARCHIVE
WL-REC-0103,WL-REC-0103,docs/history/owner-inputs/record-20261010/originals/WORK-LAB_UI前端深化任务包_v2.zip,WORK-LAB_UI_深化_v2/design/png/02_asset_import_light.png,sha256:bfac8ff274af2753fbc2595d6abfe081c1507e8b0bc7e3bf7a6df0044a97cccc,340889,bfac8ff274af2753fbc2595d6abfe081c1507e8b0bc7e3bf7a6df0044a97cccc,ce21f659,PRESERVED_IN_COMPLETE_ARCHIVE
WL-REC-0103,WL-REC-0103,docs/history/owner-inputs/record-20261010/originals/WORK-LAB_UI前端深化任务包_v2.zip,WORK-LAB_UI_深化_v2/design/png/03_asset_evaluation.png,sha256:5a2034fe8d1e6ed60a1022298778efc4a55d6339a66400da185722344ddff5a2,361375,5a2034fe8d1e6ed60a1022298778efc4a55d6339a66400da185722344ddff5a2,53e22c3f,PRESERVED_IN_COMPLETE_ARCHIVE
WL-REC-0103,WL-REC-0103,docs/history/owner-inputs/record-20261010/originals/WORK-LAB_UI前端深化任务包_v2.zip,WORK-LAB_UI_深化_v2/design/png/03_asset_evaluation_light.png,sha256:4d450b1194201df03cb85899833d0737e19ef0439afa5658556d0d339eab97be,362048,4d450b1194201df03cb85899833d0737e19ef0439afa5658556d0d339eab97be,04c27d3d,PRESERVED_IN_COMPLETE_ARCHIVE
WL-REC-0103,WL-REC-0103,docs/history/owner-inputs/record-20261010/originals/WORK-LAB_UI前端深化任务包_v2.zip,WORK-LAB_UI_深化_v2/design/png/04_migration_plan.png,sha256:df6e0078582bb5516d1545df644c64a7f7a8949722e79e93908d7a936e984770,371338,df6e0078582bb5516d1545df644c64a7f7a8949722e79e93908d7a936e984770,989da7fd,PRESERVED_IN_COMPLETE_ARCHIVE
WL-REC-0103,WL-REC-0103,docs/history/owner-inputs/record-20261010/originals/WORK-LAB_UI前端深化任务包_v2.zip,WORK-LAB_UI_深化_v2/design/png/04_migration_plan_light.png,sha256:dd5236120979e9ed9dcc5119007b6840236d6ff11c79efa8c96d3016c01b4b00,369468,dd5236120979e9ed9dcc5119007b6840236d6ff11c79efa8c96d3016c01b4b00,7b4d47c2,PRESERVED_IN_COMPLETE_ARCHIVE
WL-REC-0103,WL-REC-0103,docs/history/owner-inputs/record-20261010/originals/WORK-LAB_UI前端深化任务包_v2.zip,WORK-LAB_UI_深化_v2/design/png/05_migration_failure.png,sha256:c66188c354a0a9df0877443258990e574c336320caaaf6301485641d66fe9acf,345311,c66188c354a0a9df0877443258990e574c336320caaaf6301485641d66fe9acf,c2a6f99c,PRESERVED_IN_COMPLETE_ARCHIVE
WL-REC-0103,WL-REC-0103,docs/history/owner-inputs/record-20261010/originals/WORK-LAB_UI前端深化任务包_v2.zip,WORK-LAB_UI_深化_v2/design/png/05_migration_failure_light.png,sha256:721f4a350adcae6aed91411fc471420796fba31336cfb7fac380ef141b93522b,343539,721f4a350adcae6aed91411fc471420796fba31336cfb7fac380ef141b93522b,8f2289c9,PRESERVED_IN_COMPLETE_ARCHIVE
WL-REC-0103,WL-REC-0103,docs/history/owner-inputs/record-20261010/originals/WORK-LAB_UI前端深化任务包_v2.zip,WORK-LAB_UI_深化_v2/design/png/06_migration_readback.png,sha256:054bba2d4c762ef2088af0ea86f967e3a335d4dc6116c3756c6571422085ba5f,375245,054bba2d4c762ef2088af0ea86f967e3a335d4dc6116c3756c6571422085ba5f,aa70bf10,PRESERVED_IN_COMPLETE_ARCHIVE
WL-REC-0103,WL-REC-0103,docs/history/owner-inputs/record-20261010/originals/WORK-LAB_UI前端深化任务包_v2.zip,WORK-LAB_UI_深化_v2/design/png/06_migration_readback_light.png,sha256:e401d3277ee9d4337bf64580986a0260cf477ec240357ad4f4c55d2c077b7966,373517,e401d3277ee9d4337bf64580986a0260cf477ec240357ad4f4c55d2c077b7966,5d392e1a,PRESERVED_IN_COMPLETE_ARCHIVE
WL-REC-0103,WL-REC-0103,docs/history/owner-inputs/record-20261010/originals/WORK-LAB_UI前端深化任务包_v2.zip,WORK-LAB_UI_深化_v2/design/png/07_onboarding.png,sha256:e56272cdc8c661f7a4c4d027c4e903807e13d586ec7b91950fa96b34fb48abbe,353879,e56272cdc8c661f7a4c4d027c4e903807e13d586ec7b91950fa96b34fb48abbe,9f770a62,PRESERVED_IN_COMPLETE_ARCHIVE
WL-REC-0103,WL-REC-0103,docs/history/owner-inputs/record-20261010/originals/WORK-LAB_UI前端深化任务包_v2.zip,WORK-LAB_UI_深化_v2/design/png/07_onboarding_light.png,sha256:cb32f34258bdefeb299d353a1c13421ed27d4ec04394782f763021392a7e5c4b,354831,cb32f34258bdefeb299d353a1c13421ed27d4ec04394782f763021392a7e5c4b,a00ecdfe,PRESERVED_IN_COMPLETE_ARCHIVE
WL-REC-0103,WL-REC-0103,docs/history/owner-inputs/record-20261010/originals/WORK-LAB_UI前端深化任务包_v2.zip,WORK-LAB_UI_深化_v2/design/png/08_rule_merge.png,sha256:2eeea575e05c70ea200e3e791cb1f6f554368ed8fe300c5d6870e5ae9ec477fe,311432,2eeea575e05c70ea200e3e791cb1f6f554368ed8fe300c5d6870e5ae9ec477fe,9c9048bd,PRESERVED_IN_COMPLETE_ARCHIVE
WL-REC-0103,WL-REC-0103,docs/history/owner-inputs/record-20261010/originals/WORK-LAB_UI前端深化任务包_v2.zip,WORK-LAB_UI_深化_v2/design/png/08_rule_merge_light.png,sha256:427cb5604f5eb09288913d45f8510df2ccbb9d73ca032c0c3126bacee6a96458,310848,427cb5604f5eb09288913d45f8510df2ccbb9d73ca032c0c3126bacee6a96458,cb23aae4,PRESERVED_IN_COMPLETE_ARCHIVE
WL-REC-0103,WL-REC-0103,docs/history/owner-inputs/record-20261010/originals/WORK-LAB_UI前端深化任务包_v2.zip,WORK-LAB_UI_深化_v2/design/png/09_mobile_projects.png,sha256:e8e996f6c6dce0383b867d1d8cf4e3215783cadf65e312f489dfdfb7677e1000,200117,e8e996f6c6dce0383b867d1d8cf4e3215783cadf65e312f489dfdfb7677e1000,8003689b,PRESERVED_IN_COMPLETE_ARCHIVE
WL-REC-0103,WL-REC-0103,docs/history/owner-inputs/record-20261010/originals/WORK-LAB_UI前端深化任务包_v2.zip,WORK-LAB_UI_深化_v2/design/png/09_mobile_projects_light.png,sha256:8b9a8fd110aa148204e498c557d9d01d08a3cfe6aee01e95b5fcc71b99533bf7,200382,8b9a8fd110aa148204e498c557d9d01d08a3cfe6aee01e95b5fcc71b99533bf7,ea656cc0,PRESERVED_IN_COMPLETE_ARCHIVE
WL-REC-0103,WL-REC-0103,docs/history/owner-inputs/record-20261010/originals/WORK-LAB_UI前端深化任务包_v2.zip,WORK-LAB_UI_深化_v2/design/png/10_mobile_migration.png,sha256:1541860b9a7cf815b4922b44fb89946a42ed9a065c6fb8f757c6ab94b7d3faa4,224579,1541860b9a7cf815b4922b44fb89946a42ed9a065c6fb8f757c6ab94b7d3faa4,25143c7e,PRESERVED_IN_COMPLETE_ARCHIVE
WL-REC-0103,WL-REC-0103,docs/history/owner-inputs/record-20261010/originals/WORK-LAB_UI前端深化任务包_v2.zip,WORK-LAB_UI_深化_v2/design/png/10_mobile_migration_light.png,sha256:96b975475399efcf5418a1572757c1ff8622aafc9a737e770a627bffab4bf014,226127,96b975475399efcf5418a1572757c1ff8622aafc9a737e770a627bffab4bf014,acdb92d8,PRESERVED_IN_COMPLETE_ARCHIVE
WL-REC-0103,WL-REC-0103,docs/history/owner-inputs/record-20261010/originals/WORK-LAB_UI前端深化任务包_v2.zip,WORK-LAB_UI_深化_v2/design/scenes/01_projects.json,sha256:d832f391665cc1af4156bc6d563625dc4f956e4a289e279c5f419014d4f141c0,15677,d832f391665cc1af4156bc6d563625dc4f956e4a289e279c5f419014d4f141c0,fd1e6e12,PRESERVED_IN_COMPLETE_ARCHIVE
WL-REC-0103,WL-REC-0103,docs/history/owner-inputs/record-20261010/originals/WORK-LAB_UI前端深化任务包_v2.zip,WORK-LAB_UI_深化_v2/design/scenes/01_projects_light.json,sha256:21465dad789ee72ebc860825ef112d14cdd4c1845bf99cc3c7322b2f01d443ec,15684,21465dad789ee72ebc860825ef112d14cdd4c1845bf99cc3c7322b2f01d443ec,0b80b9cc,PRESERVED_IN_COMPLETE_ARCHIVE
WL-REC-0103,WL-REC-0103,docs/history/owner-inputs/record-20261010/originals/WORK-LAB_UI前端深化任务包_v2.zip,WORK-LAB_UI_深化_v2/design/scenes/02_asset_import.json,sha256:654f287616c80fa18b3bf48b5c2346e32fa59d776d8ed27854289016439d41a6,12407,654f287616c80fa18b3bf48b5c2346e32fa59d776d8ed27854289016439d41a6,c326c58f,PRESERVED_IN_COMPLETE_ARCHIVE
WL-REC-0103,WL-REC-0103,docs/history/owner-inputs/record-20261010/originals/WORK-LAB_UI前端深化任务包_v2.zip,WORK-LAB_UI_深化_v2/design/scenes/02_asset_import_light.json,sha256:36df9f0bb99ba9a7cc2884fa45152feff94c1a3d5abcd1de49fc41fe0fad6fa7,12414,36df9f0bb99ba9a7cc2884fa45152feff94c1a3d5abcd1de49fc41fe0fad6fa7,37f2daad,PRESERVED_IN_COMPLETE_ARCHIVE
WL-REC-0103,WL-REC-0103,docs/history/owner-inputs/record-20261010/originals/WORK-LAB_UI前端深化任务包_v2.zip,WORK-LAB_UI_深化_v2/design/scenes/03_asset_evaluation.json,sha256:4963e159be80ca54913433d836c3428f94b1699aed3e93151548b4f17b73ac4a,12033,4963e159be80ca54913433d836c3428f94b1699aed3e93151548b4f17b73ac4a,e6fc260c,PRESERVED_IN_COMPLETE_ARCHIVE
WL-REC-0103,WL-REC-0103,docs/history/owner-inputs/record-20261010/originals/WORK-LAB_UI前端深化任务包_v2.zip,WORK-LAB_UI_深化_v2/design/scenes/03_asset_evaluation_light.json,sha256:22e164efd2d66c35e82a0768f6b748e95d894f3e8364e8eeeb68f75bde76b672,12040,22e164efd2d66c35e82a0768f6b748e95d894f3e8364e8eeeb68f75bde76b672,c902a609,PRESERVED_IN_COMPLETE_ARCHIVE
WL-REC-0103,WL-REC-0103,docs/history/owner-inputs/record-20261010/originals/WORK-LAB_UI前端深化任务包_v2.zip,WORK-LAB_UI_深化_v2/design/scenes/04_migration_plan.json,sha256:858f1a2a34e9c94a4eb12baddde4e3b036887538a9377f61cfe9796445596197,13293,858f1a2a34e9c94a4eb12baddde4e3b036887538a9377f61cfe9796445596197,0bed8103,PRESERVED_IN_COMPLETE_ARCHIVE
WL-REC-0103,WL-REC-0103,docs/history/owner-inputs/record-20261010/originals/WORK-LAB_UI前端深化任务包_v2.zip,WORK-LAB_UI_深化_v2/design/scenes/04_migration_plan_light.json,sha256:1c47f7bf41a5436fedc535a5f016331b43ee120a22c1ddb61c899246ec5029d4,13300,1c47f7bf41a5436fedc535a5f016331b43ee120a22c1ddb61c899246ec5029d4,be25fa18,PRESERVED_IN_COMPLETE_ARCHIVE
WL-REC-0103,WL-REC-0103,docs/history/owner-inputs/record-20261010/originals/WORK-LAB_UI前端深化任务包_v2.zip,WORK-LAB_UI_深化_v2/design/scenes/05_migration_failure.json,sha256:9cbbba01c4e69569b902dc0bd2b46e70ff7200db0bef58d93c9f4a06ba684735,11031,9cbbba01c4e69569b902dc0bd2b46e70ff7200db0bef58d93c9f4a06ba684735,9b5c0311,PRESERVED_IN_COMPLETE_ARCHIVE
WL-REC-0103,WL-REC-0103,docs/history/owner-inputs/record-20261010/originals/WORK-LAB_UI前端深化任务包_v2.zip,WORK-LAB_UI_深化_v2/design/scenes/05_migration_failure_light.json,sha256:ad6c2f4711279cccae72f802779d40301ca739980ba21e5a7566504811b937ce,11038,ad6c2f4711279cccae72f802779d40301ca739980ba21e5a7566504811b937ce,164cf898,PRESERVED_IN_COMPLETE_ARCHIVE
WL-REC-0103,WL-REC-0103,docs/history/owner-inputs/record-20261010/originals/WORK-LAB_UI前端深化任务包_v2.zip,WORK-LAB_UI_深化_v2/design/scenes/06_migration_readback.json,sha256:2b0b1d1a8a5022f2bb0877888428e60a052734ceb0265e0deca41a3967534ad2,11760,2b0b1d1a8a5022f2bb0877888428e60a052734ceb0265e0deca41a3967534ad2,c109c54a,PRESERVED_IN_COMPLETE_ARCHIVE
WL-REC-0103,WL-REC-0103,docs/history/owner-inputs/record-20261010/originals/WORK-LAB_UI前端深化任务包_v2.zip,WORK-LAB_UI_深化_v2/design/scenes/06_migration_readback_light.json,sha256:9eac627a3eb6a2ce54a6f1c4488ffca32665f2f27c4d5d3be79d05fa966c9479,11767,9eac627a3eb6a2ce54a6f1c4488ffca32665f2f27c4d5d3be79d05fa966c9479,ac8c471d,PRESERVED_IN_COMPLETE_ARCHIVE
WL-REC-0103,WL-REC-0103,docs/history/owner-inputs/record-20261010/originals/WORK-LAB_UI前端深化任务包_v2.zip,WORK-LAB_UI_深化_v2/design/scenes/07_onboarding.json,sha256:6d4d8f1e68591fdda5f087c78f634b5b614842b6a4f4d8e27a092da6a19498a0,12608,6d4d8f1e68591fdda5f087c78f634b5b614842b6a4f4d8e27a092da6a19498a0,3380c26d,PRESERVED_IN_COMPLETE_ARCHIVE
WL-REC-0103,WL-REC-0103,docs/history/owner-inputs/record-20261010/originals/WORK-LAB_UI前端深化任务包_v2.zip,WORK-LAB_UI_深化_v2/design/scenes/07_onboarding_light.json,sha256:160492545319f1ac40753f0bcf33d132e00359f7663aef067cd373851dbdb8ee,12615,160492545319f1ac40753f0bcf33d132e00359f7663aef067cd373851dbdb8ee,4f1bb1fa,PRESERVED_IN_COMPLETE_ARCHIVE
WL-REC-0103,WL-REC-0103,docs/history/owner-inputs/record-20261010/originals/WORK-LAB_UI前端深化任务包_v2.zip,WORK-LAB_UI_深化_v2/design/scenes/08_rule_merge.json,sha256:8579d9a961a4eecc1cc9421879b9579ac27cc2eb5f392a4835d8e4a2eb25a18d,12464,8579d9a961a4eecc1cc9421879b9579ac27cc2eb5f392a4835d8e4a2eb25a18d,229b0ac9,PRESERVED_IN_COMPLETE_ARCHIVE
WL-REC-0103,WL-REC-0103,docs/history/owner-inputs/record-20261010/originals/WORK-LAB_UI前端深化任务包_v2.zip,WORK-LAB_UI_深化_v2/design/scenes/08_rule_merge_light.json,sha256:1a4671a17d8d9d74360f0c01caee623950c62530488e66969cf1053acd16369d,12471,1a4671a17d8d9d74360f0c01caee623950c62530488e66969cf1053acd16369d,66864771,PRESERVED_IN_COMPLETE_ARCHIVE
WL-REC-0103,WL-REC-0103,docs/history/owner-inputs/record-20261010/originals/WORK-LAB_UI前端深化任务包_v2.zip,WORK-LAB_UI_深化_v2/design/scenes/09_mobile_projects.json,sha256:9c822a3032e134453a597be7642f8e6224c13521e9abc9c242e81b6fe25c0e6a,6897,9c822a3032e134453a597be7642f8e6224c13521e9abc9c242e81b6fe25c0e6a,8fc4a7c0,PRESERVED_IN_COMPLETE_ARCHIVE
WL-REC-0103,WL-REC-0103,docs/history/owner-inputs/record-20261010/originals/WORK-LAB_UI前端深化任务包_v2.zip,WORK-LAB_UI_深化_v2/design/scenes/09_mobile_projects_light.json,sha256:11dffb8409ec3a89756e4424ab00d0ae6649bcd28aa4d6e4f529dbe4dae480cd,6904,11dffb8409ec3a89756e4424ab00d0ae6649bcd28aa4d6e4f529dbe4dae480cd,3d27eef7,PRESERVED_IN_COMPLETE_ARCHIVE
WL-REC-0103,WL-REC-0103,docs/history/owner-inputs/record-20261010/originals/WORK-LAB_UI前端深化任务包_v2.zip,WORK-LAB_UI_深化_v2/design/scenes/10_mobile_migration.json,sha256:ebbd1da194563b6d413cf506cad12830e2e76dae1578e0f537c0cbfd1a76a01f,6249,ebbd1da194563b6d413cf506cad12830e2e76dae1578e0f537c0cbfd1a76a01f,691fdec9,PRESERVED_IN_COMPLETE_ARCHIVE
WL-REC-0103,WL-REC-0103,docs/history/owner-inputs/record-20261010/originals/WORK-LAB_UI前端深化任务包_v2.zip,WORK-LAB_UI_深化_v2/design/scenes/10_mobile_migration_light.json,sha256:5edf1e5fa4e8021823d763ce9835785cf889a1e9512901f53b4291792d067025,6256,5edf1e5fa4e8021823d763ce9835785cf889a1e9512901f53b4291792d067025,4fef638f,PRESERVED_IN_COMPLETE_ARCHIVE
WL-REC-0103,WL-REC-0103,docs/history/owner-inputs/record-20261010/originals/WORK-LAB_UI前端深化任务包_v2.zip,WORK-LAB_UI_深化_v2/design/svg/01_projects.svg,sha256:cb030827ef75abe57f7ce054fc74f456f3a26663a22a44bc9665aca932a4157b,149933,cb030827ef75abe57f7ce054fc74f456f3a26663a22a44bc9665aca932a4157b,2b749402,PRESERVED_IN_COMPLETE_ARCHIVE
WL-REC-0103,WL-REC-0103,docs/history/owner-inputs/record-20261010/originals/WORK-LAB_UI前端深化任务包_v2.zip,WORK-LAB_UI_深化_v2/design/svg/01_projects_light.svg,sha256:2c09b187709d8641389dafffe234b5d6c3f5c2ba96b78cb82962b867b01b5ef1,149933,2c09b187709d8641389dafffe234b5d6c3f5c2ba96b78cb82962b867b01b5ef1,2ae6d066,PRESERVED_IN_COMPLETE_ARCHIVE
WL-REC-0103,WL-REC-0103,docs/history/owner-inputs/record-20261010/originals/WORK-LAB_UI前端深化任务包_v2.zip,WORK-LAB_UI_深化_v2/design/svg/02_asset_import.svg,sha256:bdcd2eb4c931b00572cb7ff36a2fb1feaa06ff73071a6f6560e059bfb24d13b0,140603,bdcd2eb4c931b00572cb7ff36a2fb1feaa06ff73071a6f6560e059bfb24d13b0,00659355,PRESERVED_IN_COMPLETE_ARCHIVE
WL-REC-0103,WL-REC-0103,docs/history/owner-inputs/record-20261010/originals/WORK-LAB_UI前端深化任务包_v2.zip,WORK-LAB_UI_深化_v2/design/svg/02_asset_import_light.svg,sha256:e106fb57256803769a680a188425c5fd9c036106f0f553ef21c490b79f80969e,140603,e106fb57256803769a680a188425c5fd9c036106f0f553ef21c490b79f80969e,e3d31d98,PRESERVED_IN_COMPLETE_ARCHIVE
WL-REC-0103,WL-REC-0103,docs/history/owner-inputs/record-20261010/originals/WORK-LAB_UI前端深化任务包_v2.zip,WORK-LAB_UI_深化_v2/design/svg/03_asset_evaluation.svg,sha256:c6cb006d2e2b96e8e8ed75893ea4b4aa1dec2af85a34e4494b380f9e182c67c3,141768,c6cb006d2e2b96e8e8ed75893ea4b4aa1dec2af85a34e4494b380f9e182c67c3,031c8e55,PRESERVED_IN_COMPLETE_ARCHIVE
WL-REC-0103,WL-REC-0103,docs/history/owner-inputs/record-20261010/originals/WORK-LAB_UI前端深化任务包_v2.zip,WORK-LAB_UI_深化_v2/design/svg/03_asset_evaluation_light.svg,sha256:3d4181b5f99c24f0add6554e1022825a37f1efa20ebcf73c1fc6db59ec58a390,141768,3d4181b5f99c24f0add6554e1022825a37f1efa20ebcf73c1fc6db59ec58a390,055698fc,PRESERVED_IN_COMPLETE_ARCHIVE
WL-REC-0103,WL-REC-0103,docs/history/owner-inputs/record-20261010/originals/WORK-LAB_UI前端深化任务包_v2.zip,WORK-LAB_UI_深化_v2/design/svg/04_migration_plan.svg,sha256:33668ffbee0f63877cf0e5f99405578c33326d40da3d5b9425b2693166427f39,158997,33668ffbee0f63877cf0e5f99405578c33326d40da3d5b9425b2693166427f39,691d9219,PRESERVED_IN_COMPLETE_ARCHIVE
WL-REC-0103,WL-REC-0103,docs/history/owner-inputs/record-20261010/originals/WORK-LAB_UI前端深化任务包_v2.zip,WORK-LAB_UI_深化_v2/design/svg/04_migration_plan_light.svg,sha256:41f4efc55b280d87c9680c50d6b9081aa0f964bc0ec9eb6dd8408909f969ef34,158997,41f4efc55b280d87c9680c50d6b9081aa0f964bc0ec9eb6dd8408909f969ef34,89bb0dec,PRESERVED_IN_COMPLETE_ARCHIVE
WL-REC-0103,WL-REC-0103,docs/history/owner-inputs/record-20261010/originals/WORK-LAB_UI前端深化任务包_v2.zip,WORK-LAB_UI_深化_v2/design/svg/05_migration_failure.svg,sha256:ea216c25b587fc157772ef1977e00d67c6352e30947a4a006576c9ee68970a51,145960,ea216c25b587fc157772ef1977e00d67c6352e30947a4a006576c9ee68970a51,c734dcd5,PRESERVED_IN_COMPLETE_ARCHIVE
WL-REC-0103,WL-REC-0103,docs/history/owner-inputs/record-20261010/originals/WORK-LAB_UI前端深化任务包_v2.zip,WORK-LAB_UI_深化_v2/design/svg/05_migration_failure_light.svg,sha256:752bffa672c4367cb1ae6c4ee0e0cc60633451f6319b985d6c6b4c446ad7fc81,145960,752bffa672c4367cb1ae6c4ee0e0cc60633451f6319b985d6c6b4c446ad7fc81,b3905de5,PRESERVED_IN_COMPLETE_ARCHIVE
WL-REC-0103,WL-REC-0103,docs/history/owner-inputs/record-20261010/originals/WORK-LAB_UI前端深化任务包_v2.zip,WORK-LAB_UI_深化_v2/design/svg/06_migration_readback.svg,sha256:ff888eb07197f370b064d139b3b28cb64f077789292a24543fc2ef4cf167aaa7,151408,ff888eb07197f370b064d139b3b28cb64f077789292a24543fc2ef4cf167aaa7,ffdd7b9e,PRESERVED_IN_COMPLETE_ARCHIVE
WL-REC-0103,WL-REC-0103,docs/history/owner-inputs/record-20261010/originals/WORK-LAB_UI前端深化任务包_v2.zip,WORK-LAB_UI_深化_v2/design/svg/06_migration_readback_light.svg,sha256:a6844c8d4c30fc3cf88f83a098cff06d9f287c3a51bd5a8acab91e96209303da,151408,a6844c8d4c30fc3cf88f83a098cff06d9f287c3a51bd5a8acab91e96209303da,b5af6390,PRESERVED_IN_COMPLETE_ARCHIVE
WL-REC-0103,WL-REC-0103,docs/history/owner-inputs/record-20261010/originals/WORK-LAB_UI前端深化任务包_v2.zip,WORK-LAB_UI_深化_v2/design/svg/07_onboarding.svg,sha256:55c4a7fb1dc14afe857349dcc1e7221b370cb1a1b6f2f4c3892d729bab0a04b5,142151,55c4a7fb1dc14afe857349dcc1e7221b370cb1a1b6f2f4c3892d729bab0a04b5,409ec8b6,PRESERVED_IN_COMPLETE_ARCHIVE
WL-REC-0103,WL-REC-0103,docs/history/owner-inputs/record-20261010/originals/WORK-LAB_UI前端深化任务包_v2.zip,WORK-LAB_UI_深化_v2/design/svg/07_onboarding_light.svg,sha256:2974ce5cda0bd1eaf1ee05848d8585f74413dfbba30fa7efa1904a05defe86bb,142151,2974ce5cda0bd1eaf1ee05848d8585f74413dfbba30fa7efa1904a05defe86bb,b037aa29,PRESERVED_IN_COMPLETE_ARCHIVE
WL-REC-0103,WL-REC-0103,docs/history/owner-inputs/record-20261010/originals/WORK-LAB_UI前端深化任务包_v2.zip,WORK-LAB_UI_深化_v2/design/svg/08_rule_merge.svg,sha256:1a34e4b9e45bb5e3bfd006245a4c3cb7c7710288c7ac3b04b07cdc7671e1ca3f,174050,1a34e4b9e45bb5e3bfd006245a4c3cb7c7710288c7ac3b04b07cdc7671e1ca3f,8e5d8404,PRESERVED_IN_COMPLETE_ARCHIVE
WL-REC-0103,WL-REC-0103,docs/history/owner-inputs/record-20261010/originals/WORK-LAB_UI前端深化任务包_v2.zip,WORK-LAB_UI_深化_v2/design/svg/08_rule_merge_light.svg,sha256:bd740bcd85a8a34d1a6bdd4d0e1386a73bf38441b0c2264e4369a7d36e0cad3f,174050,bd740bcd85a8a34d1a6bdd4d0e1386a73bf38441b0c2264e4369a7d36e0cad3f,776a5de8,PRESERVED_IN_COMPLETE_ARCHIVE
WL-REC-0103,WL-REC-0103,docs/history/owner-inputs/record-20261010/originals/WORK-LAB_UI前端深化任务包_v2.zip,WORK-LAB_UI_深化_v2/design/svg/09_mobile_projects.svg,sha256:4be8b786626fbd227e384c47f86c6ba926f3e26aa5c549c660f1fbe7d56540ac,51885,4be8b786626fbd227e384c47f86c6ba926f3e26aa5c549c660f1fbe7d56540ac,31e54667,PRESERVED_IN_COMPLETE_ARCHIVE
WL-REC-0103,WL-REC-0103,docs/history/owner-inputs/record-20261010/originals/WORK-LAB_UI前端深化任务包_v2.zip,WORK-LAB_UI_深化_v2/design/svg/09_mobile_projects_light.svg,sha256:b78234692de9f8c0335982d6ace197d40c71d86d002df066729d446a1f1e1ac7,51885,b78234692de9f8c0335982d6ace197d40c71d86d002df066729d446a1f1e1ac7,71c37390,PRESERVED_IN_COMPLETE_ARCHIVE
WL-REC-0103,WL-REC-0103,docs/history/owner-inputs/record-20261010/originals/WORK-LAB_UI前端深化任务包_v2.zip,WORK-LAB_UI_深化_v2/design/svg/10_mobile_migration.svg,sha256:d557e4767cc9c4cbb523c356e4eb1e47ed1e90aed572bf4c7af63d0f3a70c80c,56860,d557e4767cc9c4cbb523c356e4eb1e47ed1e90aed572bf4c7af63d0f3a70c80c,f942480f,PRESERVED_IN_COMPLETE_ARCHIVE
WL-REC-0103,WL-REC-0103,docs/history/owner-inputs/record-20261010/originals/WORK-LAB_UI前端深化任务包_v2.zip,WORK-LAB_UI_深化_v2/design/svg/10_mobile_migration_light.svg,sha256:e29bbfbd49a2eba2b9f98fa91faa8ff6087cafb1a9e95b3c3ed1939ecf444758,56860,e29bbfbd49a2eba2b9f98fa91faa8ff6087cafb1a9e95b3c3ed1939ecf444758,37987aea,PRESERVED_IN_COMPLETE_ARCHIVE
WL-REC-0103,WL-REC-0103,docs/history/owner-inputs/record-20261010/originals/WORK-LAB_UI前端深化任务包_v2.zip,WORK-LAB_UI_深化_v2/docs/01_流程与状态.md,sha256:4c03e5dc0bc02f7440a6e800d944dfc9b345bea6da692c5a5c63b6c0c4b31f2c,4678,4c03e5dc0bc02f7440a6e800d944dfc9b345bea6da692c5a5c63b6c0c4b31f2c,a71c58a4,PRESERVED_IN_COMPLETE_ARCHIVE
WL-REC-0103,WL-REC-0103,docs/history/owner-inputs/record-20261010/originals/WORK-LAB_UI前端深化任务包_v2.zip,WORK-LAB_UI_深化_v2/docs/02_组件与素材使用.md,sha256:8f7979e949e7ac88d339fb768c228bc62412a4ec0c202dad3f23fb23aaea263b,4073,8f7979e949e7ac88d339fb768c228bc62412a4ec0c202dad3f23fb23aaea263b,6762a259,PRESERVED_IN_COMPLETE_ARCHIVE
WL-REC-0103,WL-REC-0103,docs/history/owner-inputs/record-20261010/originals/WORK-LAB_UI前端深化任务包_v2.zip,WORK-LAB_UI_深化_v2/docs/03_接口绑定矩阵.csv,sha256:6e39065e29e9db82c636fa2355f4e1094694b41403cd83c5d7748f51b2078701,8471,6e39065e29e9db82c636fa2355f4e1094694b41403cd83c5d7748f51b2078701,456f17af,PRESERVED_IN_COMPLETE_ARCHIVE
WL-REC-0103,WL-REC-0103,docs/history/owner-inputs/record-20261010/originals/WORK-LAB_UI前端深化任务包_v2.zip,WORK-LAB_UI_深化_v2/docs/04_完成度与发布门槛.md,sha256:29199cec8e2fde7655c8134faad638d03f016258e293402cd28c480ef734ec48,2648,29199cec8e2fde7655c8134faad638d03f016258e293402cd28c480ef734ec48,8e9265a3,PRESERVED_IN_COMPLETE_ARCHIVE
WL-REC-0103,WL-REC-0103,docs/history/owner-inputs/record-20261010/originals/WORK-LAB_UI前端深化任务包_v2.zip,WORK-LAB_UI_深化_v2/docs/05_验收清单.csv,sha256:a10c39e3e82f5ed44f2e009fb648a711e1c518c91bc9601211e3eefdef4452d3,7100,a10c39e3e82f5ed44f2e009fb648a711e1c518c91bc9601211e3eefdef4452d3,4acb7f5e,PRESERVED_IN_COMPLETE_ARCHIVE
WL-REC-0103,WL-REC-0103,docs/history/owner-inputs/record-20261010/originals/WORK-LAB_UI前端深化任务包_v2.zip,WORK-LAB_UI_深化_v2/docs/06_页面组件与接口对应.md,sha256:ca58b87cedaa3662c8ef6a958855dd3269f2c8f63ee5ee14a1393029852284f3,2723,ca58b87cedaa3662c8ef6a958855dd3269f2c8f63ee5ee14a1393029852284f3,a8aef430,PRESERVED_IN_COMPLETE_ARCHIVE
WL-REC-0103,WL-REC-0103,docs/history/owner-inputs/record-20261010/originals/WORK-LAB_UI前端深化任务包_v2.zip,WORK-LAB_UI_深化_v2/docs/07_刷新与编辑边界.md,sha256:ee6ab3e424df94b1b82a0cfa4d96edf609870abe52262463bf4bea2e949c6b90,2810,ee6ab3e424df94b1b82a0cfa4d96edf609870abe52262463bf4bea2e949c6b90,f99a2a30,PRESERVED_IN_COMPLETE_ARCHIVE
WL-REC-0103,WL-REC-0103,docs/history/owner-inputs/record-20261010/originals/WORK-LAB_UI前端深化任务包_v2.zip,WORK-LAB_UI_深化_v2/inputs/01_WORK-LAB_最终任务书.md,sha256:07870bdf245633213580c415dc32c9b8dc77c4ff1341969f38af99744d3b0fb7,32277,07870bdf245633213580c415dc32c9b8dc77c4ff1341969f38af99744d3b0fb7,67dea133,PRESERVED_IN_COMPLETE_ARCHIVE
WL-REC-0103,WL-REC-0103,docs/history/owner-inputs/record-20261010/originals/WORK-LAB_UI前端深化任务包_v2.zip,WORK-LAB_UI_深化_v2/inputs/04_验收与冷启动清单.md,sha256:fab76e347a80b2067816dc9e64fd1fedaa5e199c9dcf5f839b9dc04da8455370,8286,fab76e347a80b2067816dc9e64fd1fedaa5e199c9dcf5f839b9dc04da8455370,fb35cb10,PRESERVED_IN_COMPLETE_ARCHIVE
WL-REC-0103,WL-REC-0103,docs/history/owner-inputs/record-20261010/originals/WORK-LAB_UI前端深化任务包_v2.zip,WORK-LAB_UI_深化_v2/inputs/README_来源快照.md,sha256:e558dfcd06e7ba899c0e88a67b934e7ae577950177de8bf609ca375e0dca3cb1,740,e558dfcd06e7ba899c0e88a67b934e7ae577950177de8bf609ca375e0dca3cb1,e3eba3c4,PRESERVED_IN_COMPLETE_ARCHIVE
WL-REC-0103,WL-REC-0103,docs/history/owner-inputs/record-20261010/originals/WORK-LAB_UI前端深化任务包_v2.zip,WORK-LAB_UI_深化_v2/inputs/UI_v1任务书_只读快照.md,sha256:335ed200090fe50016006d54eab4891110453b54cb8781d33d62148f55bf56c7,6334,335ed200090fe50016006d54eab4891110453b54cb8781d33d62148f55bf56c7,28fc6ef6,PRESERVED_IN_COMPLETE_ARCHIVE
WL-REC-0103,WL-REC-0103,docs/history/owner-inputs/record-20261010/originals/WORK-LAB_UI前端深化任务包_v2.zip,WORK-LAB_UI_深化_v2/inputs/WORK-LAB_前端与权威一致性整理方案.md,sha256:8f8e7fcd10dff2e9058804694a1f52d217e8d03317dbcee3fdd798bee5775b63,14084,8f8e7fcd10dff2e9058804694a1f52d217e8d03317dbcee3fdd798bee5775b63,69650e56,PRESERVED_IN_COMPLETE_ARCHIVE
WL-REC-0103,WL-REC-0103,docs/history/owner-inputs/record-20261010/originals/WORK-LAB_UI前端深化任务包_v2.zip,WORK-LAB_UI_深化_v2/inputs/WORK-LAB_本对话最终任务包_20261009.zip,sha256:3740f98aadfce5e13a046f09773bbad362f0d3bceb32d65a0951065dd21237f7,260293,3740f98aadfce5e13a046f09773bbad362f0d3bceb32d65a0951065dd21237f7,75578eaf,PRESERVED_IN_COMPLETE_ARCHIVE
WL-REC-0103,WL-REC-0103,docs/history/owner-inputs/record-20261010/originals/WORK-LAB_UI前端深化任务包_v2.zip,WORK-LAB_UI_深化_v2/inputs/WORK-LAB_本对话最终任务包_20261009.zip ! WORK-LAB_final_20261009/00_先读我.md,sha256:2a2766274139bb7943af434ecb5e547d96bc62de26f48f46ed15dc2c88f0fcf8,3943,2a2766274139bb7943af434ecb5e547d96bc62de26f48f46ed15dc2c88f0fcf8,9c332674,PRESERVED_IN_COMPLETE_ARCHIVE
WL-REC-0103,WL-REC-0103,docs/history/owner-inputs/record-20261010/originals/WORK-LAB_UI前端深化任务包_v2.zip,WORK-LAB_UI_深化_v2/inputs/WORK-LAB_本对话最终任务包_20261009.zip ! WORK-LAB_final_20261009/01_WORK-LAB_最终任务书.md,sha256:07870bdf245633213580c415dc32c9b8dc77c4ff1341969f38af99744d3b0fb7,32277,07870bdf245633213580c415dc32c9b8dc77c4ff1341969f38af99744d3b0fb7,67dea133,PRESERVED_IN_COMPLETE_ARCHIVE
WL-REC-0103,WL-REC-0103,docs/history/owner-inputs/record-20261010/originals/WORK-LAB_UI前端深化任务包_v2.zip,WORK-LAB_UI_深化_v2/inputs/WORK-LAB_本对话最终任务包_20261009.zip ! WORK-LAB_final_20261009/02_交给CODEX或HERMES的执行提示词.md,sha256:1157e08f07db2581c26d1de1f9f180b6cd94bbc4795a1aab660e4ba3646be99a,8332,1157e08f07db2581c26d1de1f9f180b6cd94bbc4795a1aab660e4ba3646be99a,65066c10,PRESERVED_IN_COMPLETE_ARCHIVE
WL-REC-0103,WL-REC-0103,docs/history/owner-inputs/record-20261010/originals/WORK-LAB_UI前端深化任务包_v2.zip,WORK-LAB_UI_深化_v2/inputs/WORK-LAB_本对话最终任务包_20261009.zip ! WORK-LAB_final_20261009/03_内容覆盖与来源.csv,sha256:bff4b8e6ee5cf0254a2030e3ae227fd97a98cb94058ce27b61afe74cca6f2b80,5792,bff4b8e6ee5cf0254a2030e3ae227fd97a98cb94058ce27b61afe74cca6f2b80,18def1dd,PRESERVED_IN_COMPLETE_ARCHIVE
WL-REC-0103,WL-REC-0103,docs/history/owner-inputs/record-20261010/originals/WORK-LAB_UI前端深化任务包_v2.zip,WORK-LAB_UI_深化_v2/inputs/WORK-LAB_本对话最终任务包_20261009.zip ! WORK-LAB_final_20261009/04_验收与冷启动清单.md,sha256:fab76e347a80b2067816dc9e64fd1fedaa5e199c9dcf5f839b9dc04da8455370,8286,fab76e347a80b2067816dc9e64fd1fedaa5e199c9dcf5f839b9dc04da8455370,fb35cb10,PRESERVED_IN_COMPLETE_ARCHIVE
WL-REC-0103,WL-REC-0103,docs/history/owner-inputs/record-20261010/originals/WORK-LAB_UI前端深化任务包_v2.zip,WORK-LAB_UI_深化_v2/inputs/WORK-LAB_本对话最终任务包_20261009.zip ! WORK-LAB_final_20261009/05_另两个项目的协作对账提示词.md,sha256:d4aad84596ada6b7d0e02d8946fd80d9fefb219e6c2b9dc0133255976f10dd27,4023,d4aad84596ada6b7d0e02d8946fd80d9fefb219e6c2b9dc0133255976f10dd27,146701b0,PRESERVED_IN_COMPLETE_ARCHIVE
WL-REC-0103,WL-REC-0103,docs/history/owner-inputs/record-20261010/originals/WORK-LAB_UI前端深化任务包_v2.zip,WORK-LAB_UI_深化_v2/inputs/WORK-LAB_本对话最终任务包_20261009.zip ! WORK-LAB_final_20261009/MANIFEST.json,sha256:4f768cfadc67c104c2c171849fcb101fd1991025846015d18e3886b42be00b26,12725,4f768cfadc67c104c2c171849fcb101fd1991025846015d18e3886b42be00b26,415f03dc,PRESERVED_IN_COMPLETE_ARCHIVE
WL-REC-0103,WL-REC-0103,docs/history/owner-inputs/record-20261010/originals/WORK-LAB_UI前端深化任务包_v2.zip,WORK-LAB_UI_深化_v2/inputs/WORK-LAB_本对话最终任务包_20261009.zip ! WORK-LAB_final_20261009/SOURCE_MANIFEST.json,sha256:c5e4104a2b86bf8f78cdab1feb20bbc379c387fe1c9fe9fcc1e33e2a643db8cb,1782,c5e4104a2b86bf8f78cdab1feb20bbc379c387fe1c9fe9fcc1e33e2a643db8cb,10fe796b,PRESERVED_IN_COMPLETE_ARCHIVE
WL-REC-0103,WL-REC-0103,docs/history/owner-inputs/record-20261010/originals/WORK-LAB_UI前端深化任务包_v2.zip,WORK-LAB_UI_深化_v2/inputs/WORK-LAB_本对话最终任务包_20261009.zip ! WORK-LAB_final_20261009/inputs/conversation_decisions.json,sha256:ad0873bfa0fc669c5a1208fbd2d7786a50245d35b9ebfb52219fbfbc0dabf0d2,1788,ad0873bfa0fc669c5a1208fbd2d7786a50245d35b9ebfb52219fbfbc0dabf0d2,a67e5c07,PRESERVED_IN_COMPLETE_ARCHIVE
WL-REC-0103,WL-REC-0103,docs/history/owner-inputs/record-20261010/originals/WORK-LAB_UI前端深化任务包_v2.zip,WORK-LAB_UI_深化_v2/inputs/WORK-LAB_本对话最终任务包_20261009.zip ! WORK-LAB_final_20261009/inputs/execution_state.json,sha256:5ea4d1b69b01a79a77a9f022f0610c268b8f25f33f2049da52bee5774cafbe79,4854,5ea4d1b69b01a79a77a9f022f0610c268b8f25f33f2049da52bee5774cafbe79,121aedf6,PRESERVED_IN_COMPLETE_ARCHIVE
WL-REC-0103,WL-REC-0103,docs/history/owner-inputs/record-20261010/originals/WORK-LAB_UI前端深化任务包_v2.zip,WORK-LAB_UI_深化_v2/inputs/WORK-LAB_本对话最终任务包_20261009.zip ! WORK-LAB_final_20261009/inputs/file_disposition_seed.csv,sha256:238cac2386c2d477991591309b0a2546823ca1b0d1c0eaf2a1e96b24a4277f71,8621,238cac2386c2d477991591309b0a2546823ca1b0d1c0eaf2a1e96b24a4277f71,10b719a1,PRESERVED_IN_COMPLETE_ARCHIVE
WL-REC-0103,WL-REC-0103,docs/history/owner-inputs/record-20261010/originals/WORK-LAB_UI前端深化任务包_v2.zip,WORK-LAB_UI_深化_v2/inputs/WORK-LAB_本对话最终任务包_20261009.zip ! WORK-LAB_final_20261009/inputs/frontend_route_mapping.proposed.csv,sha256:8c6f92995ec324d89769b577d4ceb6ab9535cb665aae292b8331c97539f18658,2245,8c6f92995ec324d89769b577d4ceb6ab9535cb665aae292b8331c97539f18658,8719866e,PRESERVED_IN_COMPLETE_ARCHIVE
WL-REC-0103,WL-REC-0103,docs/history/owner-inputs/record-20261010/originals/WORK-LAB_UI前端深化任务包_v2.zip,WORK-LAB_UI_深化_v2/inputs/WORK-LAB_本对话最终任务包_20261009.zip ! WORK-LAB_final_20261009/inputs/prior_artifact_corrections.json,sha256:eb2ba41af8ad9c49514733073201c67abd8090b4ba0b7fbd2409414b48fde4af,1295,eb2ba41af8ad9c49514733073201c67abd8090b4ba0b7fbd2409414b48fde4af,0565ef58,PRESERVED_IN_COMPLETE_ARCHIVE
WL-REC-0103,WL-REC-0103,docs/history/owner-inputs/record-20261010/originals/WORK-LAB_UI前端深化任务包_v2.zip,WORK-LAB_UI_深化_v2/inputs/WORK-LAB_本对话最终任务包_20261009.zip ! WORK-LAB_final_20261009/inputs/source_section_inventory.json,sha256:00e076184ab59ad02db3fb2a7c8c85b4e9c4abdd1a43af59a22091a8516d4340,35017,00e076184ab59ad02db3fb2a7c8c85b4e9c4abdd1a43af59a22091a8516d4340,0dd6150b,PRESERVED_IN_COMPLETE_ARCHIVE
WL-REC-0103,WL-REC-0103,docs/history/owner-inputs/record-20261010/originals/WORK-LAB_UI前端深化任务包_v2.zip,WORK-LAB_UI_深化_v2/inputs/WORK-LAB_本对话最终任务包_20261009.zip ! WORK-LAB_final_20261009/inputs/sources.json,sha256:9a21de421e3756c1b6ddda3e8f31a527b5c3e23089a1d39de22d52de7d418241,4757,9a21de421e3756c1b6ddda3e8f31a527b5c3e23089a1d39de22d52de7d418241,d6b13929,PRESERVED_IN_COMPLETE_ARCHIVE
WL-REC-0103,WL-REC-0103,docs/history/owner-inputs/record-20261010/originals/WORK-LAB_UI前端深化任务包_v2.zip,WORK-LAB_UI_深化_v2/inputs/WORK-LAB_本对话最终任务包_20261009.zip ! WORK-LAB_final_20261009/inputs/task_execution_map.csv,sha256:003cf59d5306466c4b7089bcbc51dde9c7a447de05aef488011b4c7bf576f30f,3356,003cf59d5306466c4b7089bcbc51dde9c7a447de05aef488011b4c7bf576f30f,47e8603c,PRESERVED_IN_COMPLETE_ARCHIVE
WL-REC-0103,WL-REC-0103,docs/history/owner-inputs/record-20261010/originals/WORK-LAB_UI前端深化任务包_v2.zip,WORK-LAB_UI_深化_v2/inputs/WORK-LAB_本对话最终任务包_20261009.zip ! WORK-LAB_final_20261009/original_packets/WORK-LAB_三方协作对账与技术案例_20261009.zip,sha256:fdf4d08cfb96aa3b91de359c9dd5d4a6313e6d4b260124662814adc4bc7ddd98,42769,fdf4d08cfb96aa3b91de359c9dd5d4a6313e6d4b260124662814adc4bc7ddd98,95d59c88,PRESERVED_IN_COMPLETE_ARCHIVE
WL-REC-0103,WL-REC-0103,docs/history/owner-inputs/record-20261010/originals/WORK-LAB_UI前端深化任务包_v2.zip,WORK-LAB_UI_深化_v2/inputs/WORK-LAB_本对话最终任务包_20261009.zip ! WORK-LAB_final_20261009/original_packets/WORK-LAB_三方协作对账与技术案例_20261009.zip ! MANIFEST.json,sha256:292d12092085444b15b77ec4134af5b24c4c9726302f91777228d18177219a25,3368,292d12092085444b15b77ec4134af5b24c4c9726302f91777228d18177219a25,83f2a15c,PRESERVED_IN_COMPLETE_ARCHIVE
WL-REC-0103,WL-REC-0103,docs/history/owner-inputs/record-20261010/originals/WORK-LAB_UI前端深化任务包_v2.zip,WORK-LAB_UI_深化_v2/inputs/WORK-LAB_本对话最终任务包_20261009.zip ! WORK-LAB_final_20261009/original_packets/WORK-LAB_三方协作对账与技术案例_20261009.zip ! README.md,sha256:33684a1b07ab4dea47103cce059d4d7cca0386706d43aef77c915e00f3b2c8cd,2265,33684a1b07ab4dea47103cce059d4d7cca0386706d43aef77c915e00f3b2c8cd,f917b270,PRESERVED_IN_COMPLETE_ARCHIVE
WL-REC-0103,WL-REC-0103,docs/history/owner-inputs/record-20261010/originals/WORK-LAB_UI前端深化任务包_v2.zip,WORK-LAB_UI_深化_v2/inputs/WORK-LAB_本对话最终任务包_20261009.zip ! WORK-LAB_final_20261009/original_packets/WORK-LAB_三方协作对账与技术案例_20261009.zip ! WORK-LAB_三方协作对账报告.md,sha256:78c4f77c7dfbc61cebd1a2a1e428e75228d3bf6df5740e2795866cd619193d97,11027,78c4f77c7dfbc61cebd1a2a1e428e75228d3bf6df5740e2795866cd619193d97,4d06f072,PRESERVED_IN_COMPLETE_ARCHIVE
WL-REC-0103,WL-REC-0103,docs/history/owner-inputs/record-20261010/originals/WORK-LAB_UI前端深化任务包_v2.zip,WORK-LAB_UI_深化_v2/inputs/WORK-LAB_本对话最终任务包_20261009.zip ! WORK-LAB_final_20261009/original_packets/WORK-LAB_三方协作对账与技术案例_20261009.zip ! build_packet.py,sha256:544f220a33f95c2d272189c7569260204b94c0308d6bd9d8244543b8ab0cd893,18776,544f220a33f95c2d272189c7569260204b94c0308d6bd9d8244543b8ab0cd893,aa2ab11d,PRESERVED_IN_COMPLETE_ARCHIVE
WL-REC-0103,WL-REC-0103,docs/history/owner-inputs/record-20261010/originals/WORK-LAB_UI前端深化任务包_v2.zip,WORK-LAB_UI_深化_v2/inputs/WORK-LAB_本对话最终任务包_20261009.zip ! WORK-LAB_final_20261009/original_packets/WORK-LAB_三方协作对账与技术案例_20261009.zip ! frozen_source/promotion_contract.py,sha256:97fb3567ebaa55bdf5eadd42b2231b96f80dcef3e87829cc536ea5114bea496e,3877,97fb3567ebaa55bdf5eadd42b2231b96f80dcef3e87829cc536ea5114bea496e,fefd1735,PRESERVED_IN_COMPLETE_ARCHIVE
WL-REC-0103,WL-REC-0103,docs/history/owner-inputs/record-20261010/originals/WORK-LAB_UI前端深化任务包_v2.zip,WORK-LAB_UI_深化_v2/inputs/WORK-LAB_本对话最终任务包_20261009.zip ! WORK-LAB_final_20261009/original_packets/WORK-LAB_三方协作对账与技术案例_20261009.zip ! frozen_source/promotion_gate.py,sha256:75b6e3c2d95376bbcc13cf1743f67c3f9e6b55cfee3575ddee41643267eef423,8085,75b6e3c2d95376bbcc13cf1743f67c3f9e6b55cfee3575ddee41643267eef423,334314d3,PRESERVED_IN_COMPLETE_ARCHIVE
WL-REC-0103,WL-REC-0103,docs/history/owner-inputs/record-20261010/originals/WORK-LAB_UI前端深化任务包_v2.zip,WORK-LAB_UI_深化_v2/inputs/WORK-LAB_本对话最终任务包_20261009.zip ! WORK-LAB_final_20261009/original_packets/WORK-LAB_三方协作对账与技术案例_20261009.zip ! frozen_source/result_return.py,sha256:6fafc6179bbf85cd60c773e1835dcf9903fc97844eed5d6130508c805634d7db,13881,6fafc6179bbf85cd60c773e1835dcf9903fc97844eed5d6130508c805634d7db,f040c49c,PRESERVED_IN_COMPLETE_ARCHIVE
WL-REC-0103,WL-REC-0103,docs/history/owner-inputs/record-20261010/originals/WORK-LAB_UI前端深化任务包_v2.zip,WORK-LAB_UI_深化_v2/inputs/WORK-LAB_本对话最终任务包_20261009.zip ! WORK-LAB_final_20261009/original_packets/WORK-LAB_三方协作对账与技术案例_20261009.zip ! handoff-envelope.local.json,sha256:eacb0077ed3c653c75f2851db5112e6feb4de5a7f22ab988036ed70ea0ff822b,901,eacb0077ed3c653c75f2851db5112e6feb4de5a7f22ab988036ed70ea0ff822b,4e9b7a9c,PRESERVED_IN_COMPLETE_ARCHIVE
WL-REC-0103,WL-REC-0103,docs/history/owner-inputs/record-20261010/originals/WORK-LAB_UI前端深化任务包_v2.zip,WORK-LAB_UI_深化_v2/inputs/WORK-LAB_本对话最终任务包_20261009.zip ! WORK-LAB_final_20261009/original_packets/WORK-LAB_三方协作对账与技术案例_20261009.zip ! knowledge-candidate.local.json,sha256:a5473099c2e94dee94b8a1bd877c51709a0249e8ba434e5d78c7a89c36638625,2581,a5473099c2e94dee94b8a1bd877c51709a0249e8ba434e5d78c7a89c36638625,710d3c28,PRESERVED_IN_COMPLETE_ARCHIVE
WL-REC-0103,WL-REC-0103,docs/history/owner-inputs/record-20261010/originals/WORK-LAB_UI前端深化任务包_v2.zip,WORK-LAB_UI_深化_v2/inputs/WORK-LAB_本对话最终任务包_20261009.zip ! WORK-LAB_final_20261009/original_packets/WORK-LAB_三方协作对账与技术案例_20261009.zip ! proposed-result-serialization.patch,sha256:55a54fda572e52af98df54e8d99e6be16c41ce20eb34a6d10d50715d9e8f583a,466,55a54fda572e52af98df54e8d99e6be16c41ce20eb34a6d10d50715d9e8f583a,2e3ef412,PRESERVED_IN_COMPLETE_ARCHIVE
WL-REC-0103,WL-REC-0103,docs/history/owner-inputs/record-20261010/originals/WORK-LAB_UI前端深化任务包_v2.zip,WORK-LAB_UI_深化_v2/inputs/WORK-LAB_本对话最终任务包_20261009.zip ! WORK-LAB_final_20261009/original_packets/WORK-LAB_三方协作对账与技术案例_20261009.zip ! run_local_audit.py,sha256:5d84c85bc76922cd3ac5aa1add41cb678bae767296ce2dfe0989086595cf5ac6,12247,5d84c85bc76922cd3ac5aa1add41cb678bae767296ce2dfe0989086595cf5ac6,e25604a5,PRESERVED_IN_COMPLETE_ARCHIVE
WL-REC-0103,WL-REC-0103,docs/history/owner-inputs/record-20261010/originals/WORK-LAB_UI前端深化任务包_v2.zip,WORK-LAB_UI_深化_v2/inputs/WORK-LAB_本对话最终任务包_20261009.zip ! WORK-LAB_final_20261009/original_packets/WORK-LAB_三方协作对账与技术案例_20261009.zip ! runs/20261009T090500Z-e015ff95/S1-empty-artifact.json,sha256:e3b0c44298fc1c149afbf4c8996fb92427ae41e4649b934ca495991b7852b855,0,e3b0c44298fc1c149afbf4c8996fb92427ae41e4649b934ca495991b7852b855,00000000,PRESERVED_IN_COMPLETE_ARCHIVE
WL-REC-0103,WL-REC-0103,docs/history/owner-inputs/record-20261010/originals/WORK-LAB_UI前端深化任务包_v2.zip,WORK-LAB_UI_深化_v2/inputs/WORK-LAB_本对话最终任务包_20261009.zip ! WORK-LAB_final_20261009/original_packets/WORK-LAB_三方协作对账与技术案例_20261009.zip ! runs/20261009T090500Z-e015ff95/S2-wrong-content.json,sha256:0b6a1afa611dcee62fd01d02da64c6bc21492a7b8698232025d07552294effcd,23,0b6a1afa611dcee62fd01d02da64c6bc21492a7b8698232025d07552294effcd,0e98c74c,PRESERVED_IN_COMPLETE_ARCHIVE
WL-REC-0103,WL-REC-0103,docs/history/owner-inputs/record-20261010/originals/WORK-LAB_UI前端深化任务包_v2.zip,WORK-LAB_UI_深化_v2/inputs/WORK-LAB_本对话最终任务包_20261009.zip ! WORK-LAB_final_20261009/original_packets/WORK-LAB_三方协作对账与技术案例_20261009.zip ! runs/20261009T090500Z-e015ff95/S3-correct-content.json,sha256:0bea498d7162fc211d4a6466fd13aba4ed83e287df7f5f785b441fe73b050a05,23,0bea498d7162fc211d4a6466fd13aba4ed83e287df7f5f785b441fe73b050a05,25b5948f,PRESERVED_IN_COMPLETE_ARCHIVE
WL-REC-0103,WL-REC-0103,docs/history/owner-inputs/record-20261010/originals/WORK-LAB_UI前端深化任务包_v2.zip,WORK-LAB_UI_深化_v2/inputs/WORK-LAB_本对话最终任务包_20261009.zip ! WORK-LAB_final_20261009/original_packets/WORK-LAB_三方协作对账与技术案例_20261009.zip ! runs/20261009T090500Z-e015ff95/audit-results.json,sha256:8f2f3bda79d63dc35ba3f10d287918ec97dd4ace30aca1aa0a79beff9968bd9f,9955,8f2f3bda79d63dc35ba3f10d287918ec97dd4ace30aca1aa0a79beff9968bd9f,bbdcf5de,PRESERVED_IN_COMPLETE_ARCHIVE
WL-REC-0103,WL-REC-0103,docs/history/owner-inputs/record-20261010/originals/WORK-LAB_UI前端深化任务包_v2.zip,WORK-LAB_UI_深化_v2/inputs/WORK-LAB_本对话最终任务包_20261009.zip ! WORK-LAB_final_20261009/original_packets/WORK-LAB_三方协作对账与技术案例_20261009.zip ! runs/20261009T090618Z-63c5b8fe/S1-empty-artifact.json,sha256:e3b0c44298fc1c149afbf4c8996fb92427ae41e4649b934ca495991b7852b855,0,e3b0c44298fc1c149afbf4c8996fb92427ae41e4649b934ca495991b7852b855,00000000,PRESERVED_IN_COMPLETE_ARCHIVE
WL-REC-0103,WL-REC-0103,docs/history/owner-inputs/record-20261010/originals/WORK-LAB_UI前端深化任务包_v2.zip,WORK-LAB_UI_深化_v2/inputs/WORK-LAB_本对话最终任务包_20261009.zip ! WORK-LAB_final_20261009/original_packets/WORK-LAB_三方协作对账与技术案例_20261009.zip ! runs/20261009T090618Z-63c5b8fe/S2-wrong-content.json,sha256:0b6a1afa611dcee62fd01d02da64c6bc21492a7b8698232025d07552294effcd,23,0b6a1afa611dcee62fd01d02da64c6bc21492a7b8698232025d07552294effcd,0e98c74c,PRESERVED_IN_COMPLETE_ARCHIVE
WL-REC-0103,WL-REC-0103,docs/history/owner-inputs/record-20261010/originals/WORK-LAB_UI前端深化任务包_v2.zip,WORK-LAB_UI_深化_v2/inputs/WORK-LAB_本对话最终任务包_20261009.zip ! WORK-LAB_final_20261009/original_packets/WORK-LAB_三方协作对账与技术案例_20261009.zip ! runs/20261009T090618Z-63c5b8fe/S3-correct-content.json,sha256:0bea498d7162fc211d4a6466fd13aba4ed83e287df7f5f785b441fe73b050a05,23,0bea498d7162fc211d4a6466fd13aba4ed83e287df7f5f785b441fe73b050a05,25b5948f,PRESERVED_IN_COMPLETE_ARCHIVE
WL-REC-0103,WL-REC-0103,docs/history/owner-inputs/record-20261010/originals/WORK-LAB_UI前端深化任务包_v2.zip,WORK-LAB_UI_深化_v2/inputs/WORK-LAB_本对话最终任务包_20261009.zip ! WORK-LAB_final_20261009/original_packets/WORK-LAB_三方协作对账与技术案例_20261009.zip ! runs/20261009T090618Z-63c5b8fe/audit-results.json,sha256:14a178270b9dfeacf592e52a2af9f238d5c4520a0e671146e96366fa60e3a330,10466,14a178270b9dfeacf592e52a2af9f238d5c4520a0e671146e96366fa60e3a330,2a8988a4,PRESERVED_IN_COMPLETE_ARCHIVE
WL-REC-0103,WL-REC-0103,docs/history/owner-inputs/record-20261010/originals/WORK-LAB_UI前端深化任务包_v2.zip,WORK-LAB_UI_深化_v2/inputs/WORK-LAB_本对话最终任务包_20261009.zip ! WORK-LAB_final_20261009/original_packets/WORK-LAB_三方协作对账与技术案例_20261009.zip ! sources.json,sha256:0aad6716ed5adfcd2905efd46b66dc85bc305760259f55ddfcaedc71aaa19d03,3159,0aad6716ed5adfcd2905efd46b66dc85bc305760259f55ddfcaedc71aaa19d03,e8c6f6f4,PRESERVED_IN_COMPLETE_ARCHIVE
WL-REC-0103,WL-REC-0103,docs/history/owner-inputs/record-20261010/originals/WORK-LAB_UI前端深化任务包_v2.zip,WORK-LAB_UI_深化_v2/inputs/WORK-LAB_本对话最终任务包_20261009.zip ! WORK-LAB_final_20261009/original_packets/WORK-LAB_前端权威与历史入口整理任务包_20261009.zip,sha256:d65ba550d7ad4f783ef6f82909d656526b1a3bc7849aa036fd46220df93cd615,24432,d65ba550d7ad4f783ef6f82909d656526b1a3bc7849aa036fd46220df93cd615,eebdbb3d,PRESERVED_IN_COMPLETE_ARCHIVE
WL-REC-0103,WL-REC-0103,docs/history/owner-inputs/record-20261010/originals/WORK-LAB_UI前端深化任务包_v2.zip,WORK-LAB_UI_深化_v2/inputs/WORK-LAB_本对话最终任务包_20261009.zip ! WORK-LAB_final_20261009/original_packets/WORK-LAB_前端权威与历史入口整理任务包_20261009.zip ! MANIFEST.json,sha256:967845f8727bf2c8e56ce104337942599499b0275554afb9f917cf6dbb9debf4,1706,967845f8727bf2c8e56ce104337942599499b0275554afb9f917cf6dbb9debf4,405657b3,PRESERVED_IN_COMPLETE_ARCHIVE
WL-REC-0103,WL-REC-0103,docs/history/owner-inputs/record-20261010/originals/WORK-LAB_UI前端深化任务包_v2.zip,WORK-LAB_UI_深化_v2/inputs/WORK-LAB_本对话最终任务包_20261009.zip ! WORK-LAB_final_20261009/original_packets/WORK-LAB_前端权威与历史入口整理任务包_20261009.zip ! README.md,sha256:5ff40cbeb0604178a5481ccb306b4f6bd3dfa9aa1d848a4b8adbac50c69ce548,2140,5ff40cbeb0604178a5481ccb306b4f6bd3dfa9aa1d848a4b8adbac50c69ce548,118c19a3,PRESERVED_IN_COMPLETE_ARCHIVE
WL-REC-0103,WL-REC-0103,docs/history/owner-inputs/record-20261010/originals/WORK-LAB_UI前端深化任务包_v2.zip,WORK-LAB_UI_深化_v2/inputs/WORK-LAB_本对话最终任务包_20261009.zip ! WORK-LAB_final_20261009/original_packets/WORK-LAB_前端权威与历史入口整理任务包_20261009.zip ! WORK-LAB_前端与权威一致性整理方案.md,sha256:8f8e7fcd10dff2e9058804694a1f52d217e8d03317dbcee3fdd798bee5775b63,14084,8f8e7fcd10dff2e9058804694a1f52d217e8d03317dbcee3fdd798bee5775b63,69650e56,PRESERVED_IN_COMPLETE_ARCHIVE
WL-REC-0103,WL-REC-0103,docs/history/owner-inputs/record-20261010/originals/WORK-LAB_UI前端深化任务包_v2.zip,WORK-LAB_UI_深化_v2/inputs/WORK-LAB_本对话最终任务包_20261009.zip ! WORK-LAB_final_20261009/original_packets/WORK-LAB_前端权威与历史入口整理任务包_20261009.zip ! conversation_decisions.json,sha256:ad0873bfa0fc669c5a1208fbd2d7786a50245d35b9ebfb52219fbfbc0dabf0d2,1788,ad0873bfa0fc669c5a1208fbd2d7786a50245d35b9ebfb52219fbfbc0dabf0d2,a67e5c07,PRESERVED_IN_COMPLETE_ARCHIVE
WL-REC-0103,WL-REC-0103,docs/history/owner-inputs/record-20261010/originals/WORK-LAB_UI前端深化任务包_v2.zip,WORK-LAB_UI_深化_v2/inputs/WORK-LAB_本对话最终任务包_20261009.zip ! WORK-LAB_final_20261009/original_packets/WORK-LAB_前端权威与历史入口整理任务包_20261009.zip ! file_disposition_seed.csv,sha256:238cac2386c2d477991591309b0a2546823ca1b0d1c0eaf2a1e96b24a4277f71,8621,238cac2386c2d477991591309b0a2546823ca1b0d1c0eaf2a1e96b24a4277f71,10b719a1,PRESERVED_IN_COMPLETE_ARCHIVE
WL-REC-0103,WL-REC-0103,docs/history/owner-inputs/record-20261010/originals/WORK-LAB_UI前端深化任务包_v2.zip,WORK-LAB_UI_深化_v2/inputs/WORK-LAB_本对话最终任务包_20261009.zip ! WORK-LAB_final_20261009/original_packets/WORK-LAB_前端权威与历史入口整理任务包_20261009.zip ! frontend_route_mapping.proposed.csv,sha256:8c6f92995ec324d89769b577d4ceb6ab9535cb665aae292b8331c97539f18658,2245,8c6f92995ec324d89769b577d4ceb6ab9535cb665aae292b8331c97539f18658,8719866e,PRESERVED_IN_COMPLETE_ARCHIVE
WL-REC-0103,WL-REC-0103,docs/history/owner-inputs/record-20261010/originals/WORK-LAB_UI前端深化任务包_v2.zip,WORK-LAB_UI_深化_v2/inputs/WORK-LAB_本对话最终任务包_20261009.zip ! WORK-LAB_final_20261009/original_packets/WORK-LAB_前端权威与历史入口整理任务包_20261009.zip ! package_check.json,sha256:4c370f6c100f66962fc95105f0a83f0646c2c2a116eb307b563db55e1d40e299,359,4c370f6c100f66962fc95105f0a83f0646c2c2a116eb307b563db55e1d40e299,19c4a2ff,PRESERVED_IN_COMPLETE_ARCHIVE
WL-REC-0103,WL-REC-0103,docs/history/owner-inputs/record-20261010/originals/WORK-LAB_UI前端深化任务包_v2.zip,WORK-LAB_UI_深化_v2/inputs/WORK-LAB_本对话最终任务包_20261009.zip ! WORK-LAB_final_20261009/original_packets/WORK-LAB_前端权威与历史入口整理任务包_20261009.zip ! prior_artifact_corrections.json,sha256:eb2ba41af8ad9c49514733073201c67abd8090b4ba0b7fbd2409414b48fde4af,1295,eb2ba41af8ad9c49514733073201c67abd8090b4ba0b7fbd2409414b48fde4af,0565ef58,PRESERVED_IN_COMPLETE_ARCHIVE
WL-REC-0103,WL-REC-0103,docs/history/owner-inputs/record-20261010/originals/WORK-LAB_UI前端深化任务包_v2.zip,WORK-LAB_UI_深化_v2/inputs/WORK-LAB_本对话最终任务包_20261009.zip ! WORK-LAB_final_20261009/original_packets/WORK-LAB_前端权威与历史入口整理任务包_20261009.zip ! sources.json,sha256:9a21de421e3756c1b6ddda3e8f31a527b5c3e23089a1d39de22d52de7d418241,4757,9a21de421e3756c1b6ddda3e8f31a527b5c3e23089a1d39de22d52de7d418241,d6b13929,PRESERVED_IN_COMPLETE_ARCHIVE
WL-REC-0103,WL-REC-0103,docs/history/owner-inputs/record-20261010/originals/WORK-LAB_UI前端深化任务包_v2.zip,WORK-LAB_UI_深化_v2/inputs/WORK-LAB_本对话最终任务包_20261009.zip ! WORK-LAB_final_20261009/original_packets/WORK-LAB_前端权威与历史入口整理任务包_20261009.zip ! 本地执行任务书.md,sha256:b1a1dd076f00b9459b6d9b1dfac70e1680ce58bc5718cb504bb73cf9aefa62b0,8489,b1a1dd076f00b9459b6d9b1dfac70e1680ce58bc5718cb504bb73cf9aefa62b0,eb33cde0,PRESERVED_IN_COMPLETE_ARCHIVE
WL-REC-0103,WL-REC-0103,docs/history/owner-inputs/record-20261010/originals/WORK-LAB_UI前端深化任务包_v2.zip,WORK-LAB_UI_深化_v2/inputs/WORK-LAB_本对话最终任务包_20261009.zip ! WORK-LAB_final_20261009/original_packets/WORK-LAB_深度调研与收敛资料包_20261009.zip,sha256:2f6c4eb84643916a03838e89438738f2e76138558dab99d9f1b76fd3ef2c4964,24921,2f6c4eb84643916a03838e89438738f2e76138558dab99d9f1b76fd3ef2c4964,c4b46e52,PRESERVED_IN_COMPLETE_ARCHIVE
WL-REC-0103,WL-REC-0103,docs/history/owner-inputs/record-20261010/originals/WORK-LAB_UI前端深化任务包_v2.zip,WORK-LAB_UI_深化_v2/inputs/WORK-LAB_本对话最终任务包_20261009.zip ! WORK-LAB_final_20261009/original_packets/WORK-LAB_深度调研与收敛资料包_20261009.zip ! MANIFEST.json,sha256:4f09aa4ea29ea8e5fe36d36797d98f33455b3ed62504bcf8efe9e3cba70367e2,1008,4f09aa4ea29ea8e5fe36d36797d98f33455b3ed62504bcf8efe9e3cba70367e2,cf9847e9,PRESERVED_IN_COMPLETE_ARCHIVE
WL-REC-0103,WL-REC-0103,docs/history/owner-inputs/record-20261010/originals/WORK-LAB_UI前端深化任务包_v2.zip,WORK-LAB_UI_深化_v2/inputs/WORK-LAB_本对话最终任务包_20261009.zip ! WORK-LAB_final_20261009/original_packets/WORK-LAB_深度调研与收敛资料包_20261009.zip ! README.md,sha256:daf3e6a689080d2447e551c32b6ca32480b1f25679ad4d0c31a3b88fd7ff2cb9,613,daf3e6a689080d2447e551c32b6ca32480b1f25679ad4d0c31a3b88fd7ff2cb9,5d09c077,PRESERVED_IN_COMPLETE_ARCHIVE
WL-REC-0103,WL-REC-0103,docs/history/owner-inputs/record-20261010/originals/WORK-LAB_UI前端深化任务包_v2.zip,WORK-LAB_UI_深化_v2/inputs/WORK-LAB_本对话最终任务包_20261009.zip ! WORK-LAB_final_20261009/original_packets/WORK-LAB_深度调研与收敛资料包_20261009.zip ! WORK-LAB_深度调研与收敛报告_20261009.md,sha256:19307cbaeaba84ac1dbce2e3c1eee2993d602c128f155ae7cb3ea202962e617d,32128,19307cbaeaba84ac1dbce2e3c1eee2993d602c128f155ae7cb3ea202962e617d,52b792dd,PRESERVED_IN_COMPLETE_ARCHIVE
WL-REC-0103,WL-REC-0103,docs/history/owner-inputs/record-20261010/originals/WORK-LAB_UI前端深化任务包_v2.zip,WORK-LAB_UI_深化_v2/inputs/WORK-LAB_本对话最终任务包_20261009.zip ! WORK-LAB_final_20261009/original_packets/WORK-LAB_深度调研与收敛资料包_20261009.zip ! acceptance_cases.md,sha256:acd61b075a9ea272c0e443a961e8834b6d7151b1cb41325e6278c964485e4d4c,5090,acd61b075a9ea272c0e443a961e8834b6d7151b1cb41325e6278c964485e4d4c,6730f139,PRESERVED_IN_COMPLETE_ARCHIVE
WL-REC-0103,WL-REC-0103,docs/history/owner-inputs/record-20261010/originals/WORK-LAB_UI前端深化任务包_v2.zip,WORK-LAB_UI_深化_v2/inputs/WORK-LAB_本对话最终任务包_20261009.zip ! WORK-LAB_final_20261009/original_packets/WORK-LAB_深度调研与收敛资料包_20261009.zip ! reproduce_usage_quality.py,sha256:efa37f3fbd09e26faf0b1abd1fbbb52cd4b19dcdb2759c11e33968cc0e4e664b,2982,efa37f3fbd09e26faf0b1abd1fbbb52cd4b19dcdb2759c11e33968cc0e4e664b,44828aaf,PRESERVED_IN_COMPLETE_ARCHIVE
WL-REC-0103,WL-REC-0103,docs/history/owner-inputs/record-20261010/originals/WORK-LAB_UI前端深化任务包_v2.zip,WORK-LAB_UI_深化_v2/inputs/WORK-LAB_本对话最终任务包_20261009.zip ! WORK-LAB_final_20261009/original_packets/WORK-LAB_深度调研与收敛资料包_20261009.zip ! research_sources.json,sha256:bac87ac106d5cfa374569d11d7d381348786ac3c67385a5860fcf8dd2f437eea,9637,bac87ac106d5cfa374569d11d7d381348786ac3c67385a5860fcf8dd2f437eea,d621d706,PRESERVED_IN_COMPLETE_ARCHIVE
WL-REC-0103,WL-REC-0103,docs/history/owner-inputs/record-20261010/originals/WORK-LAB_UI前端深化任务包_v2.zip,WORK-LAB_UI_深化_v2/inputs/WORK-LAB_本对话最终任务包_20261009.zip ! WORK-LAB_final_20261009/original_packets/WORK-LAB_深度调研与收敛资料包_20261009.zip ! usage_quality_reproduction.json,sha256:6f1230204d4eace7351e294839db2585c76b67aaf13f5ac655c9064f7e1629a8,1359,6f1230204d4eace7351e294839db2585c76b67aaf13f5ac655c9064f7e1629a8,ab0e622e,PRESERVED_IN_COMPLETE_ARCHIVE
WL-REC-0103,WL-REC-0103,docs/history/owner-inputs/record-20261010/originals/WORK-LAB_UI前端深化任务包_v2.zip,WORK-LAB_UI_深化_v2/inputs/WORK-LAB_本对话最终任务包_20261009.zip ! WORK-LAB_final_20261009/source_packets/alignment/MANIFEST.json,sha256:967845f8727bf2c8e56ce104337942599499b0275554afb9f917cf6dbb9debf4,1706,967845f8727bf2c8e56ce104337942599499b0275554afb9f917cf6dbb9debf4,405657b3,PRESERVED_IN_COMPLETE_ARCHIVE
WL-REC-0103,WL-REC-0103,docs/history/owner-inputs/record-20261010/originals/WORK-LAB_UI前端深化任务包_v2.zip,WORK-LAB_UI_深化_v2/inputs/WORK-LAB_本对话最终任务包_20261009.zip ! WORK-LAB_final_20261009/source_packets/alignment/README.md,sha256:5ff40cbeb0604178a5481ccb306b4f6bd3dfa9aa1d848a4b8adbac50c69ce548,2140,5ff40cbeb0604178a5481ccb306b4f6bd3dfa9aa1d848a4b8adbac50c69ce548,118c19a3,PRESERVED_IN_COMPLETE_ARCHIVE
WL-REC-0103,WL-REC-0103,docs/history/owner-inputs/record-20261010/originals/WORK-LAB_UI前端深化任务包_v2.zip,WORK-LAB_UI_深化_v2/inputs/WORK-LAB_本对话最终任务包_20261009.zip ! WORK-LAB_final_20261009/source_packets/alignment/WORK-LAB_前端与权威一致性整理方案.md,sha256:8f8e7fcd10dff2e9058804694a1f52d217e8d03317dbcee3fdd798bee5775b63,14084,8f8e7fcd10dff2e9058804694a1f52d217e8d03317dbcee3fdd798bee5775b63,69650e56,PRESERVED_IN_COMPLETE_ARCHIVE
WL-REC-0103,WL-REC-0103,docs/history/owner-inputs/record-20261010/originals/WORK-LAB_UI前端深化任务包_v2.zip,WORK-LAB_UI_深化_v2/inputs/WORK-LAB_本对话最终任务包_20261009.zip ! WORK-LAB_final_20261009/source_packets/alignment/conversation_decisions.json,sha256:ad0873bfa0fc669c5a1208fbd2d7786a50245d35b9ebfb52219fbfbc0dabf0d2,1788,ad0873bfa0fc669c5a1208fbd2d7786a50245d35b9ebfb52219fbfbc0dabf0d2,a67e5c07,PRESERVED_IN_COMPLETE_ARCHIVE
WL-REC-0103,WL-REC-0103,docs/history/owner-inputs/record-20261010/originals/WORK-LAB_UI前端深化任务包_v2.zip,WORK-LAB_UI_深化_v2/inputs/WORK-LAB_本对话最终任务包_20261009.zip ! WORK-LAB_final_20261009/source_packets/alignment/file_disposition_seed.csv,sha256:238cac2386c2d477991591309b0a2546823ca1b0d1c0eaf2a1e96b24a4277f71,8621,238cac2386c2d477991591309b0a2546823ca1b0d1c0eaf2a1e96b24a4277f71,10b719a1,PRESERVED_IN_COMPLETE_ARCHIVE
WL-REC-0103,WL-REC-0103,docs/history/owner-inputs/record-20261010/originals/WORK-LAB_UI前端深化任务包_v2.zip,WORK-LAB_UI_深化_v2/inputs/WORK-LAB_本对话最终任务包_20261009.zip ! WORK-LAB_final_20261009/source_packets/alignment/frontend_route_mapping.proposed.csv,sha256:8c6f92995ec324d89769b577d4ceb6ab9535cb665aae292b8331c97539f18658,2245,8c6f92995ec324d89769b577d4ceb6ab9535cb665aae292b8331c97539f18658,8719866e,PRESERVED_IN_COMPLETE_ARCHIVE
WL-REC-0103,WL-REC-0103,docs/history/owner-inputs/record-20261010/originals/WORK-LAB_UI前端深化任务包_v2.zip,WORK-LAB_UI_深化_v2/inputs/WORK-LAB_本对话最终任务包_20261009.zip ! WORK-LAB_final_20261009/source_packets/alignment/package_check.json,sha256:4c370f6c100f66962fc95105f0a83f0646c2c2a116eb307b563db55e1d40e299,359,4c370f6c100f66962fc95105f0a83f0646c2c2a116eb307b563db55e1d40e299,19c4a2ff,PRESERVED_IN_COMPLETE_ARCHIVE
WL-REC-0103,WL-REC-0103,docs/history/owner-inputs/record-20261010/originals/WORK-LAB_UI前端深化任务包_v2.zip,WORK-LAB_UI_深化_v2/inputs/WORK-LAB_本对话最终任务包_20261009.zip ! WORK-LAB_final_20261009/source_packets/alignment/prior_artifact_corrections.json,sha256:eb2ba41af8ad9c49514733073201c67abd8090b4ba0b7fbd2409414b48fde4af,1295,eb2ba41af8ad9c49514733073201c67abd8090b4ba0b7fbd2409414b48fde4af,0565ef58,PRESERVED_IN_COMPLETE_ARCHIVE
WL-REC-0103,WL-REC-0103,docs/history/owner-inputs/record-20261010/originals/WORK-LAB_UI前端深化任务包_v2.zip,WORK-LAB_UI_深化_v2/inputs/WORK-LAB_本对话最终任务包_20261009.zip ! WORK-LAB_final_20261009/source_packets/alignment/sources.json,sha256:9a21de421e3756c1b6ddda3e8f31a527b5c3e23089a1d39de22d52de7d418241,4757,9a21de421e3756c1b6ddda3e8f31a527b5c3e23089a1d39de22d52de7d418241,d6b13929,PRESERVED_IN_COMPLETE_ARCHIVE
WL-REC-0103,WL-REC-0103,docs/history/owner-inputs/record-20261010/originals/WORK-LAB_UI前端深化任务包_v2.zip,WORK-LAB_UI_深化_v2/inputs/WORK-LAB_本对话最终任务包_20261009.zip ! WORK-LAB_final_20261009/source_packets/alignment/本地执行任务书.md,sha256:b1a1dd076f00b9459b6d9b1dfac70e1680ce58bc5718cb504bb73cf9aefa62b0,8489,b1a1dd076f00b9459b6d9b1dfac70e1680ce58bc5718cb504bb73cf9aefa62b0,eb33cde0,PRESERVED_IN_COMPLETE_ARCHIVE
WL-REC-0103,WL-REC-0103,docs/history/owner-inputs/record-20261010/originals/WORK-LAB_UI前端深化任务包_v2.zip,WORK-LAB_UI_深化_v2/inputs/WORK-LAB_本对话最终任务包_20261009.zip ! WORK-LAB_final_20261009/source_packets/collaboration/MANIFEST.json,sha256:292d12092085444b15b77ec4134af5b24c4c9726302f91777228d18177219a25,3368,292d12092085444b15b77ec4134af5b24c4c9726302f91777228d18177219a25,83f2a15c,PRESERVED_IN_COMPLETE_ARCHIVE
WL-REC-0103,WL-REC-0103,docs/history/owner-inputs/record-20261010/originals/WORK-LAB_UI前端深化任务包_v2.zip,WORK-LAB_UI_深化_v2/inputs/WORK-LAB_本对话最终任务包_20261009.zip ! WORK-LAB_final_20261009/source_packets/collaboration/README.md,sha256:33684a1b07ab4dea47103cce059d4d7cca0386706d43aef77c915e00f3b2c8cd,2265,33684a1b07ab4dea47103cce059d4d7cca0386706d43aef77c915e00f3b2c8cd,f917b270,PRESERVED_IN_COMPLETE_ARCHIVE
WL-REC-0103,WL-REC-0103,docs/history/owner-inputs/record-20261010/originals/WORK-LAB_UI前端深化任务包_v2.zip,WORK-LAB_UI_深化_v2/inputs/WORK-LAB_本对话最终任务包_20261009.zip ! WORK-LAB_final_20261009/source_packets/collaboration/WORK-LAB_三方协作对账报告.md,sha256:78c4f77c7dfbc61cebd1a2a1e428e75228d3bf6df5740e2795866cd619193d97,11027,78c4f77c7dfbc61cebd1a2a1e428e75228d3bf6df5740e2795866cd619193d97,4d06f072,PRESERVED_IN_COMPLETE_ARCHIVE
WL-REC-0103,WL-REC-0103,docs/history/owner-inputs/record-20261010/originals/WORK-LAB_UI前端深化任务包_v2.zip,WORK-LAB_UI_深化_v2/inputs/WORK-LAB_本对话最终任务包_20261009.zip ! WORK-LAB_final_20261009/source_packets/collaboration/build_packet.py,sha256:544f220a33f95c2d272189c7569260204b94c0308d6bd9d8244543b8ab0cd893,18776,544f220a33f95c2d272189c7569260204b94c0308d6bd9d8244543b8ab0cd893,aa2ab11d,PRESERVED_IN_COMPLETE_ARCHIVE
WL-REC-0103,WL-REC-0103,docs/history/owner-inputs/record-20261010/originals/WORK-LAB_UI前端深化任务包_v2.zip,WORK-LAB_UI_深化_v2/inputs/WORK-LAB_本对话最终任务包_20261009.zip ! WORK-LAB_final_20261009/source_packets/collaboration/frozen_source/promotion_contract.py,sha256:97fb3567ebaa55bdf5eadd42b2231b96f80dcef3e87829cc536ea5114bea496e,3877,97fb3567ebaa55bdf5eadd42b2231b96f80dcef3e87829cc536ea5114bea496e,fefd1735,PRESERVED_IN_COMPLETE_ARCHIVE
WL-REC-0103,WL-REC-0103,docs/history/owner-inputs/record-20261010/originals/WORK-LAB_UI前端深化任务包_v2.zip,WORK-LAB_UI_深化_v2/inputs/WORK-LAB_本对话最终任务包_20261009.zip ! WORK-LAB_final_20261009/source_packets/collaboration/frozen_source/promotion_gate.py,sha256:75b6e3c2d95376bbcc13cf1743f67c3f9e6b55cfee3575ddee41643267eef423,8085,75b6e3c2d95376bbcc13cf1743f67c3f9e6b55cfee3575ddee41643267eef423,334314d3,PRESERVED_IN_COMPLETE_ARCHIVE
WL-REC-0103,WL-REC-0103,docs/history/owner-inputs/record-20261010/originals/WORK-LAB_UI前端深化任务包_v2.zip,WORK-LAB_UI_深化_v2/inputs/WORK-LAB_本对话最终任务包_20261009.zip ! WORK-LAB_final_20261009/source_packets/collaboration/frozen_source/result_return.py,sha256:6fafc6179bbf85cd60c773e1835dcf9903fc97844eed5d6130508c805634d7db,13881,6fafc6179bbf85cd60c773e1835dcf9903fc97844eed5d6130508c805634d7db,f040c49c,PRESERVED_IN_COMPLETE_ARCHIVE
WL-REC-0103,WL-REC-0103,docs/history/owner-inputs/record-20261010/originals/WORK-LAB_UI前端深化任务包_v2.zip,WORK-LAB_UI_深化_v2/inputs/WORK-LAB_本对话最终任务包_20261009.zip ! WORK-LAB_final_20261009/source_packets/collaboration/handoff-envelope.local.json,sha256:eacb0077ed3c653c75f2851db5112e6feb4de5a7f22ab988036ed70ea0ff822b,901,eacb0077ed3c653c75f2851db5112e6feb4de5a7f22ab988036ed70ea0ff822b,4e9b7a9c,PRESERVED_IN_COMPLETE_ARCHIVE
WL-REC-0103,WL-REC-0103,docs/history/owner-inputs/record-20261010/originals/WORK-LAB_UI前端深化任务包_v2.zip,WORK-LAB_UI_深化_v2/inputs/WORK-LAB_本对话最终任务包_20261009.zip ! WORK-LAB_final_20261009/source_packets/collaboration/knowledge-candidate.local.json,sha256:a5473099c2e94dee94b8a1bd877c51709a0249e8ba434e5d78c7a89c36638625,2581,a5473099c2e94dee94b8a1bd877c51709a0249e8ba434e5d78c7a89c36638625,710d3c28,PRESERVED_IN_COMPLETE_ARCHIVE
WL-REC-0103,WL-REC-0103,docs/history/owner-inputs/record-20261010/originals/WORK-LAB_UI前端深化任务包_v2.zip,WORK-LAB_UI_深化_v2/inputs/WORK-LAB_本对话最终任务包_20261009.zip ! WORK-LAB_final_20261009/source_packets/collaboration/proposed-result-serialization.patch,sha256:55a54fda572e52af98df54e8d99e6be16c41ce20eb34a6d10d50715d9e8f583a,466,55a54fda572e52af98df54e8d99e6be16c41ce20eb34a6d10d50715d9e8f583a,2e3ef412,PRESERVED_IN_COMPLETE_ARCHIVE
WL-REC-0103,WL-REC-0103,docs/history/owner-inputs/record-20261010/originals/WORK-LAB_UI前端深化任务包_v2.zip,WORK-LAB_UI_深化_v2/inputs/WORK-LAB_本对话最终任务包_20261009.zip ! WORK-LAB_final_20261009/source_packets/collaboration/run_local_audit.py,sha256:5d84c85bc76922cd3ac5aa1add41cb678bae767296ce2dfe0989086595cf5ac6,12247,5d84c85bc76922cd3ac5aa1add41cb678bae767296ce2dfe0989086595cf5ac6,e25604a5,PRESERVED_IN_COMPLETE_ARCHIVE
WL-REC-0103,WL-REC-0103,docs/history/owner-inputs/record-20261010/originals/WORK-LAB_UI前端深化任务包_v2.zip,WORK-LAB_UI_深化_v2/inputs/WORK-LAB_本对话最终任务包_20261009.zip ! WORK-LAB_final_20261009/source_packets/collaboration/runs/20261009T090500Z-e015ff95/S1-empty-artifact.json,sha256:e3b0c44298fc1c149afbf4c8996fb92427ae41e4649b934ca495991b7852b855,0,e3b0c44298fc1c149afbf4c8996fb92427ae41e4649b934ca495991b7852b855,00000000,PRESERVED_IN_COMPLETE_ARCHIVE
WL-REC-0103,WL-REC-0103,docs/history/owner-inputs/record-20261010/originals/WORK-LAB_UI前端深化任务包_v2.zip,WORK-LAB_UI_深化_v2/inputs/WORK-LAB_本对话最终任务包_20261009.zip ! WORK-LAB_final_20261009/source_packets/collaboration/runs/20261009T090500Z-e015ff95/S2-wrong-content.json,sha256:0b6a1afa611dcee62fd01d02da64c6bc21492a7b8698232025d07552294effcd,23,0b6a1afa611dcee62fd01d02da64c6bc21492a7b8698232025d07552294effcd,0e98c74c,PRESERVED_IN_COMPLETE_ARCHIVE
WL-REC-0103,WL-REC-0103,docs/history/owner-inputs/record-20261010/originals/WORK-LAB_UI前端深化任务包_v2.zip,WORK-LAB_UI_深化_v2/inputs/WORK-LAB_本对话最终任务包_20261009.zip ! WORK-LAB_final_20261009/source_packets/collaboration/runs/20261009T090500Z-e015ff95/S3-correct-content.json,sha256:0bea498d7162fc211d4a6466fd13aba4ed83e287df7f5f785b441fe73b050a05,23,0bea498d7162fc211d4a6466fd13aba4ed83e287df7f5f785b441fe73b050a05,25b5948f,PRESERVED_IN_COMPLETE_ARCHIVE
WL-REC-0103,WL-REC-0103,docs/history/owner-inputs/record-20261010/originals/WORK-LAB_UI前端深化任务包_v2.zip,WORK-LAB_UI_深化_v2/inputs/WORK-LAB_本对话最终任务包_20261009.zip ! WORK-LAB_final_20261009/source_packets/collaboration/runs/20261009T090500Z-e015ff95/audit-results.json,sha256:8f2f3bda79d63dc35ba3f10d287918ec97dd4ace30aca1aa0a79beff9968bd9f,9955,8f2f3bda79d63dc35ba3f10d287918ec97dd4ace30aca1aa0a79beff9968bd9f,bbdcf5de,PRESERVED_IN_COMPLETE_ARCHIVE
WL-REC-0103,WL-REC-0103,docs/history/owner-inputs/record-20261010/originals/WORK-LAB_UI前端深化任务包_v2.zip,WORK-LAB_UI_深化_v2/inputs/WORK-LAB_本对话最终任务包_20261009.zip ! WORK-LAB_final_20261009/source_packets/collaboration/runs/20261009T090618Z-63c5b8fe/S1-empty-artifact.json,sha256:e3b0c44298fc1c149afbf4c8996fb92427ae41e4649b934ca495991b7852b855,0,e3b0c44298fc1c149afbf4c8996fb92427ae41e4649b934ca495991b7852b855,00000000,PRESERVED_IN_COMPLETE_ARCHIVE
WL-REC-0103,WL-REC-0103,docs/history/owner-inputs/record-20261010/originals/WORK-LAB_UI前端深化任务包_v2.zip,WORK-LAB_UI_深化_v2/inputs/WORK-LAB_本对话最终任务包_20261009.zip ! WORK-LAB_final_20261009/source_packets/collaboration/runs/20261009T090618Z-63c5b8fe/S2-wrong-content.json,sha256:0b6a1afa611dcee62fd01d02da64c6bc21492a7b8698232025d07552294effcd,23,0b6a1afa611dcee62fd01d02da64c6bc21492a7b8698232025d07552294effcd,0e98c74c,PRESERVED_IN_COMPLETE_ARCHIVE
WL-REC-0103,WL-REC-0103,docs/history/owner-inputs/record-20261010/originals/WORK-LAB_UI前端深化任务包_v2.zip,WORK-LAB_UI_深化_v2/inputs/WORK-LAB_本对话最终任务包_20261009.zip ! WORK-LAB_final_20261009/source_packets/collaboration/runs/20261009T090618Z-63c5b8fe/S3-correct-content.json,sha256:0bea498d7162fc211d4a6466fd13aba4ed83e287df7f5f785b441fe73b050a05,23,0bea498d7162fc211d4a6466fd13aba4ed83e287df7f5f785b441fe73b050a05,25b5948f,PRESERVED_IN_COMPLETE_ARCHIVE
WL-REC-0103,WL-REC-0103,docs/history/owner-inputs/record-20261010/originals/WORK-LAB_UI前端深化任务包_v2.zip,WORK-LAB_UI_深化_v2/inputs/WORK-LAB_本对话最终任务包_20261009.zip ! WORK-LAB_final_20261009/source_packets/collaboration/runs/20261009T090618Z-63c5b8fe/audit-results.json,sha256:14a178270b9dfeacf592e52a2af9f238d5c4520a0e671146e96366fa60e3a330,10466,14a178270b9dfeacf592e52a2af9f238d5c4520a0e671146e96366fa60e3a330,2a8988a4,PRESERVED_IN_COMPLETE_ARCHIVE
WL-REC-0103,WL-REC-0103,docs/history/owner-inputs/record-20261010/originals/WORK-LAB_UI前端深化任务包_v2.zip,WORK-LAB_UI_深化_v2/inputs/WORK-LAB_本对话最终任务包_20261009.zip ! WORK-LAB_final_20261009/source_packets/collaboration/sources.json,sha256:0aad6716ed5adfcd2905efd46b66dc85bc305760259f55ddfcaedc71aaa19d03,3159,0aad6716ed5adfcd2905efd46b66dc85bc305760259f55ddfcaedc71aaa19d03,e8c6f6f4,PRESERVED_IN_COMPLETE_ARCHIVE
WL-REC-0103,WL-REC-0103,docs/history/owner-inputs/record-20261010/originals/WORK-LAB_UI前端深化任务包_v2.zip,WORK-LAB_UI_深化_v2/inputs/WORK-LAB_本对话最终任务包_20261009.zip ! WORK-LAB_final_20261009/source_packets/research/MANIFEST.json,sha256:4f09aa4ea29ea8e5fe36d36797d98f33455b3ed62504bcf8efe9e3cba70367e2,1008,4f09aa4ea29ea8e5fe36d36797d98f33455b3ed62504bcf8efe9e3cba70367e2,cf9847e9,PRESERVED_IN_COMPLETE_ARCHIVE
WL-REC-0103,WL-REC-0103,docs/history/owner-inputs/record-20261010/originals/WORK-LAB_UI前端深化任务包_v2.zip,WORK-LAB_UI_深化_v2/inputs/WORK-LAB_本对话最终任务包_20261009.zip ! WORK-LAB_final_20261009/source_packets/research/README.md,sha256:daf3e6a689080d2447e551c32b6ca32480b1f25679ad4d0c31a3b88fd7ff2cb9,613,daf3e6a689080d2447e551c32b6ca32480b1f25679ad4d0c31a3b88fd7ff2cb9,5d09c077,PRESERVED_IN_COMPLETE_ARCHIVE
WL-REC-0103,WL-REC-0103,docs/history/owner-inputs/record-20261010/originals/WORK-LAB_UI前端深化任务包_v2.zip,WORK-LAB_UI_深化_v2/inputs/WORK-LAB_本对话最终任务包_20261009.zip ! WORK-LAB_final_20261009/source_packets/research/WORK-LAB_深度调研与收敛报告_20261009.md,sha256:19307cbaeaba84ac1dbce2e3c1eee2993d602c128f155ae7cb3ea202962e617d,32128,19307cbaeaba84ac1dbce2e3c1eee2993d602c128f155ae7cb3ea202962e617d,52b792dd,PRESERVED_IN_COMPLETE_ARCHIVE
WL-REC-0103,WL-REC-0103,docs/history/owner-inputs/record-20261010/originals/WORK-LAB_UI前端深化任务包_v2.zip,WORK-LAB_UI_深化_v2/inputs/WORK-LAB_本对话最终任务包_20261009.zip ! WORK-LAB_final_20261009/source_packets/research/acceptance_cases.md,sha256:acd61b075a9ea272c0e443a961e8834b6d7151b1cb41325e6278c964485e4d4c,5090,acd61b075a9ea272c0e443a961e8834b6d7151b1cb41325e6278c964485e4d4c,6730f139,PRESERVED_IN_COMPLETE_ARCHIVE
WL-REC-0103,WL-REC-0103,docs/history/owner-inputs/record-20261010/originals/WORK-LAB_UI前端深化任务包_v2.zip,WORK-LAB_UI_深化_v2/inputs/WORK-LAB_本对话最终任务包_20261009.zip ! WORK-LAB_final_20261009/source_packets/research/reproduce_usage_quality.py,sha256:efa37f3fbd09e26faf0b1abd1fbbb52cd4b19dcdb2759c11e33968cc0e4e664b,2982,efa37f3fbd09e26faf0b1abd1fbbb52cd4b19dcdb2759c11e33968cc0e4e664b,44828aaf,PRESERVED_IN_COMPLETE_ARCHIVE
WL-REC-0103,WL-REC-0103,docs/history/owner-inputs/record-20261010/originals/WORK-LAB_UI前端深化任务包_v2.zip,WORK-LAB_UI_深化_v2/inputs/WORK-LAB_本对话最终任务包_20261009.zip ! WORK-LAB_final_20261009/source_packets/research/research_sources.json,sha256:bac87ac106d5cfa374569d11d7d381348786ac3c67385a5860fcf8dd2f437eea,9637,bac87ac106d5cfa374569d11d7d381348786ac3c67385a5860fcf8dd2f437eea,d621d706,PRESERVED_IN_COMPLETE_ARCHIVE
WL-REC-0103,WL-REC-0103,docs/history/owner-inputs/record-20261010/originals/WORK-LAB_UI前端深化任务包_v2.zip,WORK-LAB_UI_深化_v2/inputs/WORK-LAB_本对话最终任务包_20261009.zip ! WORK-LAB_final_20261009/source_packets/research/usage_quality_reproduction.json,sha256:6f1230204d4eace7351e294839db2585c76b67aaf13f5ac655c9064f7e1629a8,1359,6f1230204d4eace7351e294839db2585c76b67aaf13f5ac655c9064f7e1629a8,ab0e622e,PRESERVED_IN_COMPLETE_ARCHIVE
WL-REC-0103,WL-REC-0103,docs/history/owner-inputs/record-20261010/originals/WORK-LAB_UI前端深化任务包_v2.zip,WORK-LAB_UI_深化_v2/inputs/WORK-LAB_本对话最终任务包_20261009.zip ! WORK-LAB_final_20261009/verification/collaboration_replay_stdout.json,sha256:5fbf205d95addf4f2d3d46bebf648750e9d19e15f0a78ae2593a2f3a2edd7c8a,251,5fbf205d95addf4f2d3d46bebf648750e9d19e15f0a78ae2593a2f3a2edd7c8a,4f639bca,PRESERVED_IN_COMPLETE_ARCHIVE
WL-REC-0103,WL-REC-0103,docs/history/owner-inputs/record-20261010/originals/WORK-LAB_UI前端深化任务包_v2.zip,WORK-LAB_UI_深化_v2/inputs/WORK-LAB_本对话最终任务包_20261009.zip ! WORK-LAB_final_20261009/verification/frozen_replay/frozen_source/promotion_contract.py,sha256:97fb3567ebaa55bdf5eadd42b2231b96f80dcef3e87829cc536ea5114bea496e,3877,97fb3567ebaa55bdf5eadd42b2231b96f80dcef3e87829cc536ea5114bea496e,fefd1735,PRESERVED_IN_COMPLETE_ARCHIVE
WL-REC-0103,WL-REC-0103,docs/history/owner-inputs/record-20261010/originals/WORK-LAB_UI前端深化任务包_v2.zip,WORK-LAB_UI_深化_v2/inputs/WORK-LAB_本对话最终任务包_20261009.zip ! WORK-LAB_final_20261009/verification/frozen_replay/frozen_source/promotion_gate.py,sha256:75b6e3c2d95376bbcc13cf1743f67c3f9e6b55cfee3575ddee41643267eef423,8085,75b6e3c2d95376bbcc13cf1743f67c3f9e6b55cfee3575ddee41643267eef423,334314d3,PRESERVED_IN_COMPLETE_ARCHIVE
WL-REC-0103,WL-REC-0103,docs/history/owner-inputs/record-20261010/originals/WORK-LAB_UI前端深化任务包_v2.zip,WORK-LAB_UI_深化_v2/inputs/WORK-LAB_本对话最终任务包_20261009.zip ! WORK-LAB_final_20261009/verification/frozen_replay/frozen_source/result_return.py,sha256:6fafc6179bbf85cd60c773e1835dcf9903fc97844eed5d6130508c805634d7db,13881,6fafc6179bbf85cd60c773e1835dcf9903fc97844eed5d6130508c805634d7db,f040c49c,PRESERVED_IN_COMPLETE_ARCHIVE
WL-REC-0103,WL-REC-0103,docs/history/owner-inputs/record-20261010/originals/WORK-LAB_UI前端深化任务包_v2.zip,WORK-LAB_UI_深化_v2/inputs/WORK-LAB_本对话最终任务包_20261009.zip ! WORK-LAB_final_20261009/verification/frozen_replay/run_local_audit.py,sha256:5d84c85bc76922cd3ac5aa1add41cb678bae767296ce2dfe0989086595cf5ac6,12247,5d84c85bc76922cd3ac5aa1add41cb678bae767296ce2dfe0989086595cf5ac6,e25604a5,PRESERVED_IN_COMPLETE_ARCHIVE
WL-REC-0103,WL-REC-0103,docs/history/owner-inputs/record-20261010/originals/WORK-LAB_UI前端深化任务包_v2.zip,WORK-LAB_UI_深化_v2/inputs/WORK-LAB_本对话最终任务包_20261009.zip ! WORK-LAB_final_20261009/verification/frozen_replay/runs/20261009T094413Z-29fe0030/S1-empty-artifact.json,sha256:e3b0c44298fc1c149afbf4c8996fb92427ae41e4649b934ca495991b7852b855,0,e3b0c44298fc1c149afbf4c8996fb92427ae41e4649b934ca495991b7852b855,00000000,PRESERVED_IN_COMPLETE_ARCHIVE
WL-REC-0103,WL-REC-0103,docs/history/owner-inputs/record-20261010/originals/WORK-LAB_UI前端深化任务包_v2.zip,WORK-LAB_UI_深化_v2/inputs/WORK-LAB_本对话最终任务包_20261009.zip ! WORK-LAB_final_20261009/verification/frozen_replay/runs/20261009T094413Z-29fe0030/S2-wrong-content.json,sha256:0b6a1afa611dcee62fd01d02da64c6bc21492a7b8698232025d07552294effcd,23,0b6a1afa611dcee62fd01d02da64c6bc21492a7b8698232025d07552294effcd,0e98c74c,PRESERVED_IN_COMPLETE_ARCHIVE
WL-REC-0103,WL-REC-0103,docs/history/owner-inputs/record-20261010/originals/WORK-LAB_UI前端深化任务包_v2.zip,WORK-LAB_UI_深化_v2/inputs/WORK-LAB_本对话最终任务包_20261009.zip ! WORK-LAB_final_20261009/verification/frozen_replay/runs/20261009T094413Z-29fe0030/S3-correct-content.json,sha256:0bea498d7162fc211d4a6466fd13aba4ed83e287df7f5f785b441fe73b050a05,23,0bea498d7162fc211d4a6466fd13aba4ed83e287df7f5f785b441fe73b050a05,25b5948f,PRESERVED_IN_COMPLETE_ARCHIVE
WL-REC-0103,WL-REC-0103,docs/history/owner-inputs/record-20261010/originals/WORK-LAB_UI前端深化任务包_v2.zip,WORK-LAB_UI_深化_v2/inputs/WORK-LAB_本对话最终任务包_20261009.zip ! WORK-LAB_final_20261009/verification/frozen_replay/runs/20261009T094413Z-29fe0030/audit-results.json,sha256:aad5b0de8dfe9938e387cef0e7905904217e8bf03865eff27645bb4397af9afe,10467,aad5b0de8dfe9938e387cef0e7905904217e8bf03865eff27645bb4397af9afe,3063e152,PRESERVED_IN_COMPLETE_ARCHIVE
WL-REC-0103,WL-REC-0103,docs/history/owner-inputs/record-20261010/originals/WORK-LAB_UI前端深化任务包_v2.zip,WORK-LAB_UI_深化_v2/inputs/WORK-LAB_本对话最终任务包_20261009.zip ! WORK-LAB_final_20261009/verification/package_validation.json,sha256:ebb75247c9ae5035abee1427068cd178912baa6e5e73cfe2bed685341064a416,1273,ebb75247c9ae5035abee1427068cd178912baa6e5e73cfe2bed685341064a416,53fb516d,PRESERVED_IN_COMPLETE_ARCHIVE
WL-REC-0103,WL-REC-0103,docs/history/owner-inputs/record-20261010/originals/WORK-LAB_UI前端深化任务包_v2.zip,WORK-LAB_UI_深化_v2/inputs/WORK-LAB_本对话最终任务包_20261009.zip ! WORK-LAB_final_20261009/verification/replay_commands.json,sha256:2608b1ab8fca2fc76a8df3c8f88212a846eab4f8c80fc6c5619c923953beda36,1028,2608b1ab8fca2fc76a8df3c8f88212a846eab4f8c80fc6c5619c923953beda36,e4d614da,PRESERVED_IN_COMPLETE_ARCHIVE
WL-REC-0103,WL-REC-0103,docs/history/owner-inputs/record-20261010/originals/WORK-LAB_UI前端深化任务包_v2.zip,WORK-LAB_UI_深化_v2/inputs/WORK-LAB_本对话最终任务包_20261009.zip ! WORK-LAB_final_20261009/verification/usage_quality_replay.json,sha256:6f1230204d4eace7351e294839db2585c76b67aaf13f5ac655c9064f7e1629a8,1359,6f1230204d4eace7351e294839db2585c76b67aaf13f5ac655c9064f7e1629a8,ab0e622e,PRESERVED_IN_COMPLETE_ARCHIVE
WL-REC-0103,WL-REC-0103,docs/history/owner-inputs/record-20261010/originals/WORK-LAB_UI前端深化任务包_v2.zip,WORK-LAB_UI_深化_v2/inputs/frontend_route_mapping.proposed.csv,sha256:8c6f92995ec324d89769b577d4ceb6ab9535cb665aae292b8331c97539f18658,2245,8c6f92995ec324d89769b577d4ceb6ab9535cb665aae292b8331c97539f18658,8719866e,PRESERVED_IN_COMPLETE_ARCHIVE
WL-REC-0103,WL-REC-0103,docs/history/owner-inputs/record-20261010/originals/WORK-LAB_UI前端深化任务包_v2.zip,WORK-LAB_UI_深化_v2/inputs/ui_v1_docs/01_页面与交互清单.md,sha256:6b8ce83afe6e6229234c5c3da1f041524ddd37bb3203ea4babb3cfec578c572a,5030,6b8ce83afe6e6229234c5c3da1f041524ddd37bb3203ea4babb3cfec578c572a,045220ec,PRESERVED_IN_COMPLETE_ARCHIVE
WL-REC-0103,WL-REC-0103,docs/history/owner-inputs/record-20261010/originals/WORK-LAB_UI前端深化任务包_v2.zip,WORK-LAB_UI_深化_v2/inputs/ui_v1_docs/02_视觉与组件规范.md,sha256:01151aa20d38b4b3f24aed36b0c5b16be1fc5ca6d2b7dc85dce3871ea9327679,3934,01151aa20d38b4b3f24aed36b0c5b16be1fc5ca6d2b7dc85dce3871ea9327679,3853cc00,PRESERVED_IN_COMPLETE_ARCHIVE
WL-REC-0103,WL-REC-0103,docs/history/owner-inputs/record-20261010/originals/WORK-LAB_UI前端深化任务包_v2.zip,WORK-LAB_UI_深化_v2/inputs/ui_v1_docs/03_数据与状态合同.md,sha256:a898d2b0a626872323911c33e3dd3c503575a9f190bbadf5c95bf579c6e249cb,3941,a898d2b0a626872323911c33e3dd3c503575a9f190bbadf5c95bf579c6e249cb,050015c6,PRESERVED_IN_COMPLETE_ARCHIVE
WL-REC-0103,WL-REC-0103,docs/history/owner-inputs/record-20261010/originals/WORK-LAB_UI前端深化任务包_v2.zip,WORK-LAB_UI_深化_v2/inputs/ui_v1_docs/04_素材切片与部署.md,sha256:173af166358508d714924188ea24c443f54d9783739d99ce09d3c6aef38bab21,3010,173af166358508d714924188ea24c443f54d9783739d99ce09d3c6aef38bab21,506ead82,PRESERVED_IN_COMPLETE_ARCHIVE
WL-REC-0103,WL-REC-0103,docs/history/owner-inputs/record-20261010/originals/WORK-LAB_UI前端深化任务包_v2.zip,WORK-LAB_UI_深化_v2/inputs/ui_v1_docs/05_验收与交付.md,sha256:acb6ed2d3c4f0fa3f225f8c0e311a938224dc11cf1dc1120f427c2056cb327cb,5411,acb6ed2d3c4f0fa3f225f8c0e311a938224dc11cf1dc1120f427c2056cb327cb,a7d86ea0,PRESERVED_IN_COMPLETE_ARCHIVE
WL-REC-0103,WL-REC-0103,docs/history/owner-inputs/record-20261010/originals/WORK-LAB_UI前端深化任务包_v2.zip,WORK-LAB_UI_深化_v2/inputs/ui_v1_docs/06_路由权威与历史迁移.md,sha256:600aae722e46eb8befad4ddbd676cb3de6b841fb1cac53f8d51a9db43cea5828,3043,600aae722e46eb8befad4ddbd676cb3de6b841fb1cac53f8d51a9db43cea5828,a9691d79,PRESERVED_IN_COMPLETE_ARCHIVE
WL-REC-0103,WL-REC-0103,docs/history/owner-inputs/record-20261010/originals/WORK-LAB_UI前端深化任务包_v2.zip,WORK-LAB_UI_深化_v2/inputs/ui_v1_docs/07_素材生成与补齐提示词.md,sha256:b096caba3043a8cbde69c75091cf3222a418e190d9f46e7892b062ce0421112c,1974,b096caba3043a8cbde69c75091cf3222a418e190d9f46e7892b062ce0421112c,ac49ca4c,PRESERVED_IN_COMPLETE_ARCHIVE
WL-REC-0103,WL-REC-0103,docs/history/owner-inputs/record-20261010/originals/WORK-LAB_UI前端深化任务包_v2.zip,WORK-LAB_UI_深化_v2/prototype/app.js,sha256:62ddade643c68cd52e89d177ed8c096d889d82a14572d3b6b59e84b9a51b492b,30228,62ddade643c68cd52e89d177ed8c096d889d82a14572d3b6b59e84b9a51b492b,a1d9b38d,PRESERVED_IN_COMPLETE_ARCHIVE
WL-REC-0103,WL-REC-0103,docs/history/owner-inputs/record-20261010/originals/WORK-LAB_UI前端深化任务包_v2.zip,WORK-LAB_UI_深化_v2/prototype/index.html,sha256:398ea6fce17a28f4850e34f4b923b43cadfeb892f1e1caae130bdc9fc1c6dc81,43567,398ea6fce17a28f4850e34f4b923b43cadfeb892f1e1caae130bdc9fc1c6dc81,6ebad33d,PRESERVED_IN_COMPLETE_ARCHIVE
WL-REC-0103,WL-REC-0103,docs/history/owner-inputs/record-20261010/originals/WORK-LAB_UI前端深化任务包_v2.zip,WORK-LAB_UI_深化_v2/prototype/layout.html,sha256:f49655606e42831beeb5b1cc84449c26c13016accf899188349793cbc024e0da,8282,f49655606e42831beeb5b1cc84449c26c13016accf899188349793cbc024e0da,96d021cb,PRESERVED_IN_COMPLETE_ARCHIVE
WL-REC-0103,WL-REC-0103,docs/history/owner-inputs/record-20261010/originals/WORK-LAB_UI前端深化任务包_v2.zip,WORK-LAB_UI_深化_v2/prototype/model.js,sha256:5a7c735804ee30966225a5c51be4ed34fa4298b21932fa8134352f36e55283a2,5073,5a7c735804ee30966225a5c51be4ed34fa4298b21932fa8134352f36e55283a2,d8227bb6,PRESERVED_IN_COMPLETE_ARCHIVE
WL-REC-0103,WL-REC-0103,docs/history/owner-inputs/record-20261010/originals/WORK-LAB_UI前端深化任务包_v2.zip,WORK-LAB_UI_深化_v2/tools/build_refinement.py,sha256:fa976ea28bead79cec239c1436f6259bcba5e2d3d7152c6dd2ca43eb0ec26be8,16759,fa976ea28bead79cec239c1436f6259bcba5e2d3d7152c6dd2ca43eb0ec26be8,6b4e6ec6,PRESERVED_IN_COMPLETE_ARCHIVE
WL-REC-0103,WL-REC-0103,docs/history/owner-inputs/record-20261010/originals/WORK-LAB_UI前端深化任务包_v2.zip,WORK-LAB_UI_深化_v2/tools/package_refinement.py,sha256:2a20cf50809060820c441bcf0c8f1a7d1b1ecf8cb9176c9d26e2fe18986d281e,1357,2a20cf50809060820c441bcf0c8f1a7d1b1ecf8cb9176c9d26e2fe18986d281e,9bbb1fd4,PRESERVED_IN_COMPLETE_ARCHIVE
WL-REC-0103,WL-REC-0103,docs/history/owner-inputs/record-20261010/originals/WORK-LAB_UI前端深化任务包_v2.zip,WORK-LAB_UI_深化_v2/tools/render_base.py,sha256:6f0042e9022413159a602612d666cf6f75b3f0e71309ed51f2de8220bbf9b8b8,50843,6f0042e9022413159a602612d666cf6f75b3f0e71309ed51f2de8220bbf9b8b8,0a9d9c3e,PRESERVED_IN_COMPLETE_ARCHIVE
WL-REC-0103,WL-REC-0103,docs/history/owner-inputs/record-20261010/originals/WORK-LAB_UI前端深化任务包_v2.zip,WORK-LAB_UI_深化_v2/tools/test_model.cjs,sha256:06b19b0c6f2352d3ecc8e22e237731bab2881ef2f40f54da61800786a4f6c8d5,3332,06b19b0c6f2352d3ecc8e22e237731bab2881ef2f40f54da61800786a4f6c8d5,5a9cb112,PRESERVED_IN_COMPLETE_ARCHIVE
WL-REC-0103,WL-REC-0103,docs/history/owner-inputs/record-20261010/originals/WORK-LAB_UI前端深化任务包_v2.zip,WORK-LAB_UI_深化_v2/tools/validate_refinement.py,sha256:cd4bfbdcbe54662727c90a21d0d6cb3fc82f557760989f768fa7042c1a378e81,5327,cd4bfbdcbe54662727c90a21d0d6cb3fc82f557760989f768fa7042c1a378e81,275867f2,PRESERVED_IN_COMPLETE_ARCHIVE
WL-REC-0103,WL-REC-0103,docs/history/owner-inputs/record-20261010/originals/WORK-LAB_UI前端深化任务包_v2.zip,WORK-LAB_UI_深化_v2/tools/write_checklists.py,sha256:4798750dd2ec7f79010ad23b6ce29983067048b178894a2242eaef90ede1c759,15596,4798750dd2ec7f79010ad23b6ce29983067048b178894a2242eaef90ede1c759,9e90e1bd,PRESERVED_IN_COMPLETE_ARCHIVE
WL-REC-0103,WL-REC-0103,docs/history/owner-inputs/record-20261010/originals/WORK-LAB_UI前端深化任务包_v2.zip,WORK-LAB_UI_深化_v2/verification/model_tests.txt,sha256:4e2679d03d4c224ee439e515b3dac0d771e6e1b451736ea39958e6015cca81c6,673,4e2679d03d4c224ee439e515b3dac0d771e6e1b451736ea39958e6015cca81c6,b413723f,PRESERVED_IN_COMPLETE_ARCHIVE
WL-REC-0103,WL-REC-0103,docs/history/owner-inputs/record-20261010/originals/WORK-LAB_UI前端深化任务包_v2.zip,WORK-LAB_UI_深化_v2/verification/text_bounds.json,sha256:8d0128f9c372d6caf2719649a483e1dc70761a12dc451abe9e6e169c9063109d,37,8d0128f9c372d6caf2719649a483e1dc70761a12dc451abe9e6e169c9063109d,505fd7f0,PRESERVED_IN_COMPLETE_ARCHIVE
WL-REC-0103,WL-REC-0103,docs/history/owner-inputs/record-20261010/originals/WORK-LAB_UI前端深化任务包_v2.zip,WORK-LAB_UI_深化_v2/verification/validation.json,sha256:edb044d1f036e3aa96361e662670ccef765aef97e200ef17603e9c1bbb79d7c7,11716,edb044d1f036e3aa96361e662670ccef765aef97e200ef17603e9c1bbb79d7c7,3a4f29f1,PRESERVED_IN_COMPLETE_ARCHIVE
WL-REC-0103,WL-REC-0103,docs/history/owner-inputs/record-20261010/originals/WORK-LAB_UI前端深化任务包_v2.zip,WORK-LAB_UI_深化_v2/MANIFEST.json,sha256:6714ba378857573dd319344dfa1a9f8b7461b03261f7e2423a5b519ae153403a,28036,6714ba378857573dd319344dfa1a9f8b7461b03261f7e2423a5b519ae153403a,70b6ef3e,PRESERVED_IN_COMPLETE_ARCHIVE
